#Text=Arch Med Res.
1	1	0	4	Arch
1	2	5	8	Med
1	3	9	12	Res
1	4	13	14	.
#Text=2006 May;37(4):495-501.
2	1	15	19	2006
2	2	20	23	May
2	3	24	25	;
2	4	26	28	37
2	5	29	30	(
2	6	31	32	4
2	7	33	34	)
2	8	35	36	:
2	9	37	40	495
2	10	41	42	-
2	11	43	46	501
2	12	47	48	.
#Text=Therapy in type 2 diabetes: insulin glargine vs. NPH insulin both in combination  with glimepiride.
3	1	49	56	Therapy
3	2	57	59	in
3	3	60	64	type
3	4	65	66	2
3	5	67	75	diabetes
3	6	76	77	:
3	7	78	85	insulin
3	8	86	94	glargine
3	9	95	97	vs
3	10	98	99	.
3	11	100	103	NPH
3	12	104	111	insulin
3	13	112	116	both
3	14	117	119	in
3	15	120	131	combination
3	16	132	136	with
3	17	137	148	glimepiride
3	18	149	150	.
#Text=Eliaschewitz FG(1), Calvo C, Valbuena H, Ruiz M, Aschner P, Villena J, Ramirez LA, Jimenez J; HOE 901/4013 LA Study Group.
4	1	151	163	Eliaschewitz
4	2	164	166	FG
4	3	167	168	(
4	4	169	170	1
4	5	171	172	)
4	6	173	174	,
4	7	175	180	Calvo
4	8	181	182	C
4	9	183	184	,
4	10	185	193	Valbuena
4	11	194	195	H
4	12	196	197	,
4	13	198	202	Ruiz
4	14	203	204	M
4	15	205	206	,
4	16	207	214	Aschner
4	17	215	216	P
4	18	217	218	,
4	19	219	226	Villena
4	20	227	228	J
4	21	229	230	,
4	22	231	238	Ramirez
4	23	239	241	LA
4	24	242	243	,
4	25	244	251	Jimenez
4	26	252	253	J
4	27	254	255	;
4	28	256	259	HOE
4	29	260	263	901
4	30	264	265	/
4	31	266	270	4013
4	32	271	273	LA
4	33	274	279	Study
4	34	280	285	Group
4	35	286	287	.
#Text=Author information:  (1)Hospital Heliópolis, São Paulo, Brazil.
5	1	288	294	Author
5	2	295	306	information
5	3	307	308	:
5	4	309	310	(
5	5	311	312	1
5	6	313	314	)
5	7	315	323	Hospital
5	8	324	328	Heli
5	9	329	330	ó
5	10	331	336	polis
5	11	337	338	,
5	12	339	340	S
5	13	341	342	ã
5	14	343	344	o
5	15	345	350	Paulo
5	16	351	352	,
5	17	353	359	Brazil
5	18	360	361	.
#Text=freddy.g@uol.com.br  BACKGROUND: Type 2 diabetes (T2DM) patients often fail to achieve adequate glycemic control with oral antidiabetic drugs (OADs).
6	1	362	368	freddy
6	2	369	370	.
6	3	371	372	g
6	4	373	374	@
6	5	375	378	uol
6	6	379	380	.
6	7	381	384	com
6	8	385	386	.
6	9	387	389	br
6	10	390	400	BACKGROUND
6	11	401	402	:
6	12	403	407	Type
6	13	408	409	2
6	14	410	418	diabetes
6	15	419	420	(
6	16	421	425	T2DM
6	17	426	427	)
6	18	428	436	patients
6	19	437	442	often
6	20	443	447	fail
6	21	448	450	to
6	22	451	458	achieve
6	23	459	467	adequate
6	24	468	476	glycemic
6	25	477	484	control
6	26	485	489	with
6	27	490	494	oral
6	28	495	507	antidiabetic
6	29	508	513	drugs
6	30	514	515	(
6	31	516	520	OADs
6	32	521	522	)
6	33	523	524	.
#Text=Insulin has been shown to improve glycemic control in these patients but with increased risk of hypoglycemia.
7	1	525	532	Insulin
7	2	533	536	has
7	3	537	541	been
7	4	542	547	shown
7	5	548	550	to
7	6	551	558	improve
7	7	559	567	glycemic
7	8	568	575	control
7	9	576	578	in
7	10	579	584	these
7	11	585	593	patients
7	12	594	597	but
7	13	598	602	with
7	14	603	612	increased
7	15	613	617	risk
7	16	618	620	of
7	17	621	633	hypoglycemia
7	18	634	635	.
#Text=This study compared the efficacy and safety of insulin glargine and NPH insulin, both in combination with a once-daily fixed dose of glimepiride, in  terms of glycemic control and incidence of hypoglycemia.
8	1	636	640	This
8	2	641	646	study
8	3	647	655	compared
8	4	656	659	the
8	5	660	668	efficacy
8	6	669	672	and
8	7	673	679	safety
8	8	680	682	of
8	9	683	690	insulin
8	10	691	699	glargine
8	11	700	703	and
8	12	704	707	NPH
8	13	708	715	insulin
8	14	716	717	,
8	15	718	722	both
8	16	723	725	in
8	17	726	737	combination
8	18	738	742	with
8	19	743	744	a
8	20	745	749	once
8	21	750	751	-
8	22	752	757	daily
8	23	758	763	fixed
8	24	764	768	dose
8	25	769	771	of
8	26	772	783	glimepiride
8	27	784	785	,
8	28	786	788	in
8	29	789	794	terms
8	30	795	797	of
8	31	798	806	glycemic
8	32	807	814	control
8	33	815	818	and
8	34	819	828	incidence
8	35	829	831	of
8	36	832	844	hypoglycemia
8	37	845	846	.
#Text=METHODS: In this open-label, 24-week randomized trial in ten Latin American countries, T2DM patients poorly controlled on OADs (HbA1c > or = 7.5 and < or = 10.5%) received glimepiride plus insulin glargine (n = 231) or NPH insulin (n = 250) using a forced titration algorithm.
9	1	847	854	METHODS
9	2	855	856	:
9	3	857	859	In
9	4	860	864	this
9	5	865	869	open
9	6	870	871	-
9	7	872	877	label
9	8	878	879	,
9	9	880	882	24
9	10	883	884	-
9	11	885	889	week
9	12	890	900	randomized
9	13	901	906	trial
9	14	907	909	in
9	15	910	913	ten
9	16	914	919	Latin
9	17	920	928	American
9	18	929	938	countries
9	19	939	940	,
9	20	941	945	T2DM
9	21	946	954	patients
9	22	955	961	poorly
9	23	962	972	controlled
9	24	973	975	on
9	25	976	980	OADs
9	26	981	982	(
9	27	983	988	HbA1c
9	28	989	990	>
9	29	991	993	or
9	30	994	995	=
9	31	996	997	7
9	32	998	999	.
9	33	1000	1001	5
9	34	1002	1005	and
9	35	1006	1007	<
9	36	1008	1010	or
9	37	1011	1012	=
9	38	1013	1015	10
9	39	1016	1017	.
9	40	1018	1019	5
9	41	1020	1021	%
9	42	1022	1023	)
9	43	1024	1032	received
9	44	1033	1044	glimepiride
9	45	1045	1049	plus
9	46	1050	1057	insulin
9	47	1058	1066	glargine
9	48	1067	1068	(
9	49	1069	1070	n
9	50	1071	1072	=
9	51	1073	1076	231
9	52	1077	1078	)
9	53	1079	1081	or
9	54	1082	1085	NPH
9	55	1086	1093	insulin
9	56	1094	1095	(
9	57	1096	1097	n
9	58	1098	1099	=
9	59	1100	1103	250
9	60	1104	1105	)
9	61	1106	1111	using
9	62	1112	1113	a
9	63	1114	1120	forced
9	64	1121	1130	titration
9	65	1131	1140	algorithm
9	66	1141	1142	.
#Text=The primary endpoint was the equivalence of 24-week mean changes in HbA1c.
10	1	1143	1146	The
10	2	1147	1154	primary
10	3	1155	1163	endpoint
10	4	1164	1167	was
10	5	1168	1171	the
10	6	1172	1183	equivalence
10	7	1184	1186	of
10	8	1187	1189	24
10	9	1190	1191	-
10	10	1192	1196	week
10	11	1197	1201	mean
10	12	1202	1209	changes
10	13	1210	1212	in
10	14	1213	1218	HbA1c
10	15	1219	1220	.
#Text=RESULTS: Insulin glargine and NPH insulin achieved similar HbA1c reductions (adjusted mean difference -0.047; 90% CI -0.232, 0.138; per-protocol analysis).
11	1	1221	1228	RESULTS
11	2	1229	1230	:
11	3	1231	1238	Insulin
11	4	1239	1247	glargine
11	5	1248	1251	and
11	6	1252	1255	NPH
11	7	1256	1263	insulin
11	8	1264	1272	achieved
11	9	1273	1280	similar
11	10	1281	1286	HbA1c
11	11	1287	1297	reductions
11	12	1298	1299	(
11	13	1300	1308	adjusted
11	14	1309	1313	mean
11	15	1314	1324	difference
11	16	1325	1326	-
11	17	1327	1328	0
11	18	1329	1330	.
11	19	1331	1334	047
11	20	1335	1336	;
11	21	1337	1339	90
11	22	1340	1341	%
11	23	1342	1344	CI
11	24	1345	1346	-
11	25	1347	1348	0
11	26	1349	1350	.
11	27	1351	1354	232
11	28	1355	1356	,
11	29	1357	1358	0
11	30	1359	1360	.
11	31	1361	1364	138
11	32	1365	1366	;
11	33	1367	1370	per
11	34	1371	1372	-
11	35	1373	1381	protocol
11	36	1382	1390	analysis
11	37	1391	1392	)
11	38	1393	1394	.
#Text=Confirmed nocturnal hypoglycemia was significantly lower with insulin glargine vs. NPH insulin (16.9 vs. 30.0%; p <0.01; safety analysis).
12	1	1395	1404	Confirmed
12	2	1405	1414	nocturnal
12	3	1415	1427	hypoglycemia
12	4	1428	1431	was
12	5	1432	1445	significantly
12	6	1446	1451	lower
12	7	1452	1456	with
12	8	1457	1464	insulin
12	9	1465	1473	glargine
12	10	1474	1476	vs
12	11	1477	1478	.
12	12	1479	1482	NPH
12	13	1483	1490	insulin
12	14	1491	1492	(
12	15	1493	1495	16
12	16	1496	1497	.
12	17	1498	1499	9
12	18	1500	1502	vs
12	19	1503	1504	.
12	20	1505	1507	30
12	21	1508	1509	.
12	22	1510	1511	0
12	23	1512	1513	%
12	24	1514	1515	;
12	25	1516	1517	p
12	26	1518	1519	<
12	27	1520	1521	0
12	28	1522	1523	.
12	29	1524	1526	01
12	30	1527	1528	;
12	31	1529	1535	safety
12	32	1536	1544	analysis
12	33	1545	1546	)
12	34	1547	1548	.
#Text=Patients receiving insulin glargine were significantly more likely to achieve HbA1c levels < 7.0% without hypoglycemia (27 vs. 17%; p = 0.014; per-protocol analysis).
13	1	1549	1557	Patients
13	2	1558	1567	receiving
13	3	1568	1575	insulin
13	4	1576	1584	glargine
13	5	1585	1589	were
13	6	1590	1603	significantly
13	7	1604	1608	more
13	8	1609	1615	likely
13	9	1616	1618	to
13	10	1619	1626	achieve
13	11	1627	1632	HbA1c
13	12	1633	1639	levels
13	13	1640	1641	<
13	14	1642	1643	7
13	15	1644	1645	.
13	16	1646	1647	0
13	17	1648	1649	%
13	18	1650	1657	without
13	19	1658	1670	hypoglycemia
13	20	1671	1672	(
13	21	1673	1675	27
13	22	1676	1678	vs
13	23	1679	1680	.
13	24	1681	1683	17
13	25	1684	1685	%
13	26	1686	1687	;
13	27	1688	1689	p
13	28	1690	1691	=
13	29	1692	1693	0
13	30	1694	1695	.
13	31	1696	1699	014
13	32	1700	1701	;
13	33	1702	1705	per
13	34	1706	1707	-
13	35	1708	1716	protocol
13	36	1717	1725	analysis
13	37	1726	1727	)
13	38	1728	1729	.
#Text=There was a  more pronounced treatment satisfaction improvement with insulin glargine vs. NPH  insulin (p <0.02; full analysis).
14	1	1730	1735	There
14	2	1736	1739	was
14	3	1740	1741	a
14	4	1742	1746	more
14	5	1747	1757	pronounced
14	6	1758	1767	treatment
14	7	1768	1780	satisfaction
14	8	1781	1792	improvement
14	9	1793	1797	with
14	10	1798	1805	insulin
14	11	1806	1814	glargine
14	12	1815	1817	vs
14	13	1818	1819	.
14	14	1820	1823	NPH
14	15	1824	1831	insulin
14	16	1832	1833	(
14	17	1834	1835	p
14	18	1836	1837	<
14	19	1838	1839	0
14	20	1840	1841	.
14	21	1842	1844	02
14	22	1845	1846	;
14	23	1847	1851	full
14	24	1852	1860	analysis
14	25	1861	1862	)
14	26	1863	1864	.
#Text=The proportion of patients who lost time from work or normal activities due to diabetes was lower with insulin glargine vs. NPH (1.8 vs. 3.3%; full analysis).
15	1	1865	1868	The
15	2	1869	1879	proportion
15	3	1880	1882	of
15	4	1883	1891	patients
15	5	1892	1895	who
15	6	1896	1900	lost
15	7	1901	1905	time
15	8	1906	1910	from
15	9	1911	1915	work
15	10	1916	1918	or
15	11	1919	1925	normal
15	12	1926	1936	activities
15	13	1937	1940	due
15	14	1941	1943	to
15	15	1944	1952	diabetes
15	16	1953	1956	was
15	17	1957	1962	lower
15	18	1963	1967	with
15	19	1968	1975	insulin
15	20	1976	1984	glargine
15	21	1985	1987	vs
15	22	1988	1989	.
15	23	1990	1993	NPH
15	24	1994	1995	(
15	25	1996	1997	1
15	26	1998	1999	.
15	27	2000	2001	8
15	28	2002	2004	vs
15	29	2005	2006	.
15	30	2007	2008	3
15	31	2009	2010	.
15	32	2011	2012	3
15	33	2013	2014	%
15	34	2015	2016	;
15	35	2017	2021	full
15	36	2022	2030	analysis
15	37	2031	2032	)
15	38	2033	2034	.
#Text=CONCLUSIONS: In patients with T2DM, inadequately controlled on OADs, once-daily insulin glargine plus glimepiride is effective in improving metabolic control with a reduced incidence of nocturnal hypoglycemia compared with NPH insulin.
16	1	2035	2046	CONCLUSIONS
16	2	2047	2048	:
16	3	2049	2051	In
16	4	2052	2060	patients
16	5	2061	2065	with
16	6	2066	2070	T2DM
16	7	2071	2072	,
16	8	2073	2085	inadequately
16	9	2086	2096	controlled
16	10	2097	2099	on
16	11	2100	2104	OADs
16	12	2105	2106	,
16	13	2107	2111	once
16	14	2112	2113	-
16	15	2114	2119	daily
16	16	2120	2127	insulin
16	17	2128	2136	glargine
16	18	2137	2141	plus
16	19	2142	2153	glimepiride
16	20	2154	2156	is
16	21	2157	2166	effective
16	22	2167	2169	in
16	23	2170	2179	improving
16	24	2180	2189	metabolic
16	25	2190	2197	control
16	26	2198	2202	with
16	27	2203	2204	a
16	28	2205	2212	reduced
16	29	2213	2222	incidence
16	30	2223	2225	of
16	31	2226	2235	nocturnal
16	32	2236	2248	hypoglycemia
16	33	2249	2257	compared
16	34	2258	2262	with
16	35	2263	2266	NPH
16	36	2267	2274	insulin
16	37	2275	2276	.
#Text=PMID: 16715577  [Indexed for MEDLINE]
17	1	2277	2281	PMID
17	2	2282	2283	:
17	3	2284	2292	16715577
17	4	2293	2294	[
17	5	2295	2302	Indexed
17	6	2303	2306	for
17	7	2307	2314	MEDLINE
17	8	2315	2316	]
