#Text=Obesity (Silver Spring).
1	1	0	7	Obesity
1	2	8	9	(
1	3	10	16	Silver
1	4	17	23	Spring
1	5	24	25	)
1	6	26	27	.
#Text=2013 Feb;21(2):238-47. doi: 10.1002/oby.20042.
2	1	28	32	2013
2	2	33	36	Feb
2	3	37	38	;
2	4	39	41	21
2	5	42	43	(
2	6	44	45	2
2	7	46	47	)
2	8	48	49	:
2	9	50	53	238
2	10	54	55	-
2	11	56	58	47
2	12	59	60	.
2	13	61	64	doi
2	14	65	66	:
2	15	67	69	10
2	16	70	71	.
2	17	72	76	1002
2	18	77	78	/
2	19	79	82	oby
2	20	83	84	.
2	21	85	90	20042
2	22	91	92	.
#Text=Effects of taspoglutide on glycemic control and body weight in obese patients with type 2 diabetes (T-emerge 7 study).
3	1	93	100	Effects
3	2	101	103	of
3	3	104	116	taspoglutide
3	4	117	119	on
3	5	120	128	glycemic
3	6	129	136	control
3	7	137	140	and
3	8	141	145	body
3	9	146	152	weight
3	10	153	155	in
3	11	156	161	obese
3	12	162	170	patients
3	13	171	175	with
3	14	176	180	type
3	15	181	182	2
3	16	183	191	diabetes
3	17	192	193	(
3	18	194	195	T
3	19	196	197	-
3	20	198	204	emerge
3	21	205	206	7
3	22	207	212	study
3	23	213	214	)
3	24	215	216	.
#Text=Hollander P(1), Lasko B, Barnett AH, Bengus M, Kanitra L, Pi-Sunyer FX, Balena R.  Author information:  (1)Endocrinology Center, Baylor Medical Center, Dallas, Texas, USA.
4	1	217	226	Hollander
4	2	227	228	P
4	3	229	230	(
4	4	231	232	1
4	5	233	234	)
4	6	235	236	,
4	7	237	242	Lasko
4	8	243	244	B
4	9	245	246	,
4	10	247	254	Barnett
4	11	255	257	AH
4	12	258	259	,
4	13	260	266	Bengus
4	14	267	268	M
4	15	269	270	,
4	16	271	278	Kanitra
4	17	279	280	L
4	18	281	282	,
4	19	283	285	Pi
4	20	286	287	-
4	21	288	294	Sunyer
4	22	295	297	FX
4	23	298	299	,
4	24	300	306	Balena
4	25	307	308	R
4	26	309	310	.
4	27	311	317	Author
4	28	318	329	information
4	29	330	331	:
4	30	332	333	(
4	31	334	335	1
4	32	336	337	)
4	33	338	351	Endocrinology
4	34	352	358	Center
4	35	359	360	,
4	36	361	367	Baylor
4	37	368	375	Medical
4	38	376	382	Center
4	39	383	384	,
4	40	385	391	Dallas
4	41	392	393	,
4	42	394	399	Texas
4	43	400	401	,
4	44	402	405	USA
4	45	406	407	.
#Text=priscilh@BaylorHealth.edu  OBJECTIVE: Therapies that lower blood glucose and provide weight loss may provide meaningful benefits for obese patients with type 2 diabetes mellitus (T2DM).
5	1	408	416	priscilh
5	2	417	418	@
5	3	419	431	BaylorHealth
5	4	432	433	.
5	5	434	437	edu
5	6	438	447	OBJECTIVE
5	7	448	449	:
5	8	450	459	Therapies
5	9	460	464	that
5	10	465	470	lower
5	11	471	476	blood
5	12	477	484	glucose
5	13	485	488	and
5	14	489	496	provide
5	15	497	503	weight
5	16	504	508	loss
5	17	509	512	may
5	18	513	520	provide
5	19	521	531	meaningful
5	20	532	540	benefits
5	21	541	544	for
5	22	545	550	obese
5	23	551	559	patients
5	24	560	564	with
5	25	565	569	type
5	26	570	571	2
5	27	572	580	diabetes
5	28	581	589	mellitus
5	29	590	591	(
5	30	592	596	T2DM
5	31	597	598	)
5	32	599	600	.
#Text=This study assessed the efficacy of taspoglutide compared with placebo on glycemic control and weight in obese patients with T2DM inadequately controlled with metformin monotherapy.
6	1	601	605	This
6	2	606	611	study
6	3	612	620	assessed
6	4	621	624	the
6	5	625	633	efficacy
6	6	634	636	of
6	7	637	649	taspoglutide
6	8	650	658	compared
6	9	659	663	with
6	10	664	671	placebo
6	11	672	674	on
6	12	675	683	glycemic
6	13	684	691	control
6	14	692	695	and
6	15	696	702	weight
6	16	703	705	in
6	17	706	711	obese
6	18	712	720	patients
6	19	721	725	with
6	20	726	730	T2DM
6	21	731	743	inadequately
6	22	744	754	controlled
6	23	755	759	with
6	24	760	769	metformin
6	25	770	781	monotherapy
6	26	782	783	.
#Text=DESIGN AND METHODS: In a 24-week, randomized, double-blind, placebo-controlled, multicenter trial, obese adults with T2DM were randomized (1:1) to weekly subcutaneous taspoglutide 20 mg (10 mg for first 4 weeks) (n = 154) or placebo (n = 151) for 24 weeks.
7	1	784	790	DESIGN
7	2	791	794	AND
7	3	795	802	METHODS
7	4	803	804	:
7	5	805	807	In
7	6	808	809	a
7	7	810	812	24
7	8	813	814	-
7	9	815	819	week
7	10	820	821	,
7	11	822	832	randomized
7	12	833	834	,
7	13	835	841	double
7	14	842	843	-
7	15	844	849	blind
7	16	850	851	,
7	17	852	859	placebo
7	18	860	861	-
7	19	862	872	controlled
7	20	873	874	,
7	21	875	886	multicenter
7	22	887	892	trial
7	23	893	894	,
7	24	895	900	obese
7	25	901	907	adults
7	26	908	912	with
7	27	913	917	T2DM
7	28	918	922	were
7	29	923	933	randomized
7	30	934	935	(
7	31	936	937	1
7	32	938	939	:
7	33	940	941	1
7	34	942	943	)
7	35	944	946	to
7	36	947	953	weekly
7	37	954	966	subcutaneous
7	38	967	979	taspoglutide
7	39	980	982	20
7	40	983	985	mg
7	41	986	987	(
7	42	988	990	10
7	43	991	993	mg
7	44	994	997	for
7	45	998	1003	first
7	46	1004	1005	4
7	47	1006	1011	weeks
7	48	1012	1013	)
7	49	1014	1015	(
7	50	1016	1017	n
7	51	1018	1019	=
7	52	1020	1023	154
7	53	1024	1025	)
7	54	1026	1028	or
7	55	1029	1036	placebo
7	56	1037	1038	(
7	57	1039	1040	n
7	58	1041	1042	=
7	59	1043	1046	151
7	60	1047	1048	)
7	61	1049	1052	for
7	62	1053	1055	24
7	63	1056	1061	weeks
7	64	1062	1063	.
#Text=Efficacy measures included hemoglobin A1c (HbA1c) levels, body weight, percentage of patients achieving HbA1c ≤6.5 and ≤7.0%, and fasting plasma glucose (FPG).
8	1	1064	1072	Efficacy
8	2	1073	1081	measures
8	3	1082	1090	included
8	4	1091	1101	hemoglobin
8	5	1102	1105	A1c
8	6	1106	1107	(
8	7	1108	1113	HbA1c
8	8	1114	1115	)
8	9	1116	1122	levels
8	10	1123	1124	,
8	11	1125	1129	body
8	12	1130	1136	weight
8	13	1137	1138	,
8	14	1139	1149	percentage
8	15	1150	1152	of
8	16	1153	1161	patients
8	17	1162	1171	achieving
8	18	1172	1177	HbA1c
8	19	1178	1179	≤
8	20	1180	1181	6
8	21	1182	1183	.
8	22	1184	1185	5
8	23	1186	1189	and
8	24	1190	1191	≤
8	25	1192	1193	7
8	26	1194	1195	.
8	27	1196	1197	0
8	28	1198	1199	%
8	29	1200	1201	,
8	30	1202	1205	and
8	31	1206	1213	fasting
8	32	1214	1220	plasma
8	33	1221	1228	glucose
8	34	1229	1230	(
8	35	1231	1234	FPG
8	36	1235	1236	)
8	37	1237	1238	.
#Text=Adverse events (AEs) were assessed.
9	1	1239	1246	Adverse
9	2	1247	1253	events
9	3	1254	1255	(
9	4	1256	1259	AEs
9	5	1260	1261	)
9	6	1262	1266	were
9	7	1267	1275	assessed
9	8	1276	1277	.
#Text=RESULTS: Mean baseline HbA1c was 7.55% and mean baseline BMI was 36.7 kg/m(2) .
10	1	1278	1285	RESULTS
10	2	1286	1287	:
10	3	1288	1292	Mean
10	4	1293	1301	baseline
10	5	1302	1307	HbA1c
10	6	1308	1311	was
10	7	1312	1313	7
10	8	1314	1315	.
10	9	1316	1318	55
10	10	1319	1320	%
10	11	1321	1324	and
10	12	1325	1329	mean
10	13	1330	1338	baseline
10	14	1339	1342	BMI
10	15	1343	1346	was
10	16	1347	1349	36
10	17	1350	1351	.
10	18	1352	1353	7
10	19	1354	1356	kg
10	20	1357	1358	/
10	21	1359	1360	m
10	22	1361	1362	(
10	23	1363	1364	2
10	24	1365	1366	)
10	25	1367	1368	.
#Text=HbA1c reductions from baseline were significantly greater with taspoglutide than  placebo (least square mean [LSMean], -0.81% vs. -0.09%; P < 0.0001).
11	1	1369	1374	HbA1c
11	2	1375	1385	reductions
11	3	1386	1390	from
11	4	1391	1399	baseline
11	5	1400	1404	were
11	6	1405	1418	significantly
11	7	1419	1426	greater
11	8	1427	1431	with
11	9	1432	1444	taspoglutide
11	10	1445	1449	than
11	11	1450	1457	placebo
11	12	1458	1459	(
11	13	1460	1465	least
11	14	1466	1472	square
11	15	1473	1477	mean
11	16	1478	1479	[
11	17	1480	1486	LSMean
11	18	1487	1488	]
11	19	1489	1490	,
11	20	1491	1492	-
11	21	1493	1494	0
11	22	1495	1496	.
11	23	1497	1499	81
11	24	1500	1501	%
11	25	1502	1504	vs
11	26	1505	1506	.
11	27	1507	1508	-
11	28	1509	1510	0
11	29	1511	1512	.
11	30	1513	1515	09
11	31	1516	1517	%
11	32	1518	1519	;
11	33	1520	1521	P
11	34	1522	1523	<
11	35	1524	1525	0
11	36	1526	1527	.
11	37	1528	1532	0001
11	38	1533	1534	)
11	39	1535	1536	.
#Text=Weight loss  at week 24 was significantly greater with taspoglutide than placebo (LSMean, -3.16 vs. -1.85 kg; P < 0.01).
12	1	1537	1543	Weight
12	2	1544	1548	loss
12	3	1549	1551	at
12	4	1552	1556	week
12	5	1557	1559	24
12	6	1560	1563	was
12	7	1564	1577	significantly
12	8	1578	1585	greater
12	9	1586	1590	with
12	10	1591	1603	taspoglutide
12	11	1604	1608	than
12	12	1609	1616	placebo
12	13	1617	1618	(
12	14	1619	1625	LSMean
12	15	1626	1627	,
12	16	1628	1629	-
12	17	1630	1631	3
12	18	1632	1633	.
12	19	1634	1636	16
12	20	1637	1639	vs
12	21	1640	1641	.
12	22	1642	1643	-
12	23	1644	1645	1
12	24	1646	1647	.
12	25	1648	1650	85
12	26	1651	1653	kg
12	27	1654	1655	;
12	28	1656	1657	P
12	29	1658	1659	<
12	30	1660	1661	0
12	31	1662	1663	.
12	32	1664	1666	01
12	33	1667	1668	)
12	34	1669	1670	.
#Text=In the taspoglutide and placebo groups, target HbA1c levels (≤6.5%) were achieved by 49 and 16% of patients, respectively, while 72 and 36% achieved HbA1c levels ≤7%.
13	1	1671	1673	In
13	2	1674	1677	the
13	3	1678	1690	taspoglutide
13	4	1691	1694	and
13	5	1695	1702	placebo
13	6	1703	1709	groups
13	7	1710	1711	,
13	8	1712	1718	target
13	9	1719	1724	HbA1c
13	10	1725	1731	levels
13	11	1732	1733	(
13	12	1734	1735	≤
13	13	1736	1737	6
13	14	1738	1739	.
13	15	1740	1741	5
13	16	1742	1743	%
13	17	1744	1745	)
13	18	1746	1750	were
13	19	1751	1759	achieved
13	20	1760	1762	by
13	21	1763	1765	49
13	22	1766	1769	and
13	23	1770	1772	16
13	24	1773	1774	%
13	25	1775	1777	of
13	26	1778	1786	patients
13	27	1787	1788	,
13	28	1789	1801	respectively
13	29	1802	1803	,
13	30	1804	1809	while
13	31	1810	1812	72
13	32	1813	1816	and
13	33	1817	1819	36
13	34	1820	1821	%
13	35	1822	1830	achieved
13	36	1831	1836	HbA1c
13	37	1837	1843	levels
13	38	1844	1845	≤
13	39	1846	1847	7
13	40	1848	1849	%
13	41	1850	1851	.
#Text=Decreases in FPG were significantly greater with taspoglutide than placebo (-23.59 vs. 0.09 mg/dl; P < 0.0001).
14	1	1852	1861	Decreases
14	2	1862	1864	in
14	3	1865	1868	FPG
14	4	1869	1873	were
14	5	1874	1887	significantly
14	6	1888	1895	greater
14	7	1896	1900	with
14	8	1901	1913	taspoglutide
14	9	1914	1918	than
14	10	1919	1926	placebo
14	11	1927	1928	(
14	12	1929	1930	-
14	13	1931	1933	23
14	14	1934	1935	.
14	15	1936	1938	59
14	16	1939	1941	vs
14	17	1942	1943	.
14	18	1944	1945	0
14	19	1946	1947	.
14	20	1948	1950	09
14	21	1951	1953	mg
14	22	1954	1955	/
14	23	1956	1958	dl
14	24	1959	1960	;
14	25	1961	1962	P
14	26	1963	1964	<
14	27	1965	1966	0
14	28	1967	1968	.
14	29	1969	1973	0001
14	30	1974	1975	)
14	31	1976	1977	.
#Text=Nausea and vomiting were the most common AEs associated with taspoglutide, but tended to be  transient and generally mild or moderate.
15	1	1978	1984	Nausea
15	2	1985	1988	and
15	3	1989	1997	vomiting
15	4	1998	2002	were
15	5	2003	2006	the
15	6	2007	2011	most
15	7	2012	2018	common
15	8	2019	2022	AEs
15	9	2023	2033	associated
15	10	2034	2038	with
15	11	2039	2051	taspoglutide
15	12	2052	2053	,
15	13	2054	2057	but
15	14	2058	2064	tended
15	15	2065	2067	to
15	16	2068	2070	be
15	17	2071	2080	transient
15	18	2081	2084	and
15	19	2085	2094	generally
15	20	2095	2099	mild
15	21	2100	2102	or
15	22	2103	2111	moderate
15	23	2112	2113	.
#Text=CONCLUSIONS: In obese patients with T2DM, once-weekly taspoglutide provided the combined benefits of glycemic control and weight loss.
16	1	2114	2125	CONCLUSIONS
16	2	2126	2127	:
16	3	2128	2130	In
16	4	2131	2136	obese
16	5	2137	2145	patients
16	6	2146	2150	with
16	7	2151	2155	T2DM
16	8	2156	2157	,
16	9	2158	2162	once
16	10	2163	2164	-
16	11	2165	2171	weekly
16	12	2172	2184	taspoglutide
16	13	2185	2193	provided
16	14	2194	2197	the
16	15	2198	2206	combined
16	16	2207	2215	benefits
16	17	2216	2218	of
16	18	2219	2227	glycemic
16	19	2228	2235	control
16	20	2236	2239	and
16	21	2240	2246	weight
16	22	2247	2251	loss
16	23	2252	2253	.
#Text=Copyright © 2012 The Obesity Society.
17	1	2254	2263	Copyright
17	2	2264	2265	©
17	3	2266	2270	2012
17	4	2271	2274	The
17	5	2275	2282	Obesity
17	6	2283	2290	Society
17	7	2291	2292	.
#Text=DOI: 10.1002/oby.20042  PMID: 23404788  [Indexed for MEDLINE]
18	1	2293	2296	DOI
18	2	2297	2298	:
18	3	2299	2301	10
18	4	2302	2303	.
18	5	2304	2308	1002
18	6	2309	2310	/
18	7	2311	2314	oby
18	8	2315	2316	.
18	9	2317	2322	20042
18	10	2323	2327	PMID
18	11	2328	2329	:
18	12	2330	2338	23404788
18	13	2339	2340	[
18	14	2341	2348	Indexed
18	15	2349	2352	for
18	16	2353	2360	MEDLINE
18	17	2361	2362	]
