#Text=Curr Med Res Opin.
1	1	0	4	Curr
1	2	5	8	Med
1	3	9	12	Res
1	4	13	17	Opin
1	5	18	19	.
#Text=2008 Feb;24(2):537-50. doi: 10.1185/030079908X260925 .
2	1	20	24	2008
2	2	25	28	Feb
2	3	29	30	;
2	4	31	33	24
2	5	34	35	(
2	6	36	37	2
2	7	38	39	)
2	8	40	41	:
2	9	42	45	537
2	10	46	47	-
2	11	48	50	50
2	12	51	52	.
2	13	53	56	doi
2	14	57	58	:
2	15	59	61	10
2	16	62	63	.
2	17	64	68	1185
2	18	69	70	/
2	19	71	87	030079908X260925
2	20	88	89	.
#Text=Efficacy and safety of sitagliptin added to ongoing metformin therapy in patients with type 2 diabetes.
3	1	90	98	Efficacy
3	2	99	102	and
3	3	103	109	safety
3	4	110	112	of
3	5	113	124	sitagliptin
3	6	125	130	added
3	7	131	133	to
3	8	134	141	ongoing
3	9	142	151	metformin
3	10	152	159	therapy
3	11	160	162	in
3	12	163	171	patients
3	13	172	176	with
3	14	177	181	type
3	15	182	183	2
3	16	184	192	diabetes
3	17	193	194	.
#Text=Raz I(1), Chen Y, Wu M, Hussain S, Kaufman KD, Amatruda JM, Langdon RB, Stein PP, Alba M.  Author information:  (1)Diabetes Unit, Department of Internal Medicine, Hadassah Hebrew University Hospital, Jerusalem, Israel.
4	1	195	198	Raz
4	2	199	200	I
4	3	201	202	(
4	4	203	204	1
4	5	205	206	)
4	6	207	208	,
4	7	209	213	Chen
4	8	214	215	Y
4	9	216	217	,
4	10	218	220	Wu
4	11	221	222	M
4	12	223	224	,
4	13	225	232	Hussain
4	14	233	234	S
4	15	235	236	,
4	16	237	244	Kaufman
4	17	245	247	KD
4	18	248	249	,
4	19	250	258	Amatruda
4	20	259	261	JM
4	21	262	263	,
4	22	264	271	Langdon
4	23	272	274	RB
4	24	275	276	,
4	25	277	282	Stein
4	26	283	285	PP
4	27	286	287	,
4	28	288	292	Alba
4	29	293	294	M
4	30	295	296	.
4	31	297	303	Author
4	32	304	315	information
4	33	316	317	:
4	34	318	319	(
4	35	320	321	1
4	36	322	323	)
4	37	324	332	Diabetes
4	38	333	337	Unit
4	39	338	339	,
4	40	340	350	Department
4	41	351	353	of
4	42	354	362	Internal
4	43	363	371	Medicine
4	44	372	373	,
4	45	374	382	Hadassah
4	46	383	389	Hebrew
4	47	390	400	University
4	48	401	409	Hospital
4	49	410	411	,
4	50	412	421	Jerusalem
4	51	422	423	,
4	52	424	430	Israel
4	53	431	432	.
#Text=OBJECTIVE: The purpose of this study was to evaluate the efficacy and safety of sitagliptin as an add-on to metformin therapy in patients with moderately severe  (hemoglobin A(1c) >or= 8.0% and <or= 11.0%) type 2 diabetes mellitus (T2DM).
5	1	433	442	OBJECTIVE
5	2	443	444	:
5	3	445	448	The
5	4	449	456	purpose
5	5	457	459	of
5	6	460	464	this
5	7	465	470	study
5	8	471	474	was
5	9	475	477	to
5	10	478	486	evaluate
5	11	487	490	the
5	12	491	499	efficacy
5	13	500	503	and
5	14	504	510	safety
5	15	511	513	of
5	16	514	525	sitagliptin
5	17	526	528	as
5	18	529	531	an
5	19	532	535	add
5	20	536	537	-
5	21	538	540	on
5	22	541	543	to
5	23	544	553	metformin
5	24	554	561	therapy
5	25	562	564	in
5	26	565	573	patients
5	27	574	578	with
5	28	579	589	moderately
5	29	590	596	severe
5	30	597	598	(
5	31	599	609	hemoglobin
5	32	610	611	A
5	33	612	613	(
5	34	614	616	1c
5	35	617	618	)
5	36	619	620	>
5	37	621	623	or
5	38	624	625	=
5	39	626	627	8
5	40	628	629	.
5	41	630	631	0
5	42	632	633	%
5	43	634	637	and
5	44	638	639	<
5	45	640	642	or
5	46	643	644	=
5	47	645	647	11
5	48	648	649	.
5	49	650	651	0
5	50	652	653	%
5	51	654	655	)
5	52	656	660	type
5	53	661	662	2
5	54	663	671	diabetes
5	55	672	680	mellitus
5	56	681	682	(
5	57	683	687	T2DM
5	58	688	689	)
5	59	690	691	.
#Text=RESEARCH DESIGN AND METHODS: This was a multinational, randomized, placebo-controlled, parallel-group, double-blind study conducted in 190 patients  with T2DM.
6	1	692	700	RESEARCH
6	2	701	707	DESIGN
6	3	708	711	AND
6	4	712	719	METHODS
6	5	720	721	:
6	6	722	726	This
6	7	727	730	was
6	8	731	732	a
6	9	733	746	multinational
6	10	747	748	,
6	11	749	759	randomized
6	12	760	761	,
6	13	762	769	placebo
6	14	770	771	-
6	15	772	782	controlled
6	16	783	784	,
6	17	785	793	parallel
6	18	794	795	-
6	19	796	801	group
6	20	802	803	,
6	21	804	810	double
6	22	811	812	-
6	23	813	818	blind
6	24	819	824	study
6	25	825	834	conducted
6	26	835	837	in
6	27	838	841	190
6	28	842	850	patients
6	29	851	855	with
6	30	856	860	T2DM
6	31	861	862	.
#Text=After >or= 6 weeks of stable metformin monotherapy (>or= 1500 mg/day), patients were randomized to either the addition of sitagliptin 100 mg once daily  or placebo to ongoing metformin for 30 weeks.
7	1	863	868	After
7	2	869	870	>
7	3	871	873	or
7	4	874	875	=
7	5	876	877	6
7	6	878	883	weeks
7	7	884	886	of
7	8	887	893	stable
7	9	894	903	metformin
7	10	904	915	monotherapy
7	11	916	917	(
7	12	918	919	>
7	13	920	922	or
7	14	923	924	=
7	15	925	929	1500
7	16	930	932	mg
7	17	933	934	/
7	18	935	938	day
7	19	939	940	)
7	20	941	942	,
7	21	943	951	patients
7	22	952	956	were
7	23	957	967	randomized
7	24	968	970	to
7	25	971	977	either
7	26	978	981	the
7	27	982	990	addition
7	28	991	993	of
7	29	994	1005	sitagliptin
7	30	1006	1009	100
7	31	1010	1012	mg
7	32	1013	1017	once
7	33	1018	1023	daily
7	34	1024	1026	or
7	35	1027	1034	placebo
7	36	1035	1037	to
7	37	1038	1045	ongoing
7	38	1046	1055	metformin
7	39	1056	1059	for
7	40	1060	1062	30
7	41	1063	1068	weeks
7	42	1069	1070	.
#Text=MAIN OUTCOME MEASURES: The primary efficacy endpoint was reduction in hemoglobin  A(1c) (HbA(1c)) measured after 18 weeks of sitagliptin treatment.
8	1	1071	1075	MAIN
8	2	1076	1083	OUTCOME
8	3	1084	1092	MEASURES
8	4	1093	1094	:
8	5	1095	1098	The
8	6	1099	1106	primary
8	7	1107	1115	efficacy
8	8	1116	1124	endpoint
8	9	1125	1128	was
8	10	1129	1138	reduction
8	11	1139	1141	in
8	12	1142	1152	hemoglobin
8	13	1153	1154	A
8	14	1155	1156	(
8	15	1157	1159	1c
8	16	1160	1161	)
8	17	1162	1163	(
8	18	1164	1167	HbA
8	19	1168	1169	(
8	20	1170	1172	1c
8	21	1173	1174	)
8	22	1175	1176	)
8	23	1177	1185	measured
8	24	1186	1191	after
8	25	1192	1194	18
8	26	1195	1200	weeks
8	27	1201	1203	of
8	28	1204	1215	sitagliptin
8	29	1216	1225	treatment
8	30	1226	1227	.
#Text=Key secondary endpoints included reduction in fasting plasma glucose (FPG) and 2-hour (2-h) postprandial plasma glucose (PPG) at 18 weeks, and HbA(1c) at 30 weeks.
9	1	1228	1231	Key
9	2	1232	1241	secondary
9	3	1242	1251	endpoints
9	4	1252	1260	included
9	5	1261	1270	reduction
9	6	1271	1273	in
9	7	1274	1281	fasting
9	8	1282	1288	plasma
9	9	1289	1296	glucose
9	10	1297	1298	(
9	11	1299	1302	FPG
9	12	1303	1304	)
9	13	1305	1308	and
9	14	1309	1310	2
9	15	1311	1312	-
9	16	1313	1317	hour
9	17	1318	1319	(
9	18	1320	1321	2
9	19	1322	1323	-
9	20	1324	1325	h
9	21	1326	1327	)
9	22	1328	1340	postprandial
9	23	1341	1347	plasma
9	24	1348	1355	glucose
9	25	1356	1357	(
9	26	1358	1361	PPG
9	27	1362	1363	)
9	28	1364	1366	at
9	29	1367	1369	18
9	30	1370	1375	weeks
9	31	1376	1377	,
9	32	1378	1381	and
9	33	1382	1385	HbA
9	34	1386	1387	(
9	35	1388	1390	1c
9	36	1391	1392	)
9	37	1393	1395	at
9	38	1396	1398	30
9	39	1399	1404	weeks
9	40	1405	1406	.
#Text=The proportion of patients meeting the goal of HbA(1c) < 7.0% was also analyzed.
10	1	1407	1410	The
10	2	1411	1421	proportion
10	3	1422	1424	of
10	4	1425	1433	patients
10	5	1434	1441	meeting
10	6	1442	1445	the
10	7	1446	1450	goal
10	8	1451	1453	of
10	9	1454	1457	HbA
10	10	1458	1459	(
10	11	1460	1462	1c
10	12	1463	1464	)
10	13	1465	1466	<
10	14	1467	1468	7
10	15	1469	1470	.
10	16	1471	1472	0
10	17	1473	1474	%
10	18	1475	1478	was
10	19	1479	1483	also
10	20	1484	1492	analyzed
10	21	1493	1494	.
#Text=RESULTS: Sitagliptin significantly reduced HbA(1c), FPG, and 2-h PPG, compared with placebo (all p < 0.001).
11	1	1495	1502	RESULTS
11	2	1503	1504	:
11	3	1505	1516	Sitagliptin
11	4	1517	1530	significantly
11	5	1531	1538	reduced
11	6	1539	1542	HbA
11	7	1543	1544	(
11	8	1545	1547	1c
11	9	1548	1549	)
11	10	1550	1551	,
11	11	1552	1555	FPG
11	12	1556	1557	,
11	13	1558	1561	and
11	14	1562	1563	2
11	15	1564	1565	-
11	16	1566	1567	h
11	17	1568	1571	PPG
11	18	1572	1573	,
11	19	1574	1582	compared
11	20	1583	1587	with
11	21	1588	1595	placebo
11	22	1596	1597	(
11	23	1598	1601	all
11	24	1602	1603	p
11	25	1604	1605	<
11	26	1606	1607	0
11	27	1608	1609	.
11	28	1610	1613	001
11	29	1614	1615	)
11	30	1616	1617	.
#Text=The net improvement in HbA(1c) was - 1.0% at both 18 and 30 weeks, and a significantly greater proportion of patients treated with  sitagliptin achieved HbA(1c) < 7.0% by the end of the study (22.1% vs. 3.3%, p <  0.001).
12	1	1618	1621	The
12	2	1622	1625	net
12	3	1626	1637	improvement
12	4	1638	1640	in
12	5	1641	1644	HbA
12	6	1645	1646	(
12	7	1647	1649	1c
12	8	1650	1651	)
12	9	1652	1655	was
12	10	1656	1657	-
12	11	1658	1659	1
12	12	1660	1661	.
12	13	1662	1663	0
12	14	1664	1665	%
12	15	1666	1668	at
12	16	1669	1673	both
12	17	1674	1676	18
12	18	1677	1680	and
12	19	1681	1683	30
12	20	1684	1689	weeks
12	21	1690	1691	,
12	22	1692	1695	and
12	23	1696	1697	a
12	24	1698	1711	significantly
12	25	1712	1719	greater
12	26	1720	1730	proportion
12	27	1731	1733	of
12	28	1734	1742	patients
12	29	1743	1750	treated
12	30	1751	1755	with
12	31	1756	1767	sitagliptin
12	32	1768	1776	achieved
12	33	1777	1780	HbA
12	34	1781	1782	(
12	35	1783	1785	1c
12	36	1786	1787	)
12	37	1788	1789	<
12	38	1790	1791	7
12	39	1792	1793	.
12	40	1794	1795	0
12	41	1796	1797	%
12	42	1798	1800	by
12	43	1801	1804	the
12	44	1805	1808	end
12	45	1809	1811	of
12	46	1812	1815	the
12	47	1816	1821	study
12	48	1822	1823	(
12	49	1824	1826	22
12	50	1827	1828	.
12	51	1829	1830	1
12	52	1831	1832	%
12	53	1833	1835	vs
12	54	1836	1837	.
12	55	1838	1839	3
12	56	1840	1841	.
12	57	1842	1843	3
12	58	1844	1845	%
12	59	1846	1847	,
12	60	1848	1849	p
12	61	1850	1851	<
12	62	1852	1853	0
12	63	1854	1855	.
12	64	1856	1859	001
12	65	1860	1861	)
12	66	1862	1863	.
#Text=Sitagliptin was well-tolerated.
13	1	1864	1875	Sitagliptin
13	2	1876	1879	was
13	3	1880	1884	well
13	4	1885	1886	-
13	5	1887	1896	tolerated
13	6	1897	1898	.
#Text=Compared with placebo, sitagliptin had a  neutral effect on body weight and did not significantly increase the risk of hypoglycemia or gastrointestinal adverse events.
14	1	1899	1907	Compared
14	2	1908	1912	with
14	3	1913	1920	placebo
14	4	1921	1922	,
14	5	1923	1934	sitagliptin
14	6	1935	1938	had
14	7	1939	1940	a
14	8	1941	1948	neutral
14	9	1949	1955	effect
14	10	1956	1958	on
14	11	1959	1963	body
14	12	1964	1970	weight
14	13	1971	1974	and
14	14	1975	1978	did
14	15	1979	1982	not
14	16	1983	1996	significantly
14	17	1997	2005	increase
14	18	2006	2009	the
14	19	2010	2014	risk
14	20	2015	2017	of
14	21	2018	2030	hypoglycemia
14	22	2031	2033	or
14	23	2034	2050	gastrointestinal
14	24	2051	2058	adverse
14	25	2059	2065	events
14	26	2066	2067	.
#Text=CONCLUSIONS: Addition of sitagliptin 100 mg once daily to ongoing metformin therapy was well-tolerated and resulted in significant glycemic improvement in patients with moderately severe T2DM who were treated for 30 weeks.
15	1	2068	2079	CONCLUSIONS
15	2	2080	2081	:
15	3	2082	2090	Addition
15	4	2091	2093	of
15	5	2094	2105	sitagliptin
15	6	2106	2109	100
15	7	2110	2112	mg
15	8	2113	2117	once
15	9	2118	2123	daily
15	10	2124	2126	to
15	11	2127	2134	ongoing
15	12	2135	2144	metformin
15	13	2145	2152	therapy
15	14	2153	2156	was
15	15	2157	2161	well
15	16	2162	2163	-
15	17	2164	2173	tolerated
15	18	2174	2177	and
15	19	2178	2186	resulted
15	20	2187	2189	in
15	21	2190	2201	significant
15	22	2202	2210	glycemic
15	23	2211	2222	improvement
15	24	2223	2225	in
15	25	2226	2234	patients
15	26	2235	2239	with
15	27	2240	2250	moderately
15	28	2251	2257	severe
15	29	2258	2262	T2DM
15	30	2263	2266	who
15	31	2267	2271	were
15	32	2272	2279	treated
15	33	2280	2283	for
15	34	2284	2286	30
15	35	2287	2292	weeks
15	36	2293	2294	.
#Text=DOI: 10.1185/030079908X260925	  PMID: 18194595  [Indexed for MEDLINE]
16	1	2295	2298	DOI
16	2	2299	2300	:
16	3	2301	2303	10
16	4	2304	2305	.
16	5	2306	2310	1185
16	6	2311	2312	/
16	7	2313	2329	030079908X260925
16	8	2330	2334	PMID
16	9	2335	2336	:
16	10	2337	2345	18194595
16	11	2346	2347	[
16	12	2348	2355	Indexed
16	13	2356	2359	for
16	14	2360	2367	MEDLINE
16	15	2368	2369	]
