#Text=Diabetes Obes Metab.
1	1	0	8	Diabetes
1	2	9	13	Obes
1	3	14	19	Metab
1	4	20	21	.
#Text=2014 Feb;16(2):159-69. doi: 10.1111/dom.12189.
2	1	22	26	2014
2	2	27	30	Feb
2	3	31	32	;
2	4	33	35	16
2	5	36	37	(
2	6	38	39	2
2	7	40	41	)
2	8	42	43	:
2	9	44	47	159
2	10	48	49	-
2	11	50	52	69
2	12	53	54	.
2	13	55	58	doi
2	14	59	60	:
2	15	61	63	10
2	16	64	65	.
2	17	66	70	1111
2	18	71	72	/
2	19	73	76	dom
2	20	77	78	.
2	21	79	84	12189
2	22	85	86	.
#Text=Epub 2013 Aug 29.
3	1	87	91	Epub
3	2	92	96	2013
3	3	97	100	Aug
3	4	101	103	29
3	5	104	105	.
#Text=Dapagliflozin maintains glycaemic control while reducing weight and body fat mass over 2 years in patients with type 2 diabetes mellitus inadequately controlled on metformin.
4	1	106	119	Dapagliflozin
4	2	120	129	maintains
4	3	130	139	glycaemic
4	4	140	147	control
4	5	148	153	while
4	6	154	162	reducing
4	7	163	169	weight
4	8	170	173	and
4	9	174	178	body
4	10	179	182	fat
4	11	183	187	mass
4	12	188	192	over
4	13	193	194	2
4	14	195	200	years
4	15	201	203	in
4	16	204	212	patients
4	17	213	217	with
4	18	218	222	type
4	19	223	224	2
4	20	225	233	diabetes
4	21	234	242	mellitus
4	22	243	255	inadequately
4	23	256	266	controlled
4	24	267	269	on
4	25	270	279	metformin
4	26	280	281	.
#Text=Bolinder J(1), Ljunggren Ö, Johansson L, Wilding J, Langkilde AM, Sjöström CD, Sugg J, Parikh S.  Author information:  (1)Department of Endocrinology, Metabolism and Diabetes, Karolinska University Hospital Huddinge, Karolinska Institute, Stockholm, Sweden.
5	1	282	290	Bolinder
5	2	291	292	J
5	3	293	294	(
5	4	295	296	1
5	5	297	298	)
5	6	299	300	,
5	7	301	310	Ljunggren
5	8	311	313	Ö,
5	9	314	323	Johansson
5	10	324	325	L
5	11	326	327	,
5	12	328	335	Wilding
5	13	336	337	J
5	14	338	339	,
5	15	340	349	Langkilde
5	16	350	352	AM
5	17	353	354	,
5	18	355	357	Sj
5	19	358	359	ö
5	20	360	363	str
5	21	364	365	ö
5	22	366	367	m
5	23	368	370	CD
5	24	371	372	,
5	25	373	377	Sugg
5	26	378	379	J
5	27	380	381	,
5	28	382	388	Parikh
5	29	389	390	S
5	30	391	392	.
5	31	393	399	Author
5	32	400	411	information
5	33	412	413	:
5	34	414	415	(
5	35	416	417	1
5	36	418	419	)
5	37	420	430	Department
5	38	431	433	of
5	39	434	447	Endocrinology
5	40	448	449	,
5	41	450	460	Metabolism
5	42	461	464	and
5	43	465	473	Diabetes
5	44	474	475	,
5	45	476	486	Karolinska
5	46	487	497	University
5	47	498	506	Hospital
5	48	507	515	Huddinge
5	49	516	517	,
5	50	518	528	Karolinska
5	51	529	538	Institute
5	52	539	540	,
5	53	541	550	Stockholm
5	54	551	552	,
5	55	553	559	Sweden
5	56	560	561	.
#Text=AIMS: Dapagliflozin, a highly selective inhibitor of sodium-glucose cotransporter 2 (SGLT2), reduces hyperglycaemia and weight in patients with type 2 diabetes mellitus (T2DM) by increasing urinary glucose excretion.
6	1	562	566	AIMS
6	2	567	568	:
6	3	569	582	Dapagliflozin
6	4	583	584	,
6	5	585	586	a
6	6	587	593	highly
6	7	594	603	selective
6	8	604	613	inhibitor
6	9	614	616	of
6	10	617	623	sodium
6	11	624	625	-
6	12	626	633	glucose
6	13	634	647	cotransporter
6	14	648	649	2
6	15	650	651	(
6	16	652	657	SGLT2
6	17	658	659	)
6	18	660	661	,
6	19	662	669	reduces
6	20	670	684	hyperglycaemia
6	21	685	688	and
6	22	689	695	weight
6	23	696	698	in
6	24	699	707	patients
6	25	708	712	with
6	26	713	717	type
6	27	718	719	 
6	28	720	721	2
6	29	722	730	diabetes
6	30	731	739	mellitus
6	31	740	741	(
6	32	742	746	T2DM
6	33	747	748	)
6	34	749	751	by
6	35	752	762	increasing
6	36	763	770	urinary
6	37	771	778	glucose
6	38	779	788	excretion
6	39	789	790	.
#Text=Long-term glycaemic control, body composition and bone safety were evaluated in patients with T2DM after 102 weeks of dapagliflozin treatment.
7	1	791	795	Long
7	2	796	797	-
7	3	798	802	term
7	4	803	812	glycaemic
7	5	813	820	control
7	6	821	822	,
7	7	823	827	body
7	8	828	839	composition
7	9	840	843	and
7	10	844	848	bone
7	11	849	855	safety
7	12	856	860	were
7	13	861	870	evaluated
7	14	871	873	in
7	15	874	882	patients
7	16	883	887	with
7	17	888	892	T2DM
7	18	893	898	after
7	19	899	902	102
7	20	903	908	weeks
7	21	909	911	of
7	22	912	925	dapagliflozin
7	23	926	935	treatment
7	24	936	937	.
#Text=METHODS: This randomized, double-blind, placebo-controlled study (NCT00855166) enrolled patients with T2DM [mean: age 60.7 years; HbA1c 7.2%; body mass index (BMI) 31.9 kg/m(2) ; body weight 91.5 kg] inadequately controlled on metformin.
8	1	938	945	METHODS
8	2	946	947	:
8	3	948	952	This
8	4	953	963	randomized
8	5	964	965	,
8	6	966	972	double
8	7	973	974	-
8	8	975	980	blind
8	9	981	982	,
8	10	983	990	placebo
8	11	991	992	-
8	12	993	1003	controlled
8	13	1004	1009	study
8	14	1010	1011	(
8	15	1012	1023	NCT00855166
8	16	1024	1025	)
8	17	1026	1034	enrolled
8	18	1035	1043	patients
8	19	1044	1048	with
8	20	1049	1053	T2DM
8	21	1054	1055	[
8	22	1056	1060	mean
8	23	1061	1062	:
8	24	1063	1066	age
8	25	1067	1069	60
8	26	1070	1071	.
8	27	1072	1073	7
8	28	1074	1079	years
8	29	1080	1081	;
8	30	1082	1087	HbA1c
8	31	1088	1089	7
8	32	1090	1091	.
8	33	1092	1093	2
8	34	1094	1095	%
8	35	1096	1097	;
8	36	1098	1102	body
8	37	1103	1107	mass
8	38	1108	1113	index
8	39	1114	1115	(
8	40	1116	1119	BMI
8	41	1120	1121	)
8	42	1122	1124	31
8	43	1125	1126	.
8	44	1127	1128	9
8	45	1129	1131	kg
8	46	1132	1133	/
8	47	1134	1135	m
8	48	1136	1137	(
8	49	1138	1139	2
8	50	1140	1141	)
8	51	1142	1143	;
8	52	1144	1148	body
8	53	1149	1155	weight
8	54	1156	1158	91
8	55	1159	1160	.
8	56	1161	1162	5
8	57	1163	1165	kg
8	58	1166	1167	]
8	59	1168	1180	inadequately
8	60	1181	1191	controlled
8	61	1192	1194	on
8	62	1195	1204	metformin
8	63	1205	1206	.
#Text=Patients (N = 182) were randomly assigned 1 : 1 to receive dapagliflozin 10 mg/day or placebo added to open-label metformin for a 24-week double-blind treatment period followed by a 78-week site- and patient-blinded extension period.
9	1	1207	1215	Patients
9	2	1216	1217	(
9	3	1218	1219	N
9	4	1220	1223	 = 
9	5	1224	1227	182
9	6	1228	1229	)
9	7	1230	1234	were
9	8	1235	1243	randomly
9	9	1244	1252	assigned
9	10	1253	1254	1
9	11	1255	1258	 : 
9	12	1259	1260	1
9	13	1261	1263	to
9	14	1264	1271	receive
9	15	1272	1285	dapagliflozin
9	16	1286	1288	10
9	17	1289	1291	mg
9	18	1292	1293	/
9	19	1294	1297	day
9	20	1298	1300	or
9	21	1301	1308	placebo
9	22	1309	1314	added
9	23	1315	1317	to
9	24	1318	1322	open
9	25	1323	1324	-
9	26	1325	1330	label
9	27	1331	1340	metformin
9	28	1341	1344	for
9	29	1345	1346	a
9	30	1347	1349	24
9	31	1350	1351	-
9	32	1352	1356	week
9	33	1357	1363	double
9	34	1364	1365	-
9	35	1366	1371	blind
9	36	1372	1381	treatment
9	37	1382	1388	period
9	38	1389	1397	followed
9	39	1398	1400	by
9	40	1401	1402	a
9	41	1403	1405	78
9	42	1406	1407	-
9	43	1408	1412	week
9	44	1413	1417	site
9	45	1418	1419	-
9	46	1420	1423	and
9	47	1424	1431	patient
9	48	1432	1433	-
9	49	1434	1441	blinded
9	50	1442	1451	extension
9	51	1452	1458	period
9	52	1459	1460	.
#Text=At week 102, changes from baseline in HbA1c, weight, waist circumference, total body fat mass as measured by dual-energy X-ray absorptiometry (DXA), serum  markers of bone turnover, bone mineral density (BMD) as measured by DXA, and adverse events were evaluated.
10	1	1461	1463	At
10	2	1464	1468	week
10	3	1469	1472	102
10	4	1473	1474	,
10	5	1475	1482	changes
10	6	1483	1487	from
10	7	1488	1496	baseline
10	8	1497	1499	in
10	9	1500	1505	HbA1c
10	10	1506	1507	,
10	11	1508	1514	weight
10	12	1515	1516	,
10	13	1517	1522	waist
10	14	1523	1536	circumference
10	15	1537	1538	,
10	16	1539	1544	total
10	17	1545	1549	body
10	18	1550	1553	fat
10	19	1554	1558	mass
10	20	1559	1561	as
10	21	1562	1570	measured
10	22	1571	1573	by
10	23	1574	1578	dual
10	24	1579	1580	-
10	25	1581	1587	energy
10	26	1588	1589	X
10	27	1590	1591	-
10	28	1592	1595	ray
10	29	1596	1610	absorptiometry
10	30	1611	1612	(
10	31	1613	1616	DXA
10	32	1617	1618	)
10	33	1619	1620	,
10	34	1621	1626	serum
10	35	1627	1634	markers
10	36	1635	1637	of
10	37	1638	1642	bone
10	38	1643	1651	turnover
10	39	1652	1653	,
10	40	1654	1658	bone
10	41	1659	1666	mineral
10	42	1667	1674	density
10	43	1675	1676	(
10	44	1677	1680	BMD
10	45	1681	1682	)
10	46	1683	1685	as
10	47	1686	1694	measured
10	48	1695	1697	by
10	49	1698	1701	DXA
10	50	1702	1703	,
10	51	1704	1707	and
10	52	1708	1715	adverse
10	53	1716	1722	events
10	54	1723	1727	were
10	55	1728	1737	evaluated
10	56	1738	1739	.
#Text=RESULTS: A total of 140 patients (76.9%) completed the study.
11	1	1740	1747	RESULTS
11	2	1748	1749	:
11	3	1750	1751	A
11	4	1752	1757	total
11	5	1758	1760	of
11	6	1761	1764	140
11	7	1765	1773	patients
11	8	1774	1775	(
11	9	1776	1778	76
11	10	1779	1780	.
11	11	1781	1782	9
11	12	1783	1784	%
11	13	1785	1786	)
11	14	1787	1796	completed
11	15	1797	1800	the
11	16	1801	1806	study
11	17	1807	1808	.
#Text=Over 102 weeks, dapagliflozin-treated patients showed reductions in HbA1c by -0.3%, weight by -4.54 kg, waist circumference by -5.0 cm and fat mass by -2.80 kg without increase in rate of hypoglycaemia.
12	1	1809	1813	Over
12	2	1814	1817	102
12	3	1818	1823	weeks
12	4	1824	1825	,
12	5	1826	1839	dapagliflozin
12	6	1840	1841	-
12	7	1842	1849	treated
12	8	1850	1858	patients
12	9	1859	1865	showed
12	10	1866	1876	reductions
12	11	1877	1879	in
12	12	1880	1885	HbA1c
12	13	1886	1888	by
12	14	1889	1890	-
12	15	1891	1892	0
12	16	1893	1894	.
12	17	1895	1896	3
12	18	1897	1898	%
12	19	1899	1900	,
12	20	1901	1907	weight
12	21	1908	1910	by
12	22	1911	1912	-
12	23	1913	1914	4
12	24	1915	1916	.
12	25	1917	1919	54
12	26	1920	1922	kg
12	27	1923	1924	,
12	28	1925	1930	waist
12	29	1931	1944	circumference
12	30	1945	1947	by
12	31	1948	1949	-
12	32	1950	1951	5
12	33	1952	1953	.
12	34	1954	1955	0
12	35	1956	1958	cm
12	36	1959	1962	and
12	37	1963	1966	fat
12	38	1967	1971	mass
12	39	1972	1974	by
12	40	1975	1976	-
12	41	1977	1978	2
12	42	1979	1980	.
12	43	1981	1983	80
12	44	1984	1986	kg
12	45	1987	1994	without
12	46	1995	2003	increase
12	47	2004	2006	in
12	48	2007	2011	rate
12	49	2012	2014	of
12	50	2015	2028	hypoglycaemia
12	51	2029	2030	.
#Text=Compared with placebo, no meaningful changes from baseline in markers of bone turnover or BMD were identified over 102 weeks.
13	1	2031	2039	Compared
13	2	2040	2044	with
13	3	2045	2052	placebo
13	4	2053	2054	,
13	5	2055	2057	no
13	6	2058	2068	meaningful
13	7	2069	2076	changes
13	8	2077	2081	from
13	9	2082	2090	baseline
13	10	2091	2093	in
13	11	2094	2101	markers
13	12	2102	2104	of
13	13	2105	2109	bone
13	14	2110	2118	turnover
13	15	2119	2121	or
13	16	2122	2125	BMD
13	17	2126	2130	were
13	18	2131	2141	identified
13	19	2142	2146	over
13	20	2147	2150	102
13	21	2151	2156	weeks
13	22	2157	2158	.
#Text=One fracture occurred in each treatment group.
14	1	2159	2162	One
14	2	2163	2171	fracture
14	3	2172	2180	occurred
14	4	2181	2183	in
14	5	2184	2188	each
14	6	2189	2198	treatment
14	7	2199	2204	group
14	8	2205	2206	.
#Text=The frequency of urinary tract infection (UTI) and genital infection was similar in both treatment groups.
15	1	2207	2210	The
15	2	2211	2220	frequency
15	3	2221	2223	of
15	4	2224	2231	urinary
15	5	2232	2237	tract
15	6	2238	2247	infection
15	7	2248	2249	(
15	8	2250	2253	UTI
15	9	2254	2255	)
15	10	2256	2259	and
15	11	2260	2267	genital
15	12	2268	2277	infection
15	13	2278	2281	was
15	14	2282	2289	similar
15	15	2290	2292	in
15	16	2293	2297	both
15	17	2298	2307	treatment
15	18	2308	2314	groups
15	19	2315	2316	.
#Text=CONCLUSIONS: Over 102 weeks, dapagliflozin improved glycaemic control, and reduced weight and fat mass, without affecting markers of bone turnover or BMD in patients with T2DM inadequately controlled on metformin.
16	1	2317	2328	CONCLUSIONS
16	2	2329	2330	:
16	3	2331	2335	Over
16	4	2336	2339	102
16	5	2340	2345	weeks
16	6	2346	2347	,
16	7	2348	2361	dapagliflozin
16	8	2362	2370	improved
16	9	2371	2380	glycaemic
16	10	2381	2388	control
16	11	2389	2390	,
16	12	2391	2394	and
16	13	2395	2402	reduced
16	14	2403	2409	weight
16	15	2410	2413	and
16	16	2414	2417	fat
16	17	2418	2422	mass
16	18	2423	2424	,
16	19	2425	2432	without
16	20	2433	2442	affecting
16	21	2443	2450	markers
16	22	2451	2453	of
16	23	2454	2458	bone
16	24	2459	2467	turnover
16	25	2468	2470	or
16	26	2471	2474	BMD
16	27	2475	2477	in
16	28	2478	2486	patients
16	29	2487	2491	with
16	30	2492	2496	T2DM
16	31	2497	2509	inadequately
16	32	2510	2520	controlled
16	33	2521	2523	on
16	34	2524	2533	metformin
16	35	2534	2535	.
#Text=© 2013 John Wiley & Sons Ltd.  DOI: 10.1111/dom.12189  PMID: 23906445  [Indexed for MEDLINE]
17	1	2536	2537	©
17	2	2538	2542	2013
17	3	2543	2547	John
17	4	2548	2553	Wiley
17	5	2554	2555	&
17	6	2556	2560	Sons
17	7	2561	2564	Ltd
17	8	2565	2566	.
17	9	2567	2570	DOI
17	10	2571	2572	:
17	11	2573	2575	10
17	12	2576	2577	.
17	13	2578	2582	1111
17	14	2583	2584	/
17	15	2585	2588	dom
17	16	2589	2590	.
17	17	2591	2596	12189
17	18	2597	2601	PMID
17	19	2602	2603	:
17	20	2604	2612	23906445
17	21	2613	2614	[
17	22	2615	2622	Indexed
17	23	2623	2626	for
17	24	2627	2634	MEDLINE
17	25	2635	2636	]
