#Text=Curr Med Res Opin.
1	1	0	4	Curr
1	2	5	8	Med
1	3	9	12	Res
1	4	13	17	Opin
1	5	18	19	.
#Text=2016 Jun;32(6):1131-6. doi: 10.1185/03007995.2016.1162773.
2	1	20	24	2016
2	2	25	28	Jun
2	3	29	30	;
2	4	31	33	32
2	5	34	35	(
2	6	36	37	6
2	7	38	39	)
2	8	40	41	:
2	9	42	46	1131
2	10	47	48	-
2	11	49	50	6
2	12	51	52	.
2	13	53	56	doi
2	14	57	58	:
2	15	59	61	10
2	16	62	63	.
2	17	64	68	1185
2	18	69	70	/
2	19	71	79	03007995
2	20	80	81	.
2	21	82	86	2016
2	22	87	88	.
2	23	89	96	1162773
2	24	97	98	.
#Text=Epub 2016 Mar 23.
3	1	99	103	Epub
3	2	104	108	2016
3	3	109	112	Mar
3	4	113	115	23
3	5	116	117	.
#Text=Effects of vildagliptin versus saxagliptin on daily acute glucose fluctuations in Chinese patients with T2DM inadequately controlled with a combination of metformin and sulfonylurea.
4	1	118	125	Effects
4	2	126	128	of
4	3	129	141	vildagliptin
4	4	142	148	versus
4	5	149	160	saxagliptin
4	6	161	163	on
4	7	164	169	daily
4	8	170	175	acute
4	9	176	183	glucose
4	10	184	196	fluctuations
4	11	197	199	in
4	12	200	207	Chinese
4	13	208	216	patients
4	14	217	221	with
4	15	222	226	T2DM
4	16	227	239	inadequately
4	17	240	250	controlled
4	18	251	255	with
4	19	256	257	a
4	20	258	269	combination
4	21	270	272	of
4	22	273	282	metformin
4	23	283	286	and
4	24	287	299	sulfonylurea
4	25	300	301	.
#Text=Xiaoyan C(1), Jing W(1), Xiaochun H(1), Yuyu T(1), Shunyou D(1), Yingyu F(1).
5	1	302	309	Xiaoyan
5	2	310	311	C
5	3	312	313	(
5	4	314	315	1
5	5	316	317	)
5	6	318	319	,
5	7	320	324	Jing
5	8	325	326	W
5	9	327	328	(
5	10	329	330	1
5	11	331	332	)
5	12	333	334	,
5	13	335	343	Xiaochun
5	14	344	345	H
5	15	346	347	(
5	16	348	349	1
5	17	350	351	)
5	18	352	353	,
5	19	354	358	Yuyu
5	20	359	360	T
5	21	361	362	(
5	22	363	364	1
5	23	365	366	)
5	24	367	368	,
5	25	369	376	Shunyou
5	26	377	378	D
5	27	379	380	(
5	28	381	382	1
5	29	383	384	)
5	30	385	386	,
5	31	387	393	Yingyu
5	32	394	395	F
5	33	396	397	(
5	34	398	399	1
5	35	400	401	)
5	36	402	403	.
#Text=Author information:  (1)a The First Affiliated Hospital of Guangzhou Medical University , Endocrinology Department , Guangzhou , China.
6	1	404	410	Author
6	2	411	422	information
6	3	423	424	:
6	4	425	426	(
6	5	427	428	1
6	6	429	430	)
6	7	431	432	a
6	8	433	436	The
6	9	437	442	First
6	10	443	453	Affiliated
6	11	454	462	Hospital
6	12	463	465	of
6	13	466	475	Guangzhou
6	14	476	483	Medical
6	15	484	494	University
6	16	495	496	,
6	17	497	510	Endocrinology
6	18	511	521	Department
6	19	522	523	,
6	20	524	533	Guangzhou
6	21	534	535	,
6	22	536	541	China
6	23	542	543	.
#Text=Objective The present study aimed to compare the effects of the dipeptidyl peptidase-4 (DPP-4) inhibitors vildagliptin and saxagliptin on 24 hour acute glucose fluctuations in Chinese patients with type 2 diabetes mellitus (T2DM) inadequately controlled with a combination of metformin and sulfonylurea.
7	1	544	553	Objective
7	2	554	557	The
7	3	558	565	present
7	4	566	571	study
7	5	572	577	aimed
7	6	578	580	to
7	7	581	588	compare
7	8	589	592	the
7	9	593	600	effects
7	10	601	603	of
7	11	604	607	the
7	12	608	618	dipeptidyl
7	13	619	628	peptidase
7	14	629	630	-
7	15	631	632	4
7	16	633	634	(
7	17	635	638	DPP
7	18	639	640	-
7	19	641	642	4
7	20	643	644	)
7	21	645	655	inhibitors
7	22	656	668	vildagliptin
7	23	669	672	and
7	24	673	684	saxagliptin
7	25	685	687	on
7	26	688	690	24
7	27	691	692	 
7	28	693	697	hour
7	29	698	703	acute
7	30	704	711	glucose
7	31	712	724	fluctuations
7	32	725	727	in
7	33	728	735	Chinese
7	34	736	744	patients
7	35	745	749	with
7	36	750	754	type
7	37	755	756	2
7	38	757	765	diabetes
7	39	766	774	mellitus
7	40	775	776	(
7	41	777	781	T2DM
7	42	782	783	)
7	43	784	796	inadequately
7	44	797	807	controlled
7	45	808	812	with
7	46	813	814	a
7	47	815	826	combination
7	48	827	829	of
7	49	830	839	metformin
7	50	840	843	and
7	51	844	856	sulfonylurea
7	52	857	858	.
#Text=Research design and methods This was a 24 week, prospective, randomized, open-label, active-controlled study.
8	1	859	867	Research
8	2	868	874	design
8	3	875	878	and
8	4	879	886	methods
8	5	887	891	This
8	6	892	895	was
8	7	896	897	a
8	8	898	900	24
8	9	901	905	week
8	10	906	907	,
8	11	908	919	prospective
8	12	920	921	,
8	13	922	932	randomized
8	14	933	934	,
8	15	935	939	open
8	16	940	941	-
8	17	942	947	label
8	18	948	949	,
8	19	950	956	active
8	20	957	958	-
8	21	959	969	controlled
8	22	970	975	study
8	23	976	977	.
#Text=Patients (N = 73) with T2DM who had inadequate glycemic control (HbA1c 7.0%-10.0%) with a stable dosage of metformin  plus gliclazide for more than 3 months were randomized to receive either vildagliptin 50 mg twice daily (BID, n = 37) or saxagliptin 5 mg once daily (QD,  n = 36).
9	1	978	986	Patients
9	2	987	988	(
9	3	989	990	N
9	4	991	994	 = 
9	5	995	997	73
9	6	998	999	)
9	7	1000	1004	with
9	8	1005	1009	T2DM
9	9	1010	1013	who
9	10	1014	1017	had
9	11	1018	1028	inadequate
9	12	1029	1037	glycemic
9	13	1038	1045	control
9	14	1046	1047	(
9	15	1048	1053	HbA1c
9	16	1054	1055	7
9	17	1056	1057	.
9	18	1058	1059	0
9	19	1060	1061	%
9	20	1062	1063	-
9	21	1064	1066	10
9	22	1067	1068	.
9	23	1069	1070	0
9	24	1071	1072	%
9	25	1073	1074	)
9	26	1075	1079	with
9	27	1080	1081	a
9	28	1082	1088	stable
9	29	1089	1095	dosage
9	30	1096	1098	of
9	31	1099	1108	metformin
9	32	1109	1113	plus
9	33	1114	1124	gliclazide
9	34	1125	1128	for
9	35	1129	1133	more
9	36	1134	1138	than
9	37	1139	1140	3
9	38	1141	1147	months
9	39	1148	1152	were
9	40	1153	1163	randomized
9	41	1164	1166	to
9	42	1167	1174	receive
9	43	1175	1181	either
9	44	1182	1194	vildagliptin
9	45	1195	1197	50
9	46	1198	1199	 
9	47	1200	1202	mg
9	48	1203	1208	twice
9	49	1209	1214	daily
9	50	1215	1216	(
9	51	1217	1220	BID
9	52	1221	1222	,
9	53	1223	1224	n
9	54	1225	1228	 = 
9	55	1229	1231	37
9	56	1232	1233	)
9	57	1234	1236	or
9	58	1237	1248	saxagliptin
9	59	1249	1250	5
9	60	1251	1252	 
9	61	1253	1255	mg
9	62	1256	1260	once
9	63	1261	1266	daily
9	64	1267	1268	(
9	65	1269	1271	QD
9	66	1272	1273	,
9	67	1274	1275	n
9	68	1276	1279	 = 
9	69	1280	1282	36
9	70	1283	1284	)
9	71	1285	1286	.
#Text=Change in mean amplitude of glycemic excursions (MAGE) was assessed at the end of 24 weeks.
10	1	1287	1293	Change
10	2	1294	1296	in
10	3	1297	1301	mean
10	4	1302	1311	amplitude
10	5	1312	1314	of
10	6	1315	1323	glycemic
10	7	1324	1334	excursions
10	8	1335	1336	(
10	9	1337	1341	MAGE
10	10	1342	1343	)
10	11	1344	1347	was
10	12	1348	1356	assessed
10	13	1357	1359	at
10	14	1360	1363	the
10	15	1364	1367	end
10	16	1368	1370	of
10	17	1371	1373	24
10	18	1374	1379	weeks
10	19	1380	1381	.
#Text=Results At baseline, the mean (±SD) age was 62.9 ± 6.55 years, disease duration was 7.0 ± 2.33 years, and HbA1c was 8.4 ± 0.68%.
11	1	1382	1389	Results
11	2	1390	1392	At
11	3	1393	1401	baseline
11	4	1402	1403	,
11	5	1404	1407	the
11	6	1408	1412	mean
11	7	1413	1414	(
11	8	1415	1416	±
11	9	1417	1419	SD
11	10	1420	1421	)
11	11	1422	1425	age
11	12	1426	1429	was
11	13	1430	1432	62
11	14	1433	1434	.
11	15	1435	1436	9
11	16	1437	1440	 ± 
11	17	1441	1442	6
11	18	1443	1444	.
11	19	1445	1447	55
11	20	1448	1453	years
11	21	1454	1455	,
11	22	1456	1463	disease
11	23	1464	1472	duration
11	24	1473	1476	was
11	25	1477	1478	7
11	26	1479	1480	.
11	27	1481	1482	0
11	28	1483	1486	 ± 
11	29	1487	1488	2
11	30	1489	1490	.
11	31	1491	1493	33
11	32	1494	1499	years
11	33	1500	1501	,
11	34	1502	1505	and
11	35	1506	1511	HbA1c
11	36	1512	1515	was
11	37	1516	1517	8
11	38	1518	1519	.
11	39	1520	1521	4
11	40	1522	1525	 ± 
11	41	1526	1527	0
11	42	1528	1529	.
11	43	1530	1532	68
11	44	1533	1534	%
11	45	1535	1536	.
#Text=After 24 weeks of treatment, the MAGE decreased from 5.81 ± 1.16 mmol/L to 4.06 ± 0.86 mmol/L (p<0.001) in the vildagliptin group and from 5.66 ± 1.14 mmol/L to 4.79 ± 1.25 mmol/L (p = 0.003) in the saxagliptin group.
12	1	1537	1542	After
12	2	1543	1545	24
12	3	1546	1551	weeks
12	4	1552	1554	of
12	5	1555	1564	treatment
12	6	1565	1566	,
12	7	1567	1570	the
12	8	1571	1575	MAGE
12	9	1576	1585	decreased
12	10	1586	1590	from
12	11	1591	1592	5
12	12	1593	1594	.
12	13	1595	1597	81
12	14	1598	1601	 ± 
12	15	1602	1603	1
12	16	1604	1605	.
12	17	1606	1608	16
12	18	1609	1610	 
12	19	1611	1615	mmol
12	20	1616	1617	/
12	21	1618	1619	L
12	22	1620	1622	to
12	23	1623	1624	4
12	24	1625	1626	.
12	25	1627	1629	06
12	26	1630	1633	 ± 
12	27	1634	1635	0
12	28	1636	1637	.
12	29	1638	1640	86
12	30	1641	1642	 
12	31	1643	1647	mmol
12	32	1648	1649	/
12	33	1650	1651	L
12	34	1652	1653	(
12	35	1654	1655	p
12	36	1656	1657	<
12	37	1658	1659	0
12	38	1660	1661	.
12	39	1662	1665	001
12	40	1666	1667	)
12	41	1668	1670	in
12	42	1671	1674	the
12	43	1675	1687	vildagliptin
12	44	1688	1693	group
12	45	1694	1697	and
12	46	1698	1702	from
12	47	1703	1704	5
12	48	1705	1706	.
12	49	1707	1709	66
12	50	1710	1713	 ± 
12	51	1714	1715	1
12	52	1716	1717	.
12	53	1718	1720	14
12	54	1721	1722	 
12	55	1723	1727	mmol
12	56	1728	1729	/
12	57	1730	1731	L
12	58	1732	1734	to
12	59	1735	1736	4
12	60	1737	1738	.
12	61	1739	1741	79
12	62	1742	1745	 ± 
12	63	1746	1747	1
12	64	1748	1749	.
12	65	1750	1752	25
12	66	1753	1754	 
12	67	1755	1759	mmol
12	68	1760	1761	/
12	69	1762	1763	L
12	70	1764	1765	(
12	71	1766	1767	p
12	72	1768	1771	 = 
12	73	1772	1773	0
12	74	1774	1775	.
12	75	1776	1779	003
12	76	1780	1781	)
12	77	1782	1784	in
12	78	1785	1788	the
12	79	1789	1800	saxagliptin
12	80	1801	1806	group
12	81	1807	1808	.
#Text=The mean change in MAGE in the vildagliptin group was significantly greater than  that in the saxagliptin group (1.74 ± 0.48 mmol/L vs. 0.87 ± 0.40 mmol/L, p<0.001).
13	1	1809	1812	The
13	2	1813	1817	mean
13	3	1818	1824	change
13	4	1825	1827	in
13	5	1828	1832	MAGE
13	6	1833	1835	in
13	7	1836	1839	the
13	8	1840	1852	vildagliptin
13	9	1853	1858	group
13	10	1859	1862	was
13	11	1863	1876	significantly
13	12	1877	1884	greater
13	13	1885	1889	than
13	14	1890	1894	that
13	15	1895	1897	in
13	16	1898	1901	the
13	17	1902	1913	saxagliptin
13	18	1914	1919	group
13	19	1920	1921	(
13	20	1922	1923	1
13	21	1924	1925	.
13	22	1926	1928	74
13	23	1929	1932	 ± 
13	24	1933	1934	0
13	25	1935	1936	.
13	26	1937	1939	48
13	27	1940	1941	 
13	28	1942	1946	mmol
13	29	1947	1948	/
13	30	1949	1950	L
13	31	1951	1953	vs
13	32	1954	1955	.
13	33	1956	1957	0
13	34	1958	1959	.
13	35	1960	1962	87
13	36	1963	1966	 ± 
13	37	1967	1968	0
13	38	1969	1970	.
13	39	1971	1973	40
13	40	1974	1975	 
13	41	1976	1980	mmol
13	42	1981	1982	/
13	43	1983	1984	L
13	44	1985	1986	,
13	45	1987	1988	p
13	46	1989	1990	<
13	47	1991	1992	0
13	48	1993	1994	.
13	49	1995	1998	001
13	50	1999	2000	)
13	51	2001	2002	.
#Text=The mean change in HbA1c, from baseline to the study endpoint, in the vildagliptin and saxagliptin groups, was 1.22 ± 0.40% and 1.07 ± 0.36%, respectively, with no significant difference between the groups (p = 0.091).
14	1	2003	2006	The
14	2	2007	2011	mean
14	3	2012	2018	change
14	4	2019	2021	in
14	5	2022	2027	HbA1c
14	6	2028	2029	,
14	7	2030	2034	from
14	8	2035	2043	baseline
14	9	2044	2046	to
14	10	2047	2050	the
14	11	2051	2056	study
14	12	2057	2065	endpoint
14	13	2066	2067	,
14	14	2068	2070	in
14	15	2071	2074	the
14	16	2075	2087	vildagliptin
14	17	2088	2091	and
14	18	2092	2103	saxagliptin
14	19	2104	2110	groups
14	20	2111	2112	,
14	21	2113	2116	was
14	22	2117	2118	1
14	23	2119	2120	.
14	24	2121	2123	22
14	25	2124	2127	 ± 
14	26	2128	2129	0
14	27	2130	2131	.
14	28	2132	2134	40
14	29	2135	2136	%
14	30	2137	2140	and
14	31	2141	2142	1
14	32	2143	2144	.
14	33	2145	2147	07
14	34	2148	2151	 ± 
14	35	2152	2153	0
14	36	2154	2155	.
14	37	2156	2158	36
14	38	2159	2160	%
14	39	2161	2162	,
14	40	2163	2175	respectively
14	41	2176	2177	,
14	42	2178	2182	with
14	43	2183	2185	no
14	44	2186	2197	significant
14	45	2198	2208	difference
14	46	2209	2216	between
14	47	2217	2220	the
14	48	2221	2227	groups
14	49	2228	2229	(
14	50	2230	2231	p
14	51	2232	2235	 = 
14	52	2236	2237	0
14	53	2238	2239	.
14	54	2240	2243	091
14	55	2244	2245	)
14	56	2246	2247	.
#Text=The  overall safety and tolerability of vildagliptin and saxagliptin were similar.
15	1	2248	2251	The
15	2	2252	2259	overall
15	3	2260	2266	safety
15	4	2267	2270	and
15	5	2271	2283	tolerability
15	6	2284	2286	of
15	7	2287	2299	vildagliptin
15	8	2300	2303	and
15	9	2304	2315	saxagliptin
15	10	2316	2320	were
15	11	2321	2328	similar
15	12	2329	2330	.
#Text=The limitations of the study were a small number of patients and open-label administration of the study drug.
16	1	2331	2334	The
16	2	2335	2346	limitations
16	3	2347	2349	of
16	4	2350	2353	the
16	5	2354	2359	study
16	6	2360	2364	were
16	7	2365	2366	a
16	8	2367	2372	small
16	9	2373	2379	number
16	10	2380	2382	of
16	11	2383	2391	patients
16	12	2392	2395	and
16	13	2396	2400	open
16	14	2401	2402	-
16	15	2403	2408	label
16	16	2409	2423	administration
16	17	2424	2426	of
16	18	2427	2430	the
16	19	2431	2436	study
16	20	2437	2441	drug
16	21	2442	2443	.
#Text=Conclusion Vildagliptin produced a significantly greater reduction in acute glucose fluctuations compared with saxagliptin when added to a dual combination of metformin and sulfonylurea in Chinese patients with T2DM.
17	1	2444	2454	Conclusion
17	2	2455	2467	Vildagliptin
17	3	2468	2476	produced
17	4	2477	2478	a
17	5	2479	2492	significantly
17	6	2493	2500	greater
17	7	2501	2510	reduction
17	8	2511	2513	in
17	9	2514	2519	acute
17	10	2520	2527	glucose
17	11	2528	2540	fluctuations
17	12	2541	2549	compared
17	13	2550	2554	with
17	14	2555	2566	saxagliptin
17	15	2567	2571	when
17	16	2572	2577	added
17	17	2578	2580	to
17	18	2581	2582	a
17	19	2583	2587	dual
17	20	2588	2599	combination
17	21	2600	2602	of
17	22	2603	2612	metformin
17	23	2613	2616	and
17	24	2617	2629	sulfonylurea
17	25	2630	2632	in
17	26	2633	2640	Chinese
17	27	2641	2649	patients
17	28	2650	2654	with
17	29	2655	2659	T2DM
17	30	2660	2661	.
#Text=Chinese clinical trial registration number ChiCTR-TRC-13003858.
18	1	2662	2669	Chinese
18	2	2670	2678	clinical
18	3	2679	2684	trial
18	4	2685	2697	registration
18	5	2698	2704	number
18	6	2705	2711	ChiCTR
18	7	2712	2713	-
18	8	2714	2717	TRC
18	9	2718	2719	-
18	10	2720	2728	13003858
18	11	2729	2730	.
#Text=DOI: 10.1185/03007995.2016.1162773  PMID: 26950829  [Indexed for MEDLINE]
19	1	2731	2734	DOI
19	2	2735	2736	:
19	3	2737	2739	10
19	4	2740	2741	.
19	5	2742	2746	1185
19	6	2747	2748	/
19	7	2749	2757	03007995
19	8	2758	2759	.
19	9	2760	2764	2016
19	10	2765	2766	.
19	11	2767	2774	1162773
19	12	2775	2779	PMID
19	13	2780	2781	:
19	14	2782	2790	26950829
19	15	2791	2792	[
19	16	2793	2800	Indexed
19	17	2801	2804	for
19	18	2805	2812	MEDLINE
19	19	2813	2814	]
