#Text=Diabetes Obes Metab.
1	1	0	8	Diabetes
1	2	9	13	Obes
1	3	14	19	Metab
1	4	20	21	.
#Text=2011 Dec;13(12):1149-57. doi: 10.1111/j.1463-1326.2011.01484.x.
2	1	22	26	2011
2	2	27	30	Dec
2	3	31	32	;
2	4	33	35	13
2	5	36	37	(
2	6	38	40	12
2	7	41	42	)
2	8	43	44	:
2	9	45	49	1149
2	10	50	51	-
2	11	52	54	57
2	12	55	56	.
2	13	57	60	doi
2	14	61	62	:
2	15	63	65	10
2	16	66	67	.
2	17	68	72	1111
2	18	73	74	/
2	19	75	76	j
2	20	77	78	.
2	21	79	83	1463
2	22	84	85	-
2	23	86	90	1326
2	24	91	92	.
2	25	93	97	2011
2	26	98	99	.
2	27	100	105	01484
2	28	106	107	.
2	29	108	109	x
2	30	110	111	.
#Text=Comparison of insulin lispro protamine suspension versus insulin glargine once daily in basal-bolus therapies with insulin lispro in type 2 diabetes patients: a prospective randomized open-label trial.
3	1	112	122	Comparison
3	2	123	125	of
3	3	126	133	insulin
3	4	134	140	lispro
3	5	141	150	protamine
3	6	151	161	suspension
3	7	162	168	versus
3	8	169	176	insulin
3	9	177	185	glargine
3	10	186	190	once
3	11	191	196	daily
3	12	197	199	in
3	13	200	205	basal
3	14	206	207	-
3	15	208	213	bolus
3	16	214	223	therapies
3	17	224	228	with
3	18	229	236	insulin
3	19	237	243	lispro
3	20	244	246	in
3	21	247	251	type
3	22	252	253	2
3	23	254	262	diabetes
3	24	263	271	patients
3	25	272	273	:
3	26	274	275	a
3	27	276	287	prospective
3	28	288	298	randomized
3	29	299	303	open
3	30	304	305	-
3	31	306	311	label
3	32	312	317	trial
3	33	318	319	.
#Text=Koivisto V(1), Cleall S, Pontiroli AE, Giugliano D.  Author information:  (1)Lilly Deutschland GmbH, Bad Homburg, Germany.
4	1	320	328	Koivisto
4	2	329	330	V
4	3	331	332	(
4	4	333	334	1
4	5	335	336	)
4	6	337	338	,
4	7	339	345	Cleall
4	8	346	347	S
4	9	348	349	,
4	10	350	359	Pontiroli
4	11	360	362	AE
4	12	363	364	,
4	13	365	374	Giugliano
4	14	375	376	D
4	15	377	378	.
4	16	379	385	Author
4	17	386	397	information
4	18	398	399	:
4	19	400	401	(
4	20	402	403	1
4	21	404	405	)
4	22	406	411	Lilly
4	23	412	423	Deutschland
4	24	424	428	GmbH
4	25	429	430	,
4	26	431	434	Bad
4	27	435	442	Homburg
4	28	443	444	,
4	29	445	452	Germany
4	30	453	454	.
#Text=koivisto_veikko@lilly.com  AIMS: To compare the efficacy and safety of insulin lispro protamine suspension (ILPS) versus insulin glargine once daily in a basal-bolus regimen in type 2 diabetes mellitus (T2DM) patients.
5	1	455	470	koivisto_veikko
5	2	471	472	@
5	3	473	478	lilly
5	4	479	480	.
5	5	481	484	com
5	6	485	489	AIMS
5	7	490	491	:
5	8	492	494	To
5	9	495	502	compare
5	10	503	506	the
5	11	507	515	efficacy
5	12	516	519	and
5	13	520	526	safety
5	14	527	529	of
5	15	530	537	insulin
5	16	538	544	lispro
5	17	545	554	protamine
5	18	555	565	suspension
5	19	566	567	(
5	20	568	572	ILPS
5	21	573	574	)
5	22	575	581	versus
5	23	582	589	insulin
5	24	590	598	glargine
5	25	599	603	once
5	26	604	609	daily
5	27	610	612	in
5	28	613	614	a
5	29	615	620	basal
5	30	621	622	-
5	31	623	628	bolus
5	32	629	636	regimen
5	33	637	639	in
5	34	640	644	type
5	35	645	646	2
5	36	647	655	diabetes
5	37	656	664	mellitus
5	38	665	666	(
5	39	667	671	T2DM
5	40	672	673	)
5	41	674	682	patients
5	42	683	684	.
#Text=METHODS: Three hundred eighty-three insulin-treated patients were randomized to either ILPS plus lispro or glargine plus lispro in this open-label 24-week European study.
6	1	685	692	METHODS
6	2	693	694	:
6	3	695	700	Three
6	4	701	708	hundred
6	5	709	715	eighty
6	6	716	717	-
6	7	718	723	three
6	8	724	731	insulin
6	9	732	733	-
6	10	734	741	treated
6	11	742	750	patients
6	12	751	755	were
6	13	756	766	randomized
6	14	767	769	to
6	15	770	776	either
6	16	777	781	ILPS
6	17	782	786	plus
6	18	787	793	lispro
6	19	794	796	or
6	20	797	805	glargine
6	21	806	810	plus
6	22	811	817	lispro
6	23	818	820	in
6	24	821	825	this
6	25	826	830	open
6	26	831	832	-
6	27	833	838	label
6	28	839	841	24
6	29	842	843	-
6	30	844	848	week
6	31	849	857	European
6	32	858	863	study
6	33	864	865	.
#Text=Insulin doses were titrated to predefined blood glucose (BG) targets.
7	1	866	873	Insulin
7	2	874	879	doses
7	3	880	884	were
7	4	885	893	titrated
7	5	894	896	to
7	6	897	907	predefined
7	7	908	913	blood
7	8	914	921	glucose
7	9	922	923	(
7	10	924	926	BG
7	11	927	928	)
7	12	929	936	targets
7	13	937	938	.
#Text=Non-inferiority of ILPS versus glargine was assessed by comparing the upper limit of the 95% confidence interval (CI) for the change of HbA1c from baseline to week 24 (adjusted for country and baseline HbA1c) with the non-inferiority margin of 0.4%.
8	1	939	942	Non
8	2	943	944	-
8	3	945	956	inferiority
8	4	957	959	of
8	5	960	964	ILPS
8	6	965	971	versus
8	7	972	980	glargine
8	8	981	984	was
8	9	985	993	assessed
8	10	994	996	by
8	11	997	1006	comparing
8	12	1007	1010	the
8	13	1011	1016	upper
8	14	1017	1022	limit
8	15	1023	1025	of
8	16	1026	1029	the
8	17	1030	1032	95
8	18	1033	1034	%
8	19	1035	1045	confidence
8	20	1046	1054	interval
8	21	1055	1056	(
8	22	1057	1059	CI
8	23	1060	1061	)
8	24	1062	1065	for
8	25	1066	1069	the
8	26	1070	1076	change
8	27	1077	1079	of
8	28	1080	1085	HbA1c
8	29	1086	1090	from
8	30	1091	1099	baseline
8	31	1100	1102	to
8	32	1103	1107	week
8	33	1108	1110	24
8	34	1111	1112	(
8	35	1113	1121	adjusted
8	36	1122	1125	for
8	37	1126	1133	country
8	38	1134	1137	and
8	39	1138	1146	baseline
8	40	1147	1152	HbA1c
8	41	1153	1154	)
8	42	1155	1159	with
8	43	1160	1163	the
8	44	1164	1167	non
8	45	1168	1169	-
8	46	1170	1181	inferiority
8	47	1182	1188	margin
8	48	1189	1191	of
8	49	1192	1193	0
8	50	1194	1195	.
8	51	1196	1197	4
8	52	1198	1199	%
8	53	1200	1201	.
#Text=Secondary endpoints included HbA1c categories, BG profiles, insulin doses, hypoglycaemic episodes, adverse events and vital signs.
9	1	1202	1211	Secondary
9	2	1212	1221	endpoints
9	3	1222	1230	included
9	4	1231	1236	HbA1c
9	5	1237	1247	categories
9	6	1248	1249	,
9	7	1250	1252	BG
9	8	1253	1261	profiles
9	9	1262	1263	,
9	10	1264	1271	insulin
9	11	1272	1277	doses
9	12	1278	1279	,
9	13	1280	1293	hypoglycaemic
9	14	1294	1302	episodes
9	15	1303	1304	,
9	16	1305	1312	adverse
9	17	1313	1319	events
9	18	1320	1323	and
9	19	1324	1329	vital
9	20	1330	1335	signs
9	21	1336	1337	.
#Text=RESULTS: Non-inferiority of ILPS versus glargine in the change of HbA1c from baseline was shown: least-square mean between-treatment difference (95% CI) was 0.1% (-0.11; 0.31).
10	1	1338	1345	RESULTS
10	2	1346	1347	:
10	3	1348	1351	Non
10	4	1352	1353	-
10	5	1354	1365	inferiority
10	6	1366	1368	of
10	7	1369	1373	ILPS
10	8	1374	1380	versus
10	9	1381	1389	glargine
10	10	1390	1392	in
10	11	1393	1396	the
10	12	1397	1403	change
10	13	1404	1406	of
10	14	1407	1412	HbA1c
10	15	1413	1417	from
10	16	1418	1426	baseline
10	17	1427	1430	was
10	18	1431	1436	shown
10	19	1437	1438	:
10	20	1439	1444	least
10	21	1445	1446	-
10	22	1447	1453	square
10	23	1454	1458	mean
10	24	1459	1466	between
10	25	1467	1468	-
10	26	1469	1478	treatment
10	27	1479	1489	difference
10	28	1490	1491	(
10	29	1492	1494	95
10	30	1495	1496	%
10	31	1497	1499	CI
10	32	1500	1501	)
10	33	1502	1505	was
10	34	1506	1507	0
10	35	1508	1509	.
10	36	1510	1511	1
10	37	1512	1513	%
10	38	1514	1515	(
10	39	1516	1517	-
10	40	1518	1519	0
10	41	1520	1521	.
10	42	1522	1524	11
10	43	1525	1526	;
10	44	1527	1528	0
10	45	1529	1530	.
10	46	1531	1533	31
10	47	1534	1535	)
10	48	1536	1537	.
#Text=Mean changes at week 24 were -1.05% (ILPS) and -1.20% (glargine).
11	1	1538	1542	Mean
11	2	1543	1550	changes
11	3	1551	1553	at
11	4	1554	1558	week
11	5	1559	1561	24
11	6	1562	1566	were
11	7	1567	1568	-
11	8	1569	1570	1
11	9	1571	1572	.
11	10	1573	1575	05
11	11	1576	1577	%
11	12	1578	1579	(
11	13	1580	1584	ILPS
11	14	1585	1586	)
11	15	1587	1590	and
11	16	1591	1592	-
11	17	1593	1594	1
11	18	1595	1596	.
11	19	1597	1599	20
11	20	1600	1601	%
11	21	1602	1603	(
11	22	1604	1612	glargine
11	23	1613	1614	)
11	24	1615	1616	.
#Text=HbA1c <7.0% was achieved by 21.7 versus 29.4% of patients.
12	1	1617	1622	HbA1c
12	2	1623	1624	<
12	3	1625	1626	7
12	4	1627	1628	.
12	5	1629	1630	0
12	6	1631	1632	%
12	7	1633	1636	was
12	8	1637	1645	achieved
12	9	1646	1648	by
12	10	1649	1651	21
12	11	1652	1653	.
12	12	1654	1655	7
12	13	1656	1662	versus
12	14	1663	1665	29
12	15	1666	1667	.
12	16	1668	1669	4
12	17	1670	1671	%
12	18	1672	1674	of
12	19	1675	1683	patients
12	20	1684	1685	.
#Text=Mean basal/mealtime insulin doses at week 24 were 29.6/36.2 IU/day (ILPS) versus 32.8/42.2 IU/day (glargine); the difference was not statistically significant for total dose (p = 0.7).
13	1	1686	1690	Mean
13	2	1691	1696	basal
13	3	1697	1698	/
13	4	1699	1707	mealtime
13	5	1708	1715	insulin
13	6	1716	1721	doses
13	7	1722	1724	at
13	8	1725	1729	week
13	9	1730	1732	24
13	10	1733	1737	were
13	11	1738	1740	29
13	12	1741	1742	.
13	13	1743	1744	6
13	14	1745	1746	/
13	15	1747	1749	36
13	16	1750	1751	.
13	17	1752	1753	2
13	18	1754	1756	IU
13	19	1757	1758	/
13	20	1759	1762	day
13	21	1763	1764	(
13	22	1765	1769	ILPS
13	23	1770	1771	)
13	24	1772	1778	versus
13	25	1779	1781	32
13	26	1782	1783	.
13	27	1784	1785	8
13	28	1786	1787	/
13	29	1788	1790	42
13	30	1791	1792	.
13	31	1793	1794	2
13	32	1795	1797	IU
13	33	1798	1799	/
13	34	1800	1803	day
13	35	1804	1805	(
13	36	1806	1814	glargine
13	37	1815	1816	)
13	38	1817	1818	;
13	39	1819	1822	the
13	40	1823	1833	difference
13	41	1834	1837	was
13	42	1838	1841	not
13	43	1842	1855	statistically
13	44	1856	1867	significant
13	45	1868	1871	for
13	46	1872	1877	total
13	47	1878	1882	dose
13	48	1883	1884	(
13	49	1885	1886	p
13	50	1887	1888	=
13	51	1889	1890	0
13	52	1891	1892	.
13	53	1893	1894	7
13	54	1895	1896	)
13	55	1897	1898	.
#Text=In both groups, 56.1/25.7% versus 63.6/19.3% of patients experienced any/nocturnal hypoglycaemia (p = 0.2 for both).
14	1	1899	1901	In
14	2	1902	1906	both
14	3	1907	1913	groups
14	4	1914	1915	,
14	5	1916	1918	56
14	6	1919	1920	.
14	7	1921	1922	1
14	8	1923	1924	/
14	9	1925	1927	25
14	10	1928	1929	.
14	11	1930	1931	7
14	12	1932	1933	%
14	13	1934	1940	versus
14	14	1941	1943	63
14	15	1944	1945	.
14	16	1946	1947	6
14	17	1948	1949	/
14	18	1950	1952	19
14	19	1953	1954	.
14	20	1955	1956	3
14	21	1957	1958	%
14	22	1959	1961	of
14	23	1962	1970	patients
14	24	1971	1982	experienced
14	25	1983	1986	any
14	26	1987	1988	/
14	27	1989	1998	nocturnal
14	28	1999	2012	hypoglycaemia
14	29	2013	2014	(
14	30	2015	2016	p
14	31	2017	2018	=
14	32	2019	2020	0
14	33	2021	2022	.
14	34	2023	2024	2
14	35	2025	2028	for
14	36	2029	2033	both
14	37	2034	2035	)
14	38	2036	2037	.
#Text=No relevant differences were noted in any other variables.
15	1	2038	2040	No
15	2	2041	2049	relevant
15	3	2050	2061	differences
15	4	2062	2066	were
15	5	2067	2072	noted
15	6	2073	2075	in
15	7	2076	2079	any
15	8	2080	2085	other
15	9	2086	2095	variables
15	10	2096	2097	.
#Text=CONCLUSIONS: A basal-bolus regimen with ILPS once daily resulted in non-inferior  glycaemic control compared to a similar regimen with glargine, without statistically significant or clinically relevant differences in hypoglycaemia.
16	1	2098	2109	CONCLUSIONS
16	2	2110	2111	:
16	3	2112	2113	A
16	4	2114	2119	basal
16	5	2120	2121	-
16	6	2122	2127	bolus
16	7	2128	2135	regimen
16	8	2136	2140	with
16	9	2141	2145	ILPS
16	10	2146	2150	once
16	11	2151	2156	daily
16	12	2157	2165	resulted
16	13	2166	2168	in
16	14	2169	2172	non
16	15	2173	2174	-
16	16	2175	2183	inferior
16	17	2184	2193	glycaemic
16	18	2194	2201	control
16	19	2202	2210	compared
16	20	2211	2213	to
16	21	2214	2215	a
16	22	2216	2223	similar
16	23	2224	2231	regimen
16	24	2232	2236	with
16	25	2237	2245	glargine
16	26	2246	2247	,
16	27	2248	2255	without
16	28	2256	2269	statistically
16	29	2270	2281	significant
16	30	2282	2284	or
16	31	2285	2295	clinically
16	32	2296	2304	relevant
16	33	2305	2316	differences
16	34	2317	2319	in
16	35	2320	2333	hypoglycaemia
16	36	2334	2335	.
#Text=ILPS-based regimens can be considered an alternative to basal-bolus regimens with glargine for T2DM patients.
17	1	2336	2340	ILPS
17	2	2341	2342	-
17	3	2343	2348	based
17	4	2349	2357	regimens
17	5	2358	2361	can
17	6	2362	2364	be
17	7	2365	2375	considered
17	8	2376	2378	an
17	9	2379	2390	alternative
17	10	2391	2393	to
17	11	2394	2399	basal
17	12	2400	2401	-
17	13	2402	2407	bolus
17	14	2408	2416	regimens
17	15	2417	2421	with
17	16	2422	2430	glargine
17	17	2431	2434	for
17	18	2435	2439	T2DM
17	19	2440	2448	patients
17	20	2449	2450	.
#Text=© 2011 Blackwell Publishing Ltd.  DOI: 10.1111/j.1463-1326.2011.01484.x  PMID: 21819517  [Indexed for MEDLINE]
18	1	2451	2452	©
18	2	2453	2457	2011
18	3	2458	2467	Blackwell
18	4	2468	2478	Publishing
18	5	2479	2482	Ltd
18	6	2483	2484	.
18	7	2485	2488	DOI
18	8	2489	2490	:
18	9	2491	2493	10
18	10	2494	2495	.
18	11	2496	2500	1111
18	12	2501	2502	/
18	13	2503	2504	j
18	14	2505	2506	.
18	15	2507	2511	1463
18	16	2512	2513	-
18	17	2514	2518	1326
18	18	2519	2520	.
18	19	2521	2525	2011
18	20	2526	2527	.
18	21	2528	2533	01484
18	22	2534	2535	.
18	23	2536	2537	x
18	24	2538	2542	PMID
18	25	2543	2544	:
18	26	2545	2553	21819517
18	27	2554	2555	[
18	28	2556	2563	Indexed
18	29	2564	2567	for
18	30	2568	2575	MEDLINE
18	31	2576	2577	]
