#Text=Diabetes Obes Metab.
1	1	0	8	Diabetes
1	2	9	13	Obes
1	3	14	19	Metab
1	4	20	21	.
#Text=2013 Nov;15(11):1000-7. doi: 10.1111/dom.12121.
2	1	22	26	2013
2	2	27	30	Nov
2	3	31	32	;
2	4	33	35	15
2	5	36	37	(
2	6	38	40	11
2	7	41	42	)
2	8	43	44	:
2	9	45	49	1000
2	10	50	51	-
2	11	52	53	7
2	12	54	55	.
2	13	56	59	doi
2	14	60	61	:
2	15	62	64	10
2	16	65	66	.
2	17	67	71	1111
2	18	72	73	/
2	19	74	77	dom
2	20	78	79	.
2	21	80	85	12121
2	22	86	87	.
#Text=Epub 2013 May 26.
3	1	88	92	Epub
3	2	93	97	2013
3	3	98	101	May
3	4	102	104	26
3	5	105	106	.
#Text=Efficacy and safety of lixisenatide once daily versus placebo in type 2 diabetes  insufficiently controlled on pioglitazone (GetGoal-P).
4	1	107	115	Efficacy
4	2	116	119	and
4	3	120	126	safety
4	4	127	129	of
4	5	130	142	lixisenatide
4	6	143	147	once
4	7	148	153	daily
4	8	154	160	versus
4	9	161	168	placebo
4	10	169	171	in
4	11	172	176	type
4	12	177	178	2
4	13	179	187	diabetes
4	14	188	202	insufficiently
4	15	203	213	controlled
4	16	214	216	on
4	17	217	229	pioglitazone
4	18	230	231	(
4	19	232	239	GetGoal
4	20	240	241	-
4	21	242	243	P
4	22	244	245	)
4	23	246	247	.
#Text=Pinget M(1), Goldenberg R, Niemoeller E, Muehlen-Bartmer I, Guo H, Aronson R.  Author information:  (1)Department of Endocrinology and Diabetes, HUS, Strasbourg, France.
5	1	248	254	Pinget
5	2	255	256	M
5	3	257	258	(
5	4	259	260	1
5	5	261	262	)
5	6	263	264	,
5	7	265	275	Goldenberg
5	8	276	277	R
5	9	278	279	,
5	10	280	290	Niemoeller
5	11	291	292	E
5	12	293	294	,
5	13	295	302	Muehlen
5	14	303	304	-
5	15	305	312	Bartmer
5	16	313	314	I
5	17	315	316	,
5	18	317	320	Guo
5	19	321	322	H
5	20	323	324	,
5	21	325	332	Aronson
5	22	333	334	R
5	23	335	336	.
5	24	337	343	Author
5	25	344	355	information
5	26	356	357	:
5	27	358	359	(
5	28	360	361	1
5	29	362	363	)
5	30	364	374	Department
5	31	375	377	of
5	32	378	391	Endocrinology
5	33	392	395	and
5	34	396	404	Diabetes
5	35	405	406	,
5	36	407	410	HUS
5	37	411	412	,
5	38	413	423	Strasbourg
5	39	424	425	,
5	40	426	432	France
5	41	433	434	.
#Text=AIMS: To compare the efficacy and safety of once-daily prandial lixisenatide with placebo in type 2 diabetes mellitus (T2DM) insufficiently controlled by pioglitazone ± metformin.
6	1	435	439	AIMS
6	2	440	441	:
6	3	442	444	To
6	4	445	452	compare
6	5	453	456	the
6	6	457	465	efficacy
6	7	466	469	and
6	8	470	476	safety
6	9	477	479	of
6	10	480	484	once
6	11	485	486	-
6	12	487	492	daily
6	13	493	501	prandial
6	14	502	514	lixisenatide
6	15	515	519	with
6	16	520	527	placebo
6	17	528	530	in
6	18	531	535	type
6	19	536	537	2
6	20	538	546	diabetes
6	21	547	555	mellitus
6	22	556	557	(
6	23	558	562	T2DM
6	24	563	564	)
6	25	565	579	insufficiently
6	26	580	590	controlled
6	27	591	593	by
6	28	594	606	pioglitazone
6	29	607	610	 ± 
6	30	611	620	metformin
6	31	621	622	.
#Text=METHODS: This randomized, double-blind study included a 24-week main treatment period and a ≥52-week variable extension period.
7	1	623	630	METHODS
7	2	631	632	:
7	3	633	637	This
7	4	638	648	randomized
7	5	649	650	,
7	6	651	657	double
7	7	658	659	-
7	8	660	665	blind
7	9	666	671	study
7	10	672	680	included
7	11	681	682	a
7	12	683	685	24
7	13	686	687	-
7	14	688	692	week
7	15	693	697	main
7	16	698	707	treatment
7	17	708	714	period
7	18	715	718	and
7	19	719	720	a
7	20	721	722	≥
7	21	723	725	52
7	22	726	727	-
7	23	728	732	week
7	24	733	741	variable
7	25	742	751	extension
7	26	752	758	period
7	27	759	760	.
#Text=Patients were randomized 2 : 1 to receive lixisenatide 20 µg once daily or placebo.
8	1	761	769	Patients
8	2	770	774	were
8	3	775	785	randomized
8	4	786	787	2
8	5	788	791	 : 
8	6	792	793	1
8	7	794	796	to
8	8	797	804	receive
8	9	805	817	lixisenatide
8	10	818	820	20
8	11	821	823	 µ
8	12	824	825	g
8	13	826	830	once
8	14	831	836	daily
8	15	837	839	or
8	16	840	847	placebo
8	17	848	849	.
#Text=The primary endpoint was change in glycated haemoglobin (HbA1c) at week 24.
9	1	850	853	The
9	2	854	861	primary
9	3	862	870	endpoint
9	4	871	874	was
9	5	875	881	change
9	6	882	884	in
9	7	885	893	glycated
9	8	894	905	haemoglobin
9	9	906	907	(
9	10	908	913	HbA1c
9	11	914	915	)
9	12	916	918	at
9	13	919	923	week
9	14	924	926	24
9	15	927	928	.
#Text=RESULTS: In total, 484 patients were randomized: 323 to lixisenatide; 161 to placebo.
10	1	929	936	RESULTS
10	2	937	938	:
10	3	939	941	In
10	4	942	947	total
10	5	948	949	,
10	6	950	953	484
10	7	954	962	patients
10	8	963	967	were
10	9	968	978	randomized
10	10	979	980	:
10	11	981	984	323
10	12	985	987	to
10	13	988	1000	lixisenatide
10	14	1001	1002	;
10	15	1003	1006	161
10	16	1007	1009	to
10	17	1010	1017	placebo
10	18	1018	1019	.
#Text=After 24 weeks, lixisenatide once daily significantly improved HbA1c (-0.56% vs. placebo; p < 0.0001) and increased the proportion of patients achieving HbA1c <7% compared with placebo (52.3% vs. 26.4%, respectively; p < 0.0001) and significantly improved fasting plasma glucose (-0.84 mmol/l vs. placebo; p < 0.0001).
11	1	1020	1025	After
11	2	1026	1028	24
11	3	1029	1030	 
11	4	1031	1036	weeks
11	5	1037	1038	,
11	6	1039	1051	lixisenatide
11	7	1052	1056	once
11	8	1057	1062	daily
11	9	1063	1076	significantly
11	10	1077	1085	improved
11	11	1086	1091	HbA1c
11	12	1092	1093	(
11	13	1094	1095	-
11	14	1096	1097	0
11	15	1098	1099	.
11	16	1100	1102	56
11	17	1103	1104	%
11	18	1105	1107	vs
11	19	1108	1109	.
11	20	1110	1117	placebo
11	21	1118	1119	;
11	22	1120	1121	p
11	23	1122	1125	 < 
11	24	1126	1127	0
11	25	1128	1129	.
11	26	1130	1134	0001
11	27	1135	1136	)
11	28	1137	1140	and
11	29	1141	1150	increased
11	30	1151	1154	the
11	31	1155	1165	proportion
11	32	1166	1168	of
11	33	1169	1177	patients
11	34	1178	1187	achieving
11	35	1188	1193	HbA1c
11	36	1194	1195	<
11	37	1196	1197	7
11	38	1198	1199	%
11	39	1200	1208	compared
11	40	1209	1213	with
11	41	1214	1221	placebo
11	42	1222	1223	(
11	43	1224	1226	52
11	44	1227	1228	.
11	45	1229	1230	3
11	46	1231	1232	%
11	47	1233	1235	vs
11	48	1236	1237	.
11	49	1238	1240	26
11	50	1241	1242	.
11	51	1243	1244	4
11	52	1245	1246	%
11	53	1247	1248	,
11	54	1249	1261	respectively
11	55	1262	1263	;
11	56	1264	1265	p
11	57	1266	1269	 < 
11	58	1270	1271	0
11	59	1272	1273	.
11	60	1274	1278	0001
11	61	1279	1280	)
11	62	1281	1284	and
11	63	1285	1298	significantly
11	64	1299	1307	improved
11	65	1308	1315	fasting
11	66	1316	1322	plasma
11	67	1323	1330	glucose
11	68	1331	1332	(
11	69	1333	1334	-
11	70	1335	1336	0
11	71	1337	1338	.
11	72	1339	1341	84
11	73	1342	1343	 
11	74	1344	1348	mmol
11	75	1349	1350	/
11	76	1351	1352	l
11	77	1353	1355	vs
11	78	1356	1357	.
11	79	1358	1365	placebo
11	80	1366	1367	;
11	81	1368	1369	p
11	82	1370	1373	 < 
11	83	1374	1375	0
11	84	1376	1377	.
11	85	1378	1382	0001
11	86	1383	1384	)
11	87	1385	1386	.
#Text=There was a small decrease in body weight with lixisenatide once daily and a small increase with placebo, with no statistically significant difference between the two groups.
12	1	1387	1392	There
12	2	1393	1396	was
12	3	1397	1398	a
12	4	1399	1404	small
12	5	1405	1413	decrease
12	6	1414	1416	in
12	7	1417	1421	body
12	8	1422	1428	weight
12	9	1429	1433	with
12	10	1434	1446	lixisenatide
12	11	1447	1451	once
12	12	1452	1457	daily
12	13	1458	1461	and
12	14	1462	1463	a
12	15	1464	1469	small
12	16	1470	1478	increase
12	17	1479	1483	with
12	18	1484	1491	placebo
12	19	1492	1493	,
12	20	1494	1498	with
12	21	1499	1501	no
12	22	1502	1515	statistically
12	23	1516	1527	significant
12	24	1528	1538	difference
12	25	1539	1546	between
12	26	1547	1550	the
12	27	1551	1554	two
12	28	1555	1561	groups
12	29	1562	1563	.
#Text=Overall, lixisenatide once daily was well tolerated, with a similar proportion of treatment-emergent adverse events (TEAEs) and serious TEAEs between groups (lixisenatide: 72.4% and 2.5%; placebo: 72.7% and 1.9%).
13	1	1564	1571	Overall
13	2	1572	1573	,
13	3	1574	1586	lixisenatide
13	4	1587	1591	once
13	5	1592	1597	daily
13	6	1598	1601	was
13	7	1602	1606	well
13	8	1607	1616	tolerated
13	9	1617	1618	,
13	10	1619	1623	with
13	11	1624	1625	a
13	12	1626	1633	similar
13	13	1634	1644	proportion
13	14	1645	1647	of
13	15	1648	1657	treatment
13	16	1658	1659	-
13	17	1660	1668	emergent
13	18	1669	1676	adverse
13	19	1677	1683	events
13	20	1684	1685	(
13	21	1686	1691	TEAEs
13	22	1692	1693	)
13	23	1694	1697	and
13	24	1698	1705	serious
13	25	1706	1711	TEAEs
13	26	1712	1719	between
13	27	1720	1726	groups
13	28	1727	1728	(
13	29	1729	1741	lixisenatide
13	30	1742	1743	:
13	31	1744	1746	72
13	32	1747	1748	.
13	33	1749	1750	4
13	34	1751	1752	%
13	35	1753	1756	and
13	36	1757	1758	2
13	37	1759	1760	.
13	38	1761	1762	5
13	39	1763	1764	%
13	40	1765	1766	;
13	41	1767	1774	placebo
13	42	1775	1776	:
13	43	1777	1779	72
13	44	1780	1781	.
13	45	1782	1783	7
13	46	1784	1785	%
13	47	1786	1789	and
13	48	1790	1791	1
13	49	1792	1793	.
13	50	1794	1795	9
13	51	1796	1797	%
13	52	1798	1799	)
13	53	1800	1801	.
#Text=Symptomatic hypoglycaemia rates were also relatively low in both groups (lixisenatide 3.4% and placebo 1.2%), with no severe episodes.
14	1	1802	1813	Symptomatic
14	2	1814	1827	hypoglycaemia
14	3	1828	1833	rates
14	4	1834	1838	were
14	5	1839	1843	also
14	6	1844	1854	relatively
14	7	1855	1858	low
14	8	1859	1861	in
14	9	1862	1866	both
14	10	1867	1873	groups
14	11	1874	1875	(
14	12	1876	1888	lixisenatide
14	13	1889	1890	3
14	14	1891	1892	.
14	15	1893	1894	4
14	16	1895	1896	%
14	17	1897	1900	and
14	18	1901	1908	placebo
14	19	1909	1910	1
14	20	1911	1912	.
14	21	1913	1914	2
14	22	1915	1916	%
14	23	1917	1918	)
14	24	1919	1920	,
14	25	1921	1925	with
14	26	1926	1928	no
14	27	1929	1935	severe
14	28	1936	1944	episodes
14	29	1945	1946	.
#Text=Lixisenatide continued to be efficacious and well tolerated during the variable extension period.
15	1	1947	1959	Lixisenatide
15	2	1960	1969	continued
15	3	1970	1972	to
15	4	1973	1975	be
15	5	1976	1987	efficacious
15	6	1988	1991	and
15	7	1992	1996	well
15	8	1997	2006	tolerated
15	9	2007	2013	during
15	10	2014	2017	the
15	11	2018	2026	variable
15	12	2027	2036	extension
15	13	2037	2043	period
15	14	2044	2045	.
#Text=CONCLUSIONS: Lixisenatide once daily significantly improved glycaemic control with a low risk of hypoglycaemia, and was well tolerated over 24 weeks and during the long-term, double-blind extension period in patients with T2DM insufficiently controlled on pioglitazone ± metformin.
16	1	2046	2057	CONCLUSIONS
16	2	2058	2059	:
16	3	2060	2072	Lixisenatide
16	4	2073	2077	once
16	5	2078	2083	daily
16	6	2084	2097	significantly
16	7	2098	2106	improved
16	8	2107	2116	glycaemic
16	9	2117	2124	control
16	10	2125	2129	with
16	11	2130	2131	a
16	12	2132	2135	low
16	13	2136	2140	risk
16	14	2141	2143	of
16	15	2144	2157	hypoglycaemia
16	16	2158	2159	,
16	17	2160	2163	and
16	18	2164	2167	was
16	19	2168	2172	well
16	20	2173	2182	tolerated
16	21	2183	2187	over
16	22	2188	2190	24
16	23	2191	2192	 
16	24	2193	2198	weeks
16	25	2199	2202	and
16	26	2203	2209	during
16	27	2210	2213	the
16	28	2214	2218	long
16	29	2219	2220	-
16	30	2221	2225	term
16	31	2226	2227	,
16	32	2228	2234	double
16	33	2235	2236	-
16	34	2237	2242	blind
16	35	2243	2252	extension
16	36	2253	2259	period
16	37	2260	2262	in
16	38	2263	2271	patients
16	39	2272	2276	with
16	40	2277	2281	T2DM
16	41	2282	2296	insufficiently
16	42	2297	2307	controlled
16	43	2308	2310	on
16	44	2311	2323	pioglitazone
16	45	2324	2327	 ± 
16	46	2328	2337	metformin
16	47	2338	2339	.
#Text=© 2013 John Wiley & Sons Ltd.  DOI: 10.1111/dom.12121  PMID: 23627775  [Indexed for MEDLINE]
17	1	2340	2341	©
17	2	2342	2346	2013
17	3	2347	2351	John
17	4	2352	2357	Wiley
17	5	2358	2359	&
17	6	2360	2364	Sons
17	7	2365	2368	Ltd
17	8	2369	2370	.
17	9	2371	2374	DOI
17	10	2375	2376	:
17	11	2377	2379	10
17	12	2380	2381	.
17	13	2382	2386	1111
17	14	2387	2388	/
17	15	2389	2392	dom
17	16	2393	2394	.
17	17	2395	2400	12121
17	18	2401	2405	PMID
17	19	2406	2407	:
17	20	2408	2416	23627775
17	21	2417	2418	[
17	22	2419	2426	Indexed
17	23	2427	2430	for
17	24	2431	2438	MEDLINE
17	25	2439	2440	]
