#Text=Diabetes Care.
1	1	0	8	Diabetes
1	2	9	13	Care
1	3	14	15	.
#Text=2006 Mar;29(3):515-20.
2	1	16	20	2006
2	2	21	24	Mar
2	3	25	26	;
2	4	27	29	29
2	5	30	31	(
2	6	32	33	3
2	7	34	35	)
2	8	36	37	:
2	9	38	41	515
2	10	42	43	-
2	11	44	46	20
2	12	47	48	.
#Text=Efficacy of benfluorex in combination with sulfonylurea in type 2 diabetic patients: an 18-week, randomized, double-blind study.
3	1	49	57	Efficacy
3	2	58	60	of
3	3	61	71	benfluorex
3	4	72	74	in
3	5	75	86	combination
3	6	87	91	with
3	7	92	104	sulfonylurea
3	8	105	107	in
3	9	108	112	type
3	10	113	114	2
3	11	115	123	diabetic
3	12	124	132	patients
3	13	133	134	:
3	14	135	137	an
3	15	138	140	18
3	16	141	142	-
3	17	143	147	week
3	18	148	149	,
3	19	150	160	randomized
3	20	161	162	,
3	21	163	169	double
3	22	170	171	-
3	23	172	177	blind
3	24	178	183	study
3	25	184	185	.
#Text=Moulin P(1), Andre M, Alawi H, dos Santos LC, Khalid AK, Koev D, Moore R, Serban  V, Picandet B, Francillard M.  Author information:  (1)Endocrinology Department, Cardiovascular Hospital, University Claude Bernard,  Lyon, France.
4	1	186	192	Moulin
4	2	193	194	P
4	3	195	196	(
4	4	197	198	1
4	5	199	200	)
4	6	201	202	,
4	7	203	208	Andre
4	8	209	210	M
4	9	211	212	,
4	10	213	218	Alawi
4	11	219	220	H
4	12	221	222	,
4	13	223	226	dos
4	14	227	233	Santos
4	15	234	236	LC
4	16	237	238	,
4	17	239	245	Khalid
4	18	246	248	AK
4	19	249	250	,
4	20	251	255	Koev
4	21	256	257	D
4	22	258	259	,
4	23	260	265	Moore
4	24	266	267	R
4	25	268	269	,
4	26	270	276	Serban
4	27	277	278	V
4	28	279	280	,
4	29	281	289	Picandet
4	30	290	291	B
4	31	292	293	,
4	32	294	305	Francillard
4	33	306	307	M
4	34	308	309	.
4	35	310	316	Author
4	36	317	328	information
4	37	329	330	:
4	38	331	332	(
4	39	333	334	1
4	40	335	336	)
4	41	337	350	Endocrinology
4	42	351	361	Department
4	43	362	363	,
4	44	364	378	Cardiovascular
4	45	379	387	Hospital
4	46	388	389	,
4	47	390	400	University
4	48	401	407	Claude
4	49	408	415	Bernard
4	50	416	417	,
4	51	418	422	Lyon
4	52	423	424	,
4	53	425	431	France
4	54	432	433	.
#Text=philippe.moulin@chu-lyon.fr  OBJECTIVE: The aim of this study was to demonstrate the superiority of benfluorex over placebo as an add-on therapy in type 2 diabetic patients in whom diabetes is insufficiently controlled by sulfonylurea monotherapy and who have a limitation for the use of metformin.
5	1	434	442	philippe
5	2	443	444	.
5	3	445	451	moulin
5	4	452	453	@
5	5	454	457	chu
5	6	458	459	-
5	7	460	464	lyon
5	8	465	466	.
5	9	467	469	fr
5	10	470	479	OBJECTIVE
5	11	480	481	:
5	12	482	485	The
5	13	486	489	aim
5	14	490	492	of
5	15	493	497	this
5	16	498	503	study
5	17	504	507	was
5	18	508	510	to
5	19	511	522	demonstrate
5	20	523	526	the
5	21	527	538	superiority
5	22	539	541	of
5	23	542	552	benfluorex
5	24	553	557	over
5	25	558	565	placebo
5	26	566	568	as
5	27	569	571	an
5	28	572	575	add
5	29	576	577	-
5	30	578	580	on
5	31	581	588	therapy
5	32	589	591	in
5	33	592	596	type
5	34	597	598	2
5	35	599	607	diabetic
5	36	608	616	patients
5	37	617	619	in
5	38	620	624	whom
5	39	625	633	diabetes
5	40	634	636	is
5	41	637	651	insufficiently
5	42	652	662	controlled
5	43	663	665	by
5	44	666	678	sulfonylurea
5	45	679	690	monotherapy
5	46	691	694	and
5	47	695	698	who
5	48	699	703	have
5	49	704	705	a
5	50	706	716	limitation
5	51	717	720	for
5	52	721	724	the
5	53	725	728	use
5	54	729	731	of
5	55	732	741	metformin
5	56	742	743	.
#Text=RESEARCH DESIGN AND METHODS: Type 2 diabetic patients with HbA(1c) (A1C) (7-10%)  who were receiving the maximum tolerated sulfonylurea dose and had a contraindication to or poor tolerance of metformin were randomly assigned (double blind) to receive benfluorex 450 mg/day (n = 165) or placebo (n = 160) for 18 weeks.
6	1	744	752	RESEARCH
6	2	753	759	DESIGN
6	3	760	763	AND
6	4	764	771	METHODS
6	5	772	773	:
6	6	774	778	Type
6	7	779	780	2
6	8	781	789	diabetic
6	9	790	798	patients
6	10	799	803	with
6	11	804	807	HbA
6	12	808	809	(
6	13	810	812	1c
6	14	813	814	)
6	15	815	816	(
6	16	817	820	A1C
6	17	821	822	)
6	18	823	824	(
6	19	825	826	7
6	20	827	828	-
6	21	829	831	10
6	22	832	833	%
6	23	834	835	)
6	24	836	839	who
6	25	840	844	were
6	26	845	854	receiving
6	27	855	858	the
6	28	859	866	maximum
6	29	867	876	tolerated
6	30	877	889	sulfonylurea
6	31	890	894	dose
6	32	895	898	and
6	33	899	902	had
6	34	903	904	a
6	35	905	921	contraindication
6	36	922	924	to
6	37	925	927	or
6	38	928	932	poor
6	39	933	942	tolerance
6	40	943	945	of
6	41	946	955	metformin
6	42	956	960	were
6	43	961	969	randomly
6	44	970	978	assigned
6	45	979	980	(
6	46	981	987	double
6	47	988	993	blind
6	48	994	995	)
6	49	996	998	to
6	50	999	1006	receive
6	51	1007	1017	benfluorex
6	52	1018	1021	450
6	53	1022	1024	mg
6	54	1025	1026	/
6	55	1027	1030	day
6	56	1031	1032	(
6	57	1033	1034	n
6	58	1035	1036	=
6	59	1037	1040	165
6	60	1041	1042	)
6	61	1043	1045	or
6	62	1046	1053	placebo
6	63	1054	1055	(
6	64	1056	1057	n
6	65	1058	1059	=
6	66	1060	1063	160
6	67	1064	1065	)
6	68	1066	1069	for
6	69	1070	1072	18
6	70	1073	1078	weeks
6	71	1079	1080	.
#Text=The main efficacy criterion was A1C, analyzed as the change from baseline  to the end of treatment using ANCOVA with baseline and country as covariates.
7	1	1081	1084	The
7	2	1085	1089	main
7	3	1090	1098	efficacy
7	4	1099	1108	criterion
7	5	1109	1112	was
7	6	1113	1116	A1C
7	7	1117	1118	,
7	8	1119	1127	analyzed
7	9	1128	1130	as
7	10	1131	1134	the
7	11	1135	1141	change
7	12	1142	1146	from
7	13	1147	1155	baseline
7	14	1156	1158	to
7	15	1159	1162	the
7	16	1163	1166	end
7	17	1167	1169	of
7	18	1170	1179	treatment
7	19	1180	1185	using
7	20	1186	1192	ANCOVA
7	21	1193	1197	with
7	22	1198	1206	baseline
7	23	1207	1210	and
7	24	1211	1218	country
7	25	1219	1221	as
7	26	1222	1232	covariates
7	27	1233	1234	.
#Text=Secondary criteria were fasting plasma glucose (FPG), insulin resistance, and plasma lipid level.
8	1	1235	1244	Secondary
8	2	1245	1253	criteria
8	3	1254	1258	were
8	4	1259	1266	fasting
8	5	1267	1273	plasma
8	6	1274	1281	glucose
8	7	1282	1283	(
8	8	1284	1287	FPG
8	9	1288	1289	)
8	10	1290	1291	,
8	11	1292	1299	insulin
8	12	1300	1310	resistance
8	13	1311	1312	,
8	14	1313	1316	and
8	15	1317	1323	plasma
8	16	1324	1329	lipid
8	17	1330	1335	level
8	18	1336	1337	.
#Text=RESULTS: Both groups were similar at baseline in the intention-to-treat population.
9	1	1338	1345	RESULTS
9	2	1346	1347	:
9	3	1348	1352	Both
9	4	1353	1359	groups
9	5	1360	1364	were
9	6	1365	1372	similar
9	7	1373	1375	at
9	8	1376	1384	baseline
9	9	1385	1387	in
9	10	1388	1391	the
9	11	1392	1401	intention
9	12	1402	1403	-
9	13	1404	1406	to
9	14	1407	1408	-
9	15	1409	1414	treat
9	16	1415	1425	population
9	17	1426	1427	.
#Text=A1C significantly decreased with benfluorex from 8.34 +/- 0.83 to 7.52 +/- 1.04% (P < 0.001) and tended to increase with placebo from 8.33 +/- 0.87 to 8.52 +/- 1.36% (NS), resulting in a mean adjusted difference between groups of -1.01% (95% CI -1.26 to -0.76; P < 0.001).
10	1	1428	1431	A1C
10	2	1432	1445	significantly
10	3	1446	1455	decreased
10	4	1456	1460	with
10	5	1461	1471	benfluorex
10	6	1472	1476	from
10	7	1477	1478	8
10	8	1479	1480	.
10	9	1481	1483	34
10	10	1484	1485	+
10	11	1486	1487	/
10	12	1488	1489	-
10	13	1490	1491	0
10	14	1492	1493	.
10	15	1494	1496	83
10	16	1497	1499	to
10	17	1500	1501	7
10	18	1502	1503	.
10	19	1504	1506	52
10	20	1507	1508	+
10	21	1509	1510	/
10	22	1511	1512	-
10	23	1513	1514	1
10	24	1515	1516	.
10	25	1517	1519	04
10	26	1520	1521	%
10	27	1522	1523	(
10	28	1524	1525	P
10	29	1526	1527	<
10	30	1528	1529	0
10	31	1530	1531	.
10	32	1532	1535	001
10	33	1536	1537	)
10	34	1538	1541	and
10	35	1542	1548	tended
10	36	1549	1551	to
10	37	1552	1560	increase
10	38	1561	1565	with
10	39	1566	1573	placebo
10	40	1574	1578	from
10	41	1579	1580	8
10	42	1581	1582	.
10	43	1583	1585	33
10	44	1586	1587	+
10	45	1588	1589	/
10	46	1590	1591	-
10	47	1592	1593	0
10	48	1594	1595	.
10	49	1596	1598	87
10	50	1599	1601	to
10	51	1602	1603	8
10	52	1604	1605	.
10	53	1606	1608	52
10	54	1609	1610	+
10	55	1611	1612	/
10	56	1613	1614	-
10	57	1615	1616	1
10	58	1617	1618	.
10	59	1619	1621	36
10	60	1622	1623	%
10	61	1624	1625	(
10	62	1626	1628	NS
10	63	1629	1630	)
10	64	1631	1632	,
10	65	1633	1642	resulting
10	66	1643	1645	in
10	67	1646	1647	a
10	68	1648	1652	mean
10	69	1653	1661	adjusted
10	70	1662	1672	difference
10	71	1673	1680	between
10	72	1681	1687	groups
10	73	1688	1690	of
10	74	1691	1692	-
10	75	1693	1694	1
10	76	1695	1696	.
10	77	1697	1699	01
10	78	1700	1701	%
10	79	1702	1703	(
10	80	1704	1706	95
10	81	1707	1708	%
10	82	1709	1711	CI
10	83	1712	1713	-
10	84	1714	1715	1
10	85	1716	1717	.
10	86	1718	1720	26
10	87	1721	1723	to
10	88	1724	1725	-
10	89	1726	1727	0
10	90	1728	1729	.
10	91	1730	1732	76
10	92	1733	1734	;
10	93	1735	1736	P
10	94	1737	1738	<
10	95	1739	1740	0
10	96	1741	1742	.
10	97	1743	1746	001
10	98	1747	1748	)
10	99	1749	1750	.
#Text=The target A1C (< or =7%) was achieved in 34% of patients receiving benfluorex versus 12% of patients receiving placebo.
11	1	1751	1754	The
11	2	1755	1761	target
11	3	1762	1765	A1C
11	4	1766	1767	(
11	5	1768	1769	<
11	6	1770	1772	or
11	7	1773	1774	=
11	8	1775	1776	7
11	9	1777	1778	%
11	10	1779	1780	)
11	11	1781	1784	was
11	12	1785	1793	achieved
11	13	1794	1796	in
11	14	1797	1799	34
11	15	1800	1801	%
11	16	1802	1804	of
11	17	1805	1813	patients
11	18	1814	1823	receiving
11	19	1824	1834	benfluorex
11	20	1835	1841	versus
11	21	1842	1844	12
11	22	1845	1846	%
11	23	1847	1849	of
11	24	1850	1858	patients
11	25	1859	1868	receiving
11	26	1869	1876	placebo
11	27	1877	1878	.
#Text=Significant between-group differences in favor of benfluorex were observed for mean FPG (-1.65 mmol/l) (P < 0.001) and for homeostasis model assessment of insulin resistance.
12	1	1879	1890	Significant
12	2	1891	1898	between
12	3	1899	1900	-
12	4	1901	1906	group
12	5	1907	1918	differences
12	6	1919	1921	in
12	7	1922	1927	favor
12	8	1928	1930	of
12	9	1931	1941	benfluorex
12	10	1942	1946	were
12	11	1947	1955	observed
12	12	1956	1959	for
12	13	1960	1964	mean
12	14	1965	1968	FPG
12	15	1969	1970	(
12	16	1971	1972	-
12	17	1973	1974	1
12	18	1975	1976	.
12	19	1977	1979	65
12	20	1980	1984	mmol
12	21	1985	1986	/
12	22	1987	1988	l
12	23	1989	1990	)
12	24	1991	1992	(
12	25	1993	1994	P
12	26	1995	1996	<
12	27	1997	1998	0
12	28	1999	2000	.
12	29	2001	2004	001
12	30	2005	2006	)
12	31	2007	2010	and
12	32	2011	2014	for
12	33	2015	2026	homeostasis
12	34	2027	2032	model
12	35	2033	2043	assessment
12	36	2044	2046	of
12	37	2047	2054	insulin
12	38	2055	2065	resistance
12	39	2066	2067	.
#Text=Overall tolerance was similar in both groups.
13	1	2068	2075	Overall
13	2	2076	2085	tolerance
13	3	2086	2089	was
13	4	2090	2097	similar
13	5	2098	2100	in
13	6	2101	2105	both
13	7	2106	2112	groups
13	8	2113	2114	.
#Text=Serious adverse events were more frequent in the benfluorex group, without evidence of causality  relationship.
14	1	2115	2122	Serious
14	2	2123	2130	adverse
14	3	2131	2137	events
14	4	2138	2142	were
14	5	2143	2147	more
14	6	2148	2156	frequent
14	7	2157	2159	in
14	8	2160	2163	the
14	9	2164	2174	benfluorex
14	10	2175	2180	group
14	11	2181	2182	,
14	12	2183	2190	without
14	13	2191	2199	evidence
14	14	2200	2202	of
14	15	2203	2212	causality
14	16	2213	2225	relationship
14	17	2226	2227	.
#Text=CONCLUSIONS: Benfluorex as an add-on therapy was superior to placebo in lowering  A1C with a between-group difference of 1% in type 2 diabetic patients whose disease was insufficiently controlled with sulfonylurea alone and in whom metformin was contraindicated or not tolerated.
15	1	2228	2239	CONCLUSIONS
15	2	2240	2241	:
15	3	2242	2252	Benfluorex
15	4	2253	2255	as
15	5	2256	2258	an
15	6	2259	2262	add
15	7	2263	2264	-
15	8	2265	2267	on
15	9	2268	2275	therapy
15	10	2276	2279	was
15	11	2280	2288	superior
15	12	2289	2291	to
15	13	2292	2299	placebo
15	14	2300	2302	in
15	15	2303	2311	lowering
15	16	2312	2315	A1C
15	17	2316	2320	with
15	18	2321	2322	a
15	19	2323	2330	between
15	20	2331	2332	-
15	21	2333	2338	group
15	22	2339	2349	difference
15	23	2350	2352	of
15	24	2353	2354	1
15	25	2355	2356	%
15	26	2357	2359	in
15	27	2360	2364	type
15	28	2365	2366	2
15	29	2367	2375	diabetic
15	30	2376	2384	patients
15	31	2385	2390	whose
15	32	2391	2398	disease
15	33	2399	2402	was
15	34	2403	2417	insufficiently
15	35	2418	2428	controlled
15	36	2429	2433	with
15	37	2434	2446	sulfonylurea
15	38	2447	2452	alone
15	39	2453	2456	and
15	40	2457	2459	in
15	41	2460	2464	whom
15	42	2465	2474	metformin
15	43	2475	2478	was
15	44	2479	2494	contraindicated
15	45	2495	2497	or
15	46	2498	2501	not
15	47	2502	2511	tolerated
15	48	2512	2513	.
#Text=DOI: 10.2337/diacare.29.03.06.dc05-1439  PMID: 16505498  [Indexed for MEDLINE]
16	1	2514	2517	DOI
16	2	2518	2519	:
16	3	2520	2522	10
16	4	2523	2524	.
16	5	2525	2529	2337
16	6	2530	2531	/
16	7	2532	2539	diacare
16	8	2540	2541	.
16	9	2542	2544	29
16	10	2545	2546	.
16	11	2547	2549	03
16	12	2550	2551	.
16	13	2552	2554	06
16	14	2555	2556	.
16	15	2557	2561	dc05
16	16	2562	2563	-
16	17	2564	2568	1439
16	18	2569	2573	PMID
16	19	2574	2575	:
16	20	2576	2584	16505498
16	21	2585	2586	[
16	22	2587	2594	Indexed
16	23	2595	2598	for
16	24	2599	2606	MEDLINE
16	25	2607	2608	]
