#Text=Curr Med Res Opin.
1	1	0	4	Curr
1	2	5	8	Med
1	3	9	12	Res
1	4	13	17	Opin
1	5	18	19	.
#Text=2012 Apr;28(4):513-23. doi: 10.1185/03007995.2012.665046.
2	1	20	24	2012
2	2	25	28	Apr
2	3	29	30	;
2	4	31	33	28
2	5	34	35	(
2	6	36	37	4
2	7	38	39	)
2	8	40	41	:
2	9	42	45	513
2	10	46	47	-
2	11	48	50	23
2	12	51	52	.
2	13	53	56	doi
2	14	57	58	:
2	15	59	61	10
2	16	62	63	.
2	17	64	68	1185
2	18	69	70	/
2	19	71	79	03007995
2	20	80	81	.
2	21	82	86	2012
2	22	87	88	.
2	23	89	95	665046
2	24	96	97	.
#Text=Epub 2012 Mar 1.
3	1	98	102	Epub
3	2	103	107	2012
3	3	108	111	Mar
3	4	112	113	1
3	5	114	115	.
#Text=Effect of saxagliptin as add-on therapy in patients with poorly controlled type 2 diabetes on insulin alone or insulin combined with metformin.
4	1	116	122	Effect
4	2	123	125	of
4	3	126	137	saxagliptin
4	4	138	140	as
4	5	141	144	add
4	6	145	146	-
4	7	147	149	on
4	8	150	157	therapy
4	9	158	160	in
4	10	161	169	patients
4	11	170	174	with
4	12	175	181	poorly
4	13	182	192	controlled
4	14	193	197	type
4	15	198	199	2
4	16	200	208	diabetes
4	17	209	211	on
4	18	212	219	insulin
4	19	220	225	alone
4	20	226	228	or
4	21	229	236	insulin
4	22	237	245	combined
4	23	246	250	with
4	24	251	260	metformin
4	25	261	262	.
#Text=Barnett AH(1), Charbonnel B, Donovan M, Fleming D, Chen R.  Author information:  (1)University of Birmingham and BioMedical Research Centre, Heart of England National Health Service Foundation Trust, Birmingham, UK.
5	1	263	270	Barnett
5	2	271	273	AH
5	3	274	275	(
5	4	276	277	1
5	5	278	279	)
5	6	280	281	,
5	7	282	292	Charbonnel
5	8	293	294	B
5	9	295	296	,
5	10	297	304	Donovan
5	11	305	306	M
5	12	307	308	,
5	13	309	316	Fleming
5	14	317	318	D
5	15	319	320	,
5	16	321	325	Chen
5	17	326	327	R
5	18	328	329	.
5	19	330	336	Author
5	20	337	348	information
5	21	349	350	:
5	22	351	352	(
5	23	353	354	1
5	24	355	356	)
5	25	357	367	University
5	26	368	370	of
5	27	371	381	Birmingham
5	28	382	385	and
5	29	386	396	BioMedical
5	30	397	405	Research
5	31	406	412	Centre
5	32	413	414	,
5	33	415	420	Heart
5	34	421	423	of
5	35	424	431	England
5	36	432	440	National
5	37	441	447	Health
5	38	448	455	Service
5	39	456	466	Foundation
5	40	467	472	Trust
5	41	473	474	,
5	42	475	485	Birmingham
5	43	486	487	,
5	44	488	490	UK
5	45	491	492	.
#Text=anthony.barnett@heartofengland.nhs.uk  OBJECTIVE: To evaluate efficacy and safety of saxagliptin as add-on therapy in patients with type 2 diabetes (T2D) with inadequate glycemic control on insulin alone or combined with metformin.
6	1	493	500	anthony
6	2	501	502	.
6	3	503	510	barnett
6	4	511	512	@
6	5	513	527	heartofengland
6	6	528	529	.
6	7	530	533	nhs
6	8	534	535	.
6	9	536	538	uk
6	10	539	548	OBJECTIVE
6	11	549	550	:
6	12	551	553	To
6	13	554	562	evaluate
6	14	563	571	efficacy
6	15	572	575	and
6	16	576	582	safety
6	17	583	585	of
6	18	586	597	saxagliptin
6	19	598	600	as
6	20	601	604	add
6	21	605	606	-
6	22	607	609	on
6	23	610	617	therapy
6	24	618	620	in
6	25	621	629	patients
6	26	630	634	with
6	27	635	639	type
6	28	640	641	2
6	29	642	650	diabetes
6	30	651	652	(
6	31	653	656	T2D
6	32	657	658	)
6	33	659	663	with
6	34	664	674	inadequate
6	35	675	683	glycemic
6	36	684	691	control
6	37	692	694	on
6	38	695	702	insulin
6	39	703	708	alone
6	40	709	711	or
6	41	712	720	combined
6	42	721	725	with
6	43	726	735	metformin
6	44	736	737	.
#Text=METHODS: Adults (n = 455) with HbA(1c) 7.5-11% on stable insulin therapy (30-150 U/day ± metformin) for at least 8 weeks were stratified by metformin use  and randomly assigned 2:1 to receive saxagliptin 5 mg or placebo once daily for 24 weeks.
7	1	738	745	METHODS
7	2	746	747	:
7	3	748	754	Adults
7	4	755	756	(
7	5	757	758	n
7	6	759	762	 = 
7	7	763	766	455
7	8	767	768	)
7	9	769	773	with
7	10	774	777	HbA
7	11	778	779	(
7	12	780	782	1c
7	13	783	784	)
7	14	785	786	7
7	15	787	788	.
7	16	789	790	5
7	17	791	792	-
7	18	793	795	11
7	19	796	797	%
7	20	798	800	on
7	21	801	807	stable
7	22	808	815	insulin
7	23	816	823	therapy
7	24	824	825	(
7	25	826	828	30
7	26	829	830	-
7	27	831	834	150
7	28	835	836	 
7	29	837	838	U
7	30	839	840	/
7	31	841	844	day
7	32	845	848	 ± 
7	33	849	858	metformin
7	34	859	860	)
7	35	861	864	for
7	36	865	867	at
7	37	868	873	least
7	38	874	875	8
7	39	876	881	weeks
7	40	882	886	were
7	41	887	897	stratified
7	42	898	900	by
7	43	901	910	metformin
7	44	911	914	use
7	45	915	918	and
7	46	919	927	randomly
7	47	928	936	assigned
7	48	937	938	2
7	49	939	940	:
7	50	941	942	1
7	51	943	945	to
7	52	946	953	receive
7	53	954	965	saxagliptin
7	54	966	967	5
7	55	968	969	 
7	56	970	972	mg
7	57	973	975	or
7	58	976	983	placebo
7	59	984	988	once
7	60	989	994	daily
7	61	995	998	for
7	62	999	1001	24
7	63	1002	1007	weeks
7	64	1008	1009	.
#Text=Patients were to maintain stable insulin doses but these could be decreased to reduce risk of hypoglycemia.
8	1	1010	1018	Patients
8	2	1019	1023	were
8	3	1024	1026	to
8	4	1027	1035	maintain
8	5	1036	1042	stable
8	6	1043	1050	insulin
8	7	1051	1056	doses
8	8	1057	1060	but
8	9	1061	1066	these
8	10	1067	1072	could
8	11	1073	1075	be
8	12	1076	1085	decreased
8	13	1086	1088	to
8	14	1089	1095	reduce
8	15	1096	1100	risk
8	16	1101	1103	of
8	17	1104	1116	hypoglycemia
8	18	1117	1118	.
#Text=Patients with hyperglycemia or substantially increased insulin use were rescued with a flexible insulin regimen  and remained in the study.
9	1	1119	1127	Patients
9	2	1128	1132	with
9	3	1133	1146	hyperglycemia
9	4	1147	1149	or
9	5	1150	1163	substantially
9	6	1164	1173	increased
9	7	1174	1181	insulin
9	8	1182	1185	use
9	9	1186	1190	were
9	10	1191	1198	rescued
9	11	1199	1203	with
9	12	1204	1205	a
9	13	1206	1214	flexible
9	14	1215	1222	insulin
9	15	1223	1230	regimen
9	16	1231	1234	and
9	17	1235	1243	remained
9	18	1244	1246	in
9	19	1247	1250	the
9	20	1251	1256	study
9	21	1257	1258	.
#Text=Metformin doses were kept stable.
10	1	1259	1268	Metformin
10	2	1269	1274	doses
10	3	1275	1279	were
10	4	1280	1284	kept
10	5	1285	1291	stable
10	6	1292	1293	.
#Text=The primary efficacy endpoint was change in HbA(1c) from baseline to week 24 (or rescue).
11	1	1294	1297	The
11	2	1298	1305	primary
11	3	1306	1314	efficacy
11	4	1315	1323	endpoint
11	5	1324	1327	was
11	6	1328	1334	change
11	7	1335	1337	in
11	8	1338	1341	HbA
11	9	1342	1343	(
11	10	1344	1346	1c
11	11	1347	1348	)
11	12	1349	1353	from
11	13	1354	1362	baseline
11	14	1363	1365	to
11	15	1366	1370	week
11	16	1371	1373	24
11	17	1374	1375	(
11	18	1376	1378	or
11	19	1379	1385	rescue
11	20	1386	1387	)
11	21	1388	1389	.
#Text=RESULTS: Patients treated with saxagliptin versus placebo had significantly greater reductions in adjusted mean HbA(1c) (difference: -0.41%, p < 0.0001), postprandial glucose (PPG) 180-minute area under the curve (-3829.8 mg·min/dL, p = 0.0011), and 120-minute PPG (-23.0 mg/dL, p = 0.0016) at 24 weeks.
12	1	1390	1397	RESULTS
12	2	1398	1399	:
12	3	1400	1408	Patients
12	4	1409	1416	treated
12	5	1417	1421	with
12	6	1422	1433	saxagliptin
12	7	1434	1440	versus
12	8	1441	1448	placebo
12	9	1449	1452	had
12	10	1453	1466	significantly
12	11	1467	1474	greater
12	12	1475	1485	reductions
12	13	1486	1488	in
12	14	1489	1497	adjusted
12	15	1498	1502	mean
12	16	1503	1506	HbA
12	17	1507	1508	(
12	18	1509	1511	1c
12	19	1512	1513	)
12	20	1514	1515	(
12	21	1516	1526	difference
12	22	1527	1528	:
12	23	1529	1530	-
12	24	1531	1532	0
12	25	1533	1534	.
12	26	1535	1537	41
12	27	1538	1539	%
12	28	1540	1541	,
12	29	1542	1543	p
12	30	1544	1547	 < 
12	31	1548	1549	0
12	32	1550	1551	.
12	33	1552	1556	0001
12	34	1557	1558	)
12	35	1559	1560	,
12	36	1561	1573	postprandial
12	37	1574	1581	glucose
12	38	1582	1583	(
12	39	1584	1587	PPG
12	40	1588	1589	)
12	41	1590	1593	180
12	42	1594	1595	-
12	43	1596	1602	minute
12	44	1603	1607	area
12	45	1608	1613	under
12	46	1614	1617	the
12	47	1618	1623	curve
12	48	1624	1625	(
12	49	1626	1627	-
12	50	1628	1632	3829
12	51	1633	1634	.
12	52	1635	1636	8
12	53	1637	1638	 
12	54	1639	1641	mg
12	55	1642	1643	·
12	56	1644	1647	min
12	57	1648	1649	/
12	58	1650	1652	dL
12	59	1653	1654	,
12	60	1655	1656	p
12	61	1657	1660	 = 
12	62	1661	1662	0
12	63	1663	1664	.
12	64	1665	1669	0011
12	65	1670	1671	)
12	66	1672	1673	,
12	67	1674	1677	and
12	68	1678	1681	120
12	69	1682	1683	-
12	70	1684	1690	minute
12	71	1691	1694	PPG
12	72	1695	1696	(
12	73	1697	1698	-
12	74	1699	1701	23
12	75	1702	1703	.
12	76	1704	1705	0
12	77	1706	1707	 
12	78	1708	1710	mg
12	79	1711	1712	/
12	80	1713	1715	dL
12	81	1716	1717	,
12	82	1718	1719	p
12	83	1720	1723	 = 
12	84	1724	1725	0
12	85	1726	1727	.
12	86	1728	1732	0016
12	87	1733	1734	)
12	88	1735	1737	at
12	89	1738	1740	24
12	90	1741	1746	weeks
12	91	1747	1748	.
#Text=Treatment  with saxagliptin resulted in similar reductions in HBA(1c) relative to placebo, irrespective of metformin treatment.
13	1	1749	1758	Treatment
13	2	1759	1763	with
13	3	1764	1775	saxagliptin
13	4	1776	1784	resulted
13	5	1785	1787	in
13	6	1788	1795	similar
13	7	1796	1806	reductions
13	8	1807	1809	in
13	9	1810	1813	HBA
13	10	1814	1815	(
13	11	1816	1818	1c
13	12	1819	1820	)
13	13	1821	1829	relative
13	14	1830	1832	to
13	15	1833	1840	placebo
13	16	1841	1842	,
13	17	1843	1855	irrespective
13	18	1856	1858	of
13	19	1859	1868	metformin
13	20	1869	1878	treatment
13	21	1879	1880	.
#Text=At 24 weeks, difference in adjusted mean fasting plasma glucose for saxagliptin versus placebo was -4.02 mg/dL (p = 0.3958); 17.3% and 6.7% of patients in the saxagliptin and placebo groups, respectively, achieved HbA(1c) < 7%.
14	1	1881	1883	At
14	2	1884	1886	24
14	3	1887	1892	weeks
14	4	1893	1894	,
14	5	1895	1905	difference
14	6	1906	1908	in
14	7	1909	1917	adjusted
14	8	1918	1922	mean
14	9	1923	1930	fasting
14	10	1931	1937	plasma
14	11	1938	1945	glucose
14	12	1946	1949	for
14	13	1950	1961	saxagliptin
14	14	1962	1968	versus
14	15	1969	1976	placebo
14	16	1977	1980	was
14	17	1981	1982	-
14	18	1983	1984	4
14	19	1985	1986	.
14	20	1987	1989	02
14	21	1990	1991	 
14	22	1992	1994	mg
14	23	1995	1996	/
14	24	1997	1999	dL
14	25	2000	2001	(
14	26	2002	2003	p
14	27	2004	2007	 = 
14	28	2008	2009	0
14	29	2010	2011	.
14	30	2012	2016	3958
14	31	2017	2018	)
14	32	2019	2020	;
14	33	2021	2023	17
14	34	2024	2025	.
14	35	2026	2027	3
14	36	2028	2029	%
14	37	2030	2033	and
14	38	2034	2035	6
14	39	2036	2037	.
14	40	2038	2039	7
14	41	2040	2041	%
14	42	2042	2044	of
14	43	2045	2053	patients
14	44	2054	2056	in
14	45	2057	2060	the
14	46	2061	2072	saxagliptin
14	47	2073	2076	and
14	48	2077	2084	placebo
14	49	2085	2091	groups
14	50	2092	2093	,
14	51	2094	2106	respectively
14	52	2107	2108	,
14	53	2109	2117	achieved
14	54	2118	2121	HbA
14	55	2122	2123	(
14	56	2124	2126	1c
14	57	2127	2128	)
14	58	2129	2132	 < 
14	59	2133	2134	7
14	60	2135	2136	%
14	61	2137	2138	.
#Text=Mean change from baseline in body weight at  week 24 was 0.39 kg for saxagliptin and 0.18 kg for placebo.
15	1	2139	2143	Mean
15	2	2144	2150	change
15	3	2151	2155	from
15	4	2156	2164	baseline
15	5	2165	2167	in
15	6	2168	2172	body
15	7	2173	2179	weight
15	8	2180	2182	at
15	9	2183	2187	week
15	10	2188	2190	24
15	11	2191	2194	was
15	12	2195	2196	0
15	13	2197	2198	.
15	14	2199	2201	39
15	15	2202	2203	 
15	16	2204	2206	kg
15	17	2207	2210	for
15	18	2211	2222	saxagliptin
15	19	2223	2226	and
15	20	2227	2228	0
15	21	2229	2230	.
15	22	2231	2233	18
15	23	2234	2235	 
15	24	2236	2238	kg
15	25	2239	2242	for
15	26	2243	2250	placebo
15	27	2251	2252	.
#Text=Hypoglycemia was reported in 18.4% and 19.9% of patients in the saxagliptin and placebo groups, respectively (confirmed hypoglycemia: 5.3%, 3.3%).
16	1	2253	2265	Hypoglycemia
16	2	2266	2269	was
16	3	2270	2278	reported
16	4	2279	2281	in
16	5	2282	2284	18
16	6	2285	2286	.
16	7	2287	2288	4
16	8	2289	2290	%
16	9	2291	2294	and
16	10	2295	2297	19
16	11	2298	2299	.
16	12	2300	2301	9
16	13	2302	2303	%
16	14	2304	2306	of
16	15	2307	2315	patients
16	16	2316	2318	in
16	17	2319	2322	the
16	18	2323	2334	saxagliptin
16	19	2335	2338	and
16	20	2339	2346	placebo
16	21	2347	2353	groups
16	22	2354	2355	,
16	23	2356	2368	respectively
16	24	2369	2370	(
16	25	2371	2380	confirmed
16	26	2381	2393	hypoglycemia
16	27	2394	2395	:
16	28	2396	2397	5
16	29	2398	2399	.
16	30	2400	2401	3
16	31	2402	2403	%
16	32	2404	2405	,
16	33	2406	2407	3
16	34	2408	2409	.
16	35	2410	2411	3
16	36	2412	2413	%
16	37	2414	2415	)
16	38	2416	2417	.
#Text=Other adverse events reported  in at least 5% of patients were urinary tract infection (saxagliptin, placebo: 5.9%, 6.0%), influenza (3.0%, 6.6%), and pain in extremity (1.6%, 6.0%).
17	1	2418	2423	Other
17	2	2424	2431	adverse
17	3	2432	2438	events
17	4	2439	2447	reported
17	5	2448	2450	in
17	6	2451	2453	at
17	7	2454	2459	least
17	8	2460	2461	5
17	9	2462	2463	%
17	10	2464	2466	of
17	11	2467	2475	patients
17	12	2476	2480	were
17	13	2481	2488	urinary
17	14	2489	2494	tract
17	15	2495	2504	infection
17	16	2505	2506	(
17	17	2507	2518	saxagliptin
17	18	2519	2520	,
17	19	2521	2528	placebo
17	20	2529	2530	:
17	21	2531	2532	5
17	22	2533	2534	.
17	23	2535	2536	9
17	24	2537	2538	%
17	25	2539	2540	,
17	26	2541	2542	6
17	27	2543	2544	.
17	28	2545	2546	0
17	29	2547	2548	%
17	30	2549	2550	)
17	31	2551	2552	,
17	32	2553	2562	influenza
17	33	2563	2564	(
17	34	2565	2566	3
17	35	2567	2568	.
17	36	2569	2570	0
17	37	2571	2572	%
17	38	2573	2574	,
17	39	2575	2576	6
17	40	2577	2578	.
17	41	2579	2580	6
17	42	2581	2582	%
17	43	2583	2584	)
17	44	2585	2586	,
17	45	2587	2590	and
17	46	2591	2595	pain
17	47	2596	2598	in
17	48	2599	2608	extremity
17	49	2609	2610	(
17	50	2611	2612	1
17	51	2613	2614	.
17	52	2615	2616	6
17	53	2617	2618	%
17	54	2619	2620	,
17	55	2621	2622	6
17	56	2623	2624	.
17	57	2625	2626	0
17	58	2627	2628	%
17	59	2629	2630	)
17	60	2631	2632	.
#Text=CONCLUSIONS: Saxagliptin 5-mg once-daily add-on therapy improves glycemic control in T2D patients on insulin alone or combined with metformin and is generally well-tolerated.
18	1	2633	2644	CONCLUSIONS
18	2	2645	2646	:
18	3	2647	2658	Saxagliptin
18	4	2659	2660	5
18	5	2661	2662	-
18	6	2663	2665	mg
18	7	2666	2670	once
18	8	2671	2672	-
18	9	2673	2678	daily
18	10	2679	2682	add
18	11	2683	2684	-
18	12	2685	2687	on
18	13	2688	2695	therapy
18	14	2696	2704	improves
18	15	2705	2713	glycemic
18	16	2714	2721	control
18	17	2722	2724	in
18	18	2725	2728	T2D
18	19	2729	2737	patients
18	20	2738	2740	on
18	21	2741	2748	insulin
18	22	2749	2754	alone
18	23	2755	2757	or
18	24	2758	2766	combined
18	25	2767	2771	with
18	26	2772	2781	metformin
18	27	2782	2785	and
18	28	2786	2788	is
18	29	2789	2798	generally
18	30	2799	2803	well
18	31	2804	2805	-
18	32	2806	2815	tolerated
18	33	2816	2817	.
#Text=NCT00757588.
19	1	2818	2829	NCT00757588
19	2	2830	2831	.
#Text=DOI: 10.1185/03007995.2012.665046  PMID: 22313154  [Indexed for MEDLINE]
20	1	2832	2835	DOI
20	2	2836	2837	:
20	3	2838	2840	10
20	4	2841	2842	.
20	5	2843	2847	1185
20	6	2848	2849	/
20	7	2850	2858	03007995
20	8	2859	2860	.
20	9	2861	2865	2012
20	10	2866	2867	.
20	11	2868	2874	665046
20	12	2875	2879	PMID
20	13	2880	2881	:
20	14	2882	2890	22313154
20	15	2891	2892	[
20	16	2893	2900	Indexed
20	17	2901	2904	for
20	18	2905	2912	MEDLINE
20	19	2913	2914	]
