#Text=Arch Intern Med.
1	1	0	4	Arch
1	2	5	11	Intern
1	3	12	15	Med
1	4	16	17	.
#Text=2009 Mar 23;169(6):616-25. doi: 10.1001/archinternmed.2009.20.
2	1	18	22	2009
2	2	23	26	Mar
2	3	27	29	23
2	4	30	31	;
2	5	32	35	169
2	6	36	37	(
2	7	38	39	6
2	8	40	41	)
2	9	42	43	:
2	10	44	47	616
2	11	48	49	-
2	12	50	52	25
2	13	53	54	.
2	14	55	58	doi
2	15	59	60	:
2	16	61	63	10
2	17	64	65	.
2	18	66	70	1001
2	19	71	72	/
2	20	73	86	archinternmed
2	21	87	88	.
2	22	89	93	2009
2	23	94	95	.
2	24	96	98	20
2	25	99	100	.
#Text=Long-term effects of metformin on metabolism and microvascular and macrovascular  disease in patients with type 2 diabetes mellitus.
3	1	101	105	Long
3	2	106	107	-
3	3	108	112	term
3	4	113	120	effects
3	5	121	123	of
3	6	124	133	metformin
3	7	134	136	on
3	8	137	147	metabolism
3	9	148	151	and
3	10	152	165	microvascular
3	11	166	169	and
3	12	170	183	macrovascular
3	13	184	191	disease
3	14	192	194	in
3	15	195	203	patients
3	16	204	208	with
3	17	209	213	type
3	18	214	215	2
3	19	216	224	diabetes
3	20	225	233	mellitus
3	21	234	235	.
#Text=Kooy A(1), de Jager J, Lehert P, Bets D, Wulffelé MG, Donker AJ, Stehouwer CD.
4	1	236	240	Kooy
4	2	241	242	A
4	3	243	244	(
4	4	245	246	1
4	5	247	248	)
4	6	249	250	,
4	7	251	253	de
4	8	254	259	Jager
4	9	260	261	J
4	10	262	263	,
4	11	264	270	Lehert
4	12	271	272	P
4	13	273	274	,
4	14	275	279	Bets
4	15	280	281	D
4	16	282	283	,
4	17	284	291	Wulffel
4	18	292	293	é
4	19	294	296	MG
4	20	297	298	,
4	21	299	305	Donker
4	22	306	308	AJ
4	23	309	310	,
4	24	311	320	Stehouwer
4	25	321	323	CD
4	26	324	325	.
#Text=Author information:  (1)Department of Internal Medicine and Bethesda Diabetes Research Center, RA Hoogeveen, the Netherlands.
5	1	326	332	Author
5	2	333	344	information
5	3	345	346	:
5	4	347	348	(
5	5	349	350	1
5	6	351	352	)
5	7	353	363	Department
5	8	364	366	of
5	9	367	375	Internal
5	10	376	384	Medicine
5	11	385	388	and
5	12	389	397	Bethesda
5	13	398	406	Diabetes
5	14	407	415	Research
5	15	416	422	Center
5	16	423	424	,
5	17	425	427	RA
5	18	428	437	Hoogeveen
5	19	438	439	,
5	20	440	443	the
5	21	444	455	Netherlands
5	22	456	457	.
#Text=kooy.a@bethesda.nl  Comment in     Ann Intern Med.
6	1	458	462	kooy
6	2	463	464	.
6	3	465	466	a
6	4	467	468	@
6	5	469	477	bethesda
6	6	478	479	.
6	7	480	482	nl
6	8	483	490	Comment
6	9	491	493	in
6	10	494	497	Ann
6	11	498	504	Intern
6	12	505	508	Med
6	13	509	510	.
#Text=2009 Jul 21;151(2):JC1-12.
7	1	511	515	2009
7	2	516	519	Jul
7	3	520	522	21
7	4	523	524	;
7	5	525	528	151
7	6	529	530	(
7	7	531	532	2
7	8	533	534	)
7	9	535	536	:
7	10	537	540	JC1
7	11	541	542	-
7	12	543	545	12
7	13	546	547	.
#Text=Evid Based Med.
8	1	548	552	Evid
8	2	553	558	Based
8	3	559	562	Med
8	4	563	564	.
#Text=2009 Oct;14(5):139.
9	1	565	569	2009
9	2	570	573	Oct
9	3	574	575	;
9	4	576	578	14
9	5	579	580	(
9	6	581	582	5
9	7	583	584	)
9	8	585	586	:
9	9	587	590	139
9	10	591	592	.
#Text=Republished in     Ned Tijdschr Geneeskd.
10	1	593	604	Republished
10	2	605	607	in
10	3	608	611	Ned
10	4	612	620	Tijdschr
10	5	621	629	Geneeskd
10	6	630	631	.
#Text=2009;153:.
11	1	632	636	2009
11	2	637	638	;
11	3	639	642	153
11	4	643	644	:
11	5	645	646	.
#Text=BACKGROUND: We investigated whether metformin hydrochloride has sustained beneficial metabolic and (cardio) vascular effects in patients with type 2 diabetes mellitus (DM2).
12	1	647	657	BACKGROUND
12	2	658	659	:
12	3	660	662	We
12	4	663	675	investigated
12	5	676	683	whether
12	6	684	693	metformin
12	7	694	707	hydrochloride
12	8	708	711	has
12	9	712	721	sustained
12	10	722	732	beneficial
12	11	733	742	metabolic
12	12	743	746	and
12	13	747	748	(
12	14	749	755	cardio
12	15	756	757	)
12	16	758	766	vascular
12	17	767	774	effects
12	18	775	777	in
12	19	778	786	patients
12	20	787	791	with
12	21	792	796	type
12	22	797	798	2
12	23	799	807	diabetes
12	24	808	816	mellitus
12	25	817	818	(
12	26	819	822	DM2
12	27	823	824	)
12	28	825	826	.
#Text=METHODS: We studied 390 patients treated with insulin in the outpatient clinics of 3 hospitals in a randomized, placebo-controlled trial with a follow-up period  of 4.3 years.
13	1	827	834	METHODS
13	2	835	836	:
13	3	837	839	We
13	4	840	847	studied
13	5	848	851	390
13	6	852	860	patients
13	7	861	868	treated
13	8	869	873	with
13	9	874	881	insulin
13	10	882	884	in
13	11	885	888	the
13	12	889	899	outpatient
13	13	900	907	clinics
13	14	908	910	of
13	15	911	912	3
13	16	913	922	hospitals
13	17	923	925	in
13	18	926	927	a
13	19	928	938	randomized
13	20	939	940	,
13	21	941	948	placebo
13	22	949	950	-
13	23	951	961	controlled
13	24	962	967	trial
13	25	968	972	with
13	26	973	974	a
13	27	975	981	follow
13	28	982	983	-
13	29	984	986	up
13	30	987	993	period
13	31	994	996	of
13	32	997	998	4
13	33	999	1000	.
13	34	1001	1002	3
13	35	1003	1008	years
13	36	1009	1010	.
#Text=Either metformin hydrochloride, 850 mg, or placebo (1-3 times daily) was added to insulin therapy.
14	1	1011	1017	Either
14	2	1018	1027	metformin
14	3	1028	1041	hydrochloride
14	4	1042	1043	,
14	5	1044	1047	850
14	6	1048	1050	mg
14	7	1051	1052	,
14	8	1053	1055	or
14	9	1056	1063	placebo
14	10	1064	1065	(
14	11	1066	1067	1
14	12	1068	1069	-
14	13	1070	1071	3
14	14	1072	1077	times
14	15	1078	1083	daily
14	16	1084	1085	)
14	17	1086	1089	was
14	18	1090	1095	added
14	19	1096	1098	to
14	20	1099	1106	insulin
14	21	1107	1114	therapy
14	22	1115	1116	.
#Text=The primary end point was an aggregate of microvascular and macrovascular morbidity and mortality.
15	1	1117	1120	The
15	2	1121	1128	primary
15	3	1129	1132	end
15	4	1133	1138	point
15	5	1139	1142	was
15	6	1143	1145	an
15	7	1146	1155	aggregate
15	8	1156	1158	of
15	9	1159	1172	microvascular
15	10	1173	1176	and
15	11	1177	1190	macrovascular
15	12	1191	1200	morbidity
15	13	1201	1204	and
15	14	1205	1214	mortality
15	15	1215	1216	.
#Text=The secondary end points were microvascular and macrovascular morbidity and mortality, as separate aggregate scores.
16	1	1217	1220	The
16	2	1221	1230	secondary
16	3	1231	1234	end
16	4	1235	1241	points
16	5	1242	1246	were
16	6	1247	1260	microvascular
16	7	1261	1264	and
16	8	1265	1278	macrovascular
16	9	1279	1288	morbidity
16	10	1289	1292	and
16	11	1293	1302	mortality
16	12	1303	1304	,
16	13	1305	1307	as
16	14	1308	1316	separate
16	15	1317	1326	aggregate
16	16	1327	1333	scores
16	17	1334	1335	.
#Text=In addition, effects on hemoglobin A(1c) (HbA(1c)), insulin requirement, lipid levels, blood pressure, body weight, and body mass index were  analyzed.
17	1	1336	1338	In
17	2	1339	1347	addition
17	3	1348	1349	,
17	4	1350	1357	effects
17	5	1358	1360	on
17	6	1361	1371	hemoglobin
17	7	1372	1373	A
17	8	1374	1375	(
17	9	1376	1378	1c
17	10	1379	1380	)
17	11	1381	1382	(
17	12	1383	1386	HbA
17	13	1387	1388	(
17	14	1389	1391	1c
17	15	1392	1393	)
17	16	1394	1395	)
17	17	1396	1397	,
17	18	1398	1405	insulin
17	19	1406	1417	requirement
17	20	1418	1419	,
17	21	1420	1425	lipid
17	22	1426	1432	levels
17	23	1433	1434	,
17	24	1435	1440	blood
17	25	1441	1449	pressure
17	26	1450	1451	,
17	27	1452	1456	body
17	28	1457	1463	weight
17	29	1464	1465	,
17	30	1466	1469	and
17	31	1470	1474	body
17	32	1475	1479	mass
17	33	1480	1485	index
17	34	1486	1490	were
17	35	1491	1499	analyzed
17	36	1500	1501	.
#Text=RESULTS: Metformin treatment prevented weight gain (mean weight gain, -3.07 kg [range, -3.85 to -2.28 kg]; P < .001), improved glycemic control (mean reduction  in HbA(1c) level, 0.4% percentage point [95% CI, 0.55-0.25]; P < .001) (where CI  indicates confidence interval), despite the aim of similar glycemic control in both groups, and reduced insulin requirements (mean reduction, 19.63 IU/d [95% CI, 24.91-14.36 IU/d]; P < .001).
18	1	1502	1509	RESULTS
18	2	1510	1511	:
18	3	1512	1521	Metformin
18	4	1522	1531	treatment
18	5	1532	1541	prevented
18	6	1542	1548	weight
18	7	1549	1553	gain
18	8	1554	1555	(
18	9	1556	1560	mean
18	10	1561	1567	weight
18	11	1568	1572	gain
18	12	1573	1574	,
18	13	1575	1576	-
18	14	1577	1578	3
18	15	1579	1580	.
18	16	1581	1583	07
18	17	1584	1586	kg
18	18	1587	1588	[
18	19	1589	1594	range
18	20	1595	1596	,
18	21	1597	1598	-
18	22	1599	1600	3
18	23	1601	1602	.
18	24	1603	1605	85
18	25	1606	1608	to
18	26	1609	1610	-
18	27	1611	1612	2
18	28	1613	1614	.
18	29	1615	1617	28
18	30	1618	1620	kg
18	31	1621	1622	]
18	32	1623	1624	;
18	33	1625	1626	P
18	34	1627	1628	<
18	35	1629	1630	.
18	36	1631	1634	001
18	37	1635	1636	)
18	38	1637	1638	,
18	39	1639	1647	improved
18	40	1648	1656	glycemic
18	41	1657	1664	control
18	42	1665	1666	(
18	43	1667	1671	mean
18	44	1672	1681	reduction
18	45	1682	1684	in
18	46	1685	1688	HbA
18	47	1689	1690	(
18	48	1691	1693	1c
18	49	1694	1695	)
18	50	1696	1701	level
18	51	1702	1703	,
18	52	1704	1705	0
18	53	1706	1707	.
18	54	1708	1709	4
18	55	1710	1711	%
18	56	1712	1722	percentage
18	57	1723	1728	point
18	58	1729	1730	[
18	59	1731	1733	95
18	60	1734	1735	%
18	61	1736	1738	CI
18	62	1739	1740	,
18	63	1741	1742	0
18	64	1743	1744	.
18	65	1745	1747	55
18	66	1748	1749	-
18	67	1750	1751	0
18	68	1752	1753	.
18	69	1754	1756	25
18	70	1757	1758	]
18	71	1759	1760	;
18	72	1761	1762	P
18	73	1763	1764	<
18	74	1765	1766	.
18	75	1767	1770	001
18	76	1771	1772	)
18	77	1773	1774	(
18	78	1775	1780	where
18	79	1781	1783	CI
18	80	1784	1793	indicates
18	81	1794	1804	confidence
18	82	1805	1813	interval
18	83	1814	1815	)
18	84	1816	1817	,
18	85	1818	1825	despite
18	86	1826	1829	the
18	87	1830	1833	aim
18	88	1834	1836	of
18	89	1837	1844	similar
18	90	1845	1853	glycemic
18	91	1854	1861	control
18	92	1862	1864	in
18	93	1865	1869	both
18	94	1870	1876	groups
18	95	1877	1878	,
18	96	1879	1882	and
18	97	1883	1890	reduced
18	98	1891	1898	insulin
18	99	1899	1911	requirements
18	100	1912	1913	(
18	101	1914	1918	mean
18	102	1919	1928	reduction
18	103	1929	1930	,
18	104	1931	1933	19
18	105	1934	1935	.
18	106	1936	1938	63
18	107	1939	1941	IU
18	108	1942	1943	/
18	109	1944	1945	d
18	110	1946	1947	[
18	111	1948	1950	95
18	112	1951	1952	%
18	113	1953	1955	CI
18	114	1956	1957	,
18	115	1958	1960	24
18	116	1961	1962	.
18	117	1963	1965	91
18	118	1966	1967	-
18	119	1968	1970	14
18	120	1971	1972	.
18	121	1973	1975	36
18	122	1976	1978	IU
18	123	1979	1980	/
18	124	1981	1982	d
18	125	1983	1984	]
18	126	1985	1986	;
18	127	1987	1988	P
18	128	1989	1990	<
18	129	1991	1992	.
18	130	1993	1996	001
18	131	1997	1998	)
18	132	1999	2000	.
#Text=Metformin was not associated with an improvement in the primary end point.
19	1	2001	2010	Metformin
19	2	2011	2014	was
19	3	2015	2018	not
19	4	2019	2029	associated
19	5	2030	2034	with
19	6	2035	2037	an
19	7	2038	2049	improvement
19	8	2050	2052	in
19	9	2053	2056	the
19	10	2057	2064	primary
19	11	2065	2068	end
19	12	2069	2074	point
19	13	2075	2076	.
#Text=It was, however, associated with an improvement in the secondary, macrovascular end point (hazard ratio, 0.61 (95% CI, 0.40-0.94; P = .02), which was partly explained by the difference in weight.
20	1	2077	2079	It
20	2	2080	2083	was
20	3	2084	2085	,
20	4	2086	2093	however
20	5	2094	2095	,
20	6	2096	2106	associated
20	7	2107	2111	with
20	8	2112	2114	an
20	9	2115	2126	improvement
20	10	2127	2129	in
20	11	2130	2133	the
20	12	2134	2143	secondary
20	13	2144	2145	,
20	14	2146	2159	macrovascular
20	15	2160	2163	end
20	16	2164	2169	point
20	17	2170	2171	(
20	18	2172	2178	hazard
20	19	2179	2184	ratio
20	20	2185	2186	,
20	21	2187	2188	0
20	22	2189	2190	.
20	23	2191	2193	61
20	24	2194	2195	(
20	25	2196	2198	95
20	26	2199	2200	%
20	27	2201	2203	CI
20	28	2204	2205	,
20	29	2206	2207	0
20	30	2208	2209	.
20	31	2210	2212	40
20	32	2213	2214	-
20	33	2215	2216	0
20	34	2217	2218	.
20	35	2219	2221	94
20	36	2222	2223	;
20	37	2224	2225	P
20	38	2226	2227	=
20	39	2228	2229	.
20	40	2230	2232	02
20	41	2233	2234	)
20	42	2235	2236	,
20	43	2237	2242	which
20	44	2243	2246	was
20	45	2247	2253	partly
20	46	2254	2263	explained
20	47	2264	2266	by
20	48	2267	2270	the
20	49	2271	2281	difference
20	50	2282	2284	in
20	51	2285	2291	weight
20	52	2292	2293	.
#Text=The number needed to treat to prevent 1 macrovascular end point was 16.1 (95% CI, 9.2-66.6).
21	1	2294	2297	The
21	2	2298	2304	number
21	3	2305	2311	needed
21	4	2312	2314	to
21	5	2315	2320	treat
21	6	2321	2323	to
21	7	2324	2331	prevent
21	8	2332	2333	1
21	9	2334	2347	macrovascular
21	10	2348	2351	end
21	11	2352	2357	point
21	12	2358	2361	was
21	13	2362	2364	16
21	14	2365	2366	.
21	15	2367	2368	1
21	16	2369	2370	(
21	17	2371	2373	95
21	18	2374	2375	%
21	19	2376	2378	CI
21	20	2379	2380	,
21	21	2381	2382	9
21	22	2383	2384	.
21	23	2385	2386	2
21	24	2387	2388	-
21	25	2389	2391	66
21	26	2392	2393	.
21	27	2394	2395	6
21	28	2396	2397	)
21	29	2398	2399	.
#Text=CONCLUSIONS: Metformin, added to insulin in patients with DM2, improved body weight, glycemic control, and insulin requirements but did not improve the primary end point.
22	1	2400	2411	CONCLUSIONS
22	2	2412	2413	:
22	3	2414	2423	Metformin
22	4	2424	2425	,
22	5	2426	2431	added
22	6	2432	2434	to
22	7	2435	2442	insulin
22	8	2443	2445	in
22	9	2446	2454	patients
22	10	2455	2459	with
22	11	2460	2463	DM2
22	12	2464	2465	,
22	13	2466	2474	improved
22	14	2475	2479	body
22	15	2480	2486	weight
22	16	2487	2488	,
22	17	2489	2497	glycemic
22	18	2498	2505	control
22	19	2506	2507	,
22	20	2508	2511	and
22	21	2512	2519	insulin
22	22	2520	2532	requirements
22	23	2533	2536	but
22	24	2537	2540	did
22	25	2541	2544	not
22	26	2545	2552	improve
22	27	2553	2556	the
22	28	2557	2564	primary
22	29	2565	2568	end
22	30	2569	2574	point
22	31	2575	2576	.
#Text=Metformin did, however, reduce the risk of macrovascular disease after a follow-up period of 4.3 years.
23	1	2577	2586	Metformin
23	2	2587	2590	did
23	3	2591	2592	,
23	4	2593	2600	however
23	5	2601	2602	,
23	6	2603	2609	reduce
23	7	2610	2613	the
23	8	2614	2618	risk
23	9	2619	2621	of
23	10	2622	2635	macrovascular
23	11	2636	2643	disease
23	12	2644	2649	after
23	13	2650	2651	a
23	14	2652	2658	follow
23	15	2659	2660	-
23	16	2661	2663	up
23	17	2664	2670	period
23	18	2671	2673	of
23	19	2674	2675	4
23	20	2676	2677	.
23	21	2678	2679	3
23	22	2680	2685	years
23	23	2686	2687	.
#Text=These sustained beneficial effects support the policy to continue metformin treatment after the introduction of insulin in any patient with DM2, unless contraindicated.
24	1	2688	2693	These
24	2	2694	2703	sustained
24	3	2704	2714	beneficial
24	4	2715	2722	effects
24	5	2723	2730	support
24	6	2731	2734	the
24	7	2735	2741	policy
24	8	2742	2744	to
24	9	2745	2753	continue
24	10	2754	2763	metformin
24	11	2764	2773	treatment
24	12	2774	2779	after
24	13	2780	2783	the
24	14	2784	2796	introduction
24	15	2797	2799	of
24	16	2800	2807	insulin
24	17	2808	2810	in
24	18	2811	2814	any
24	19	2815	2822	patient
24	20	2823	2827	with
24	21	2828	2831	DM2
24	22	2832	2833	,
24	23	2834	2840	unless
24	24	2841	2856	contraindicated
24	25	2857	2858	.
#Text=Trial Registration ClinicalTrials.gov Identifier: NCT00375388.
25	1	2859	2864	Trial
25	2	2865	2877	Registration
25	3	2878	2892	ClinicalTrials
25	4	2893	2894	.
25	5	2895	2898	gov
25	6	2899	2909	Identifier
25	7	2910	2911	:
25	8	2912	2923	NCT00375388
25	9	2924	2925	.
#Text=DOI: 10.1001/archinternmed.2009.20  PMID: 19307526  [Indexed for MEDLINE]
26	1	2926	2929	DOI
26	2	2930	2931	:
26	3	2932	2934	10
26	4	2935	2936	.
26	5	2937	2941	1001
26	6	2942	2943	/
26	7	2944	2957	archinternmed
26	8	2958	2959	.
26	9	2960	2964	2009
26	10	2965	2966	.
26	11	2967	2969	20
26	12	2970	2974	PMID
26	13	2975	2976	:
26	14	2977	2985	19307526
26	15	2986	2987	[
26	16	2988	2995	Indexed
26	17	2996	2999	for
26	18	3000	3007	MEDLINE
26	19	3008	3009	]
