#Text=Horm Res.
1	1	0	4	Horm
1	2	5	8	Res
1	3	9	10	.
#Text=2004;62(2):55-9.
2	1	11	15	2004
2	2	16	17	;
2	3	18	20	62
2	4	21	22	(
2	5	23	24	2
2	6	25	26	)
2	7	27	28	:
2	8	29	31	55
2	9	32	33	-
2	10	34	35	9
2	11	36	37	.
#Text=Epub 2004 Jun 11.
3	1	38	42	Epub
3	2	43	47	2004
3	3	48	51	Jun
3	4	52	54	11
3	5	55	56	.
#Text=Does bromocriptine improve glycemic control of obese type-2 diabetics?
4	1	57	61	Does
4	2	62	75	bromocriptine
4	3	76	83	improve
4	4	84	92	glycemic
4	5	93	100	control
4	6	101	103	of
4	7	104	109	obese
4	8	110	114	type
4	9	115	116	-
4	10	117	118	2
4	11	119	128	diabetics
4	12	129	130	?
#Text=Aminorroaya A(1), Janghorbani M, Ramezani M, Haghighi S, Amini M.  Author information:  (1)Isfahan Endocrinology and Metabolism Research Center, Isfahan University of Medical Sciences and Health Services, Isfahan, Iran.
5	1	131	142	Aminorroaya
5	2	143	144	A
5	3	145	146	(
5	4	147	148	1
5	5	149	150	)
5	6	151	152	,
5	7	153	164	Janghorbani
5	8	165	166	M
5	9	167	168	,
5	10	169	177	Ramezani
5	11	178	179	M
5	12	180	181	,
5	13	182	190	Haghighi
5	14	191	192	S
5	15	193	194	,
5	16	195	200	Amini
5	17	201	202	M
5	18	203	204	.
5	19	205	211	Author
5	20	212	223	information
5	21	224	225	:
5	22	226	227	(
5	23	228	229	1
5	24	230	231	)
5	25	232	239	Isfahan
5	26	240	253	Endocrinology
5	27	254	257	and
5	28	258	268	Metabolism
5	29	269	277	Research
5	30	278	284	Center
5	31	285	286	,
5	32	287	294	Isfahan
5	33	295	305	University
5	34	306	308	of
5	35	309	316	Medical
5	36	317	325	Sciences
5	37	326	329	and
5	38	330	336	Health
5	39	337	345	Services
5	40	346	347	,
5	41	348	355	Isfahan
5	42	356	357	,
5	43	358	362	Iran
5	44	363	364	.
#Text=aminorroaya@med.mui.ac.ir  BACKGROUND: Various oral hypoglycemic agents have already been administered to type-2 diabetic patients to normalize their plasma glucose concentrations but they have not had complete and sustained success.
6	1	365	376	aminorroaya
6	2	377	378	@
6	3	379	382	med
6	4	383	384	.
6	5	385	388	mui
6	6	389	390	.
6	7	391	393	ac
6	8	394	395	.
6	9	396	398	ir
6	10	399	409	BACKGROUND
6	11	410	411	:
6	12	412	419	Various
6	13	420	424	oral
6	14	425	437	hypoglycemic
6	15	438	444	agents
6	16	445	449	have
6	17	450	457	already
6	18	458	462	been
6	19	463	475	administered
6	20	476	478	to
6	21	479	483	type
6	22	484	485	-
6	23	486	487	2
6	24	488	496	diabetic
6	25	497	505	patients
6	26	506	508	to
6	27	509	518	normalize
6	28	519	524	their
6	29	525	531	plasma
6	30	532	539	glucose
6	31	540	554	concentrations
6	32	555	558	but
6	33	559	563	they
6	34	564	568	have
6	35	569	572	not
6	36	573	576	had
6	37	577	585	complete
6	38	586	589	and
6	39	590	599	sustained
6	40	600	607	success
6	41	608	609	.
#Text=In recent years, bromocriptine  has been tried with controversial results.
7	1	610	612	In
7	2	613	619	recent
7	3	620	625	years
7	4	626	627	,
7	5	628	641	bromocriptine
7	6	642	645	has
7	7	646	650	been
7	8	651	656	tried
7	9	657	661	with
7	10	662	675	controversial
7	11	676	683	results
7	12	684	685	.
#Text=In present study, the effect of bromocriptine on glycemic control was evaluated in obese type-2 diabetic patients.
8	1	686	688	In
8	2	689	696	present
8	3	697	702	study
8	4	703	704	,
8	5	705	708	the
8	6	709	715	effect
8	7	716	718	of
8	8	719	732	bromocriptine
8	9	733	735	on
8	10	736	744	glycemic
8	11	745	752	control
8	12	753	756	was
8	13	757	766	evaluated
8	14	767	769	in
8	15	770	775	obese
8	16	776	780	type
8	17	781	782	-
8	18	783	784	2
8	19	785	793	diabetic
8	20	794	802	patients
8	21	803	804	.
#Text=METHODS: In a double-blind placebo-controlled clinical trial, 40 obese patients with type-2 diabetes (aged 32-70 years) were randomly allocated to the two treatment groups.
9	1	805	812	METHODS
9	2	813	814	:
9	3	815	817	In
9	4	818	819	a
9	5	820	826	double
9	6	827	828	-
9	7	829	834	blind
9	8	835	842	placebo
9	9	843	844	-
9	10	845	855	controlled
9	11	856	864	clinical
9	12	865	870	trial
9	13	871	872	,
9	14	873	875	40
9	15	876	881	obese
9	16	882	890	patients
9	17	891	895	with
9	18	896	900	type
9	19	901	902	-
9	20	903	904	2
9	21	905	913	diabetes
9	22	914	915	(
9	23	916	920	aged
9	24	921	923	32
9	25	924	925	-
9	26	926	928	70
9	27	929	934	years
9	28	935	936	)
9	29	937	941	were
9	30	942	950	randomly
9	31	951	960	allocated
9	32	961	963	to
9	33	964	967	the
9	34	968	971	two
9	35	972	981	treatment
9	36	982	988	groups
9	37	989	990	.
#Text=The first group received bromocriptine (2.5 mg daily) for a total of 3 months.
10	1	991	994	The
10	2	995	1000	first
10	3	1001	1006	group
10	4	1007	1015	received
10	5	1016	1029	bromocriptine
10	6	1030	1031	(
10	7	1032	1033	2
10	8	1034	1035	.
10	9	1036	1037	5
10	10	1038	1040	mg
10	11	1041	1046	daily
10	12	1047	1048	)
10	13	1049	1052	for
10	14	1053	1054	a
10	15	1055	1060	total
10	16	1061	1063	of
10	17	1064	1065	3
10	18	1066	1072	months
10	19	1073	1074	.
#Text=The second group received placebo.
11	1	1075	1078	The
11	2	1079	1085	second
11	3	1086	1091	group
11	4	1092	1100	received
11	5	1101	1108	placebo
11	6	1109	1110	.
#Text=They had been uncontrolled  on fixed doses of glibenclamide or its combination with metformin in the 3 months before enrolling in the study.
12	1	1111	1115	They
12	2	1116	1119	had
12	3	1120	1124	been
12	4	1125	1137	uncontrolled
12	5	1138	1140	on
12	6	1141	1146	fixed
12	7	1147	1152	doses
12	8	1153	1155	of
12	9	1156	1169	glibenclamide
12	10	1170	1172	or
12	11	1173	1176	its
12	12	1177	1188	combination
12	13	1189	1193	with
12	14	1194	1203	metformin
12	15	1204	1206	in
12	16	1207	1210	the
12	17	1211	1212	3
12	18	1213	1219	months
12	19	1220	1226	before
12	20	1227	1236	enrolling
12	21	1237	1239	in
12	22	1240	1243	the
12	23	1244	1249	study
12	24	1250	1251	.
#Text=The fasting plasma glucose (FPG) level and glycosylated hemoglobin (HbA1) were measured and body mass index (BMI) was calculated before and 1, 2 and 3 months after treatment.
13	1	1252	1255	The
13	2	1256	1263	fasting
13	3	1264	1270	plasma
13	4	1271	1278	glucose
13	5	1279	1280	(
13	6	1281	1284	FPG
13	7	1285	1286	)
13	8	1287	1292	level
13	9	1293	1296	and
13	10	1297	1309	glycosylated
13	11	1310	1320	hemoglobin
13	12	1321	1322	(
13	13	1323	1327	HbA1
13	14	1328	1329	)
13	15	1330	1334	were
13	16	1335	1343	measured
13	17	1344	1347	and
13	18	1348	1352	body
13	19	1353	1357	mass
13	20	1358	1363	index
13	21	1364	1365	(
13	22	1366	1369	BMI
13	23	1370	1371	)
13	24	1372	1375	was
13	25	1376	1386	calculated
13	26	1387	1393	before
13	27	1394	1397	and
13	28	1398	1399	1
13	29	1400	1401	,
13	30	1402	1403	2
13	31	1404	1407	and
13	32	1408	1409	3
13	33	1410	1416	months
13	34	1417	1422	after
13	35	1423	1432	treatment
13	36	1433	1434	.
#Text=RESULTS: The FPG level decreased in the bromocriptine-treated group from 10.59 +/- 0.42 to 9.06 +/- 0.41 mmol/l (mean +/- SEM; p < 0.01), whereas in the placebo group it was not changed, 10.69 +/- 0.52 and 10.6 +/- 0.57 mmol/l, respectively.
14	1	1435	1442	RESULTS
14	2	1443	1444	:
14	3	1445	1448	The
14	4	1449	1452	FPG
14	5	1453	1458	level
14	6	1459	1468	decreased
14	7	1469	1471	in
14	8	1472	1475	the
14	9	1476	1489	bromocriptine
14	10	1490	1491	-
14	11	1492	1499	treated
14	12	1500	1505	group
14	13	1506	1510	from
14	14	1511	1513	10
14	15	1514	1515	.
14	16	1516	1518	59
14	17	1519	1520	+
14	18	1521	1522	/
14	19	1523	1524	-
14	20	1525	1526	0
14	21	1527	1528	.
14	22	1529	1531	42
14	23	1532	1534	to
14	24	1535	1536	9
14	25	1537	1538	.
14	26	1539	1541	06
14	27	1542	1543	+
14	28	1544	1545	/
14	29	1546	1547	-
14	30	1548	1549	0
14	31	1550	1551	.
14	32	1552	1554	41
14	33	1555	1559	mmol
14	34	1560	1561	/
14	35	1562	1563	l
14	36	1564	1565	(
14	37	1566	1570	mean
14	38	1571	1572	+
14	39	1573	1574	/
14	40	1575	1576	-
14	41	1577	1580	SEM
14	42	1581	1582	;
14	43	1583	1584	p
14	44	1585	1586	<
14	45	1587	1588	0
14	46	1589	1590	.
14	47	1591	1593	01
14	48	1594	1595	)
14	49	1596	1597	,
14	50	1598	1605	whereas
14	51	1606	1608	in
14	52	1609	1612	the
14	53	1613	1620	placebo
14	54	1621	1626	group
14	55	1627	1629	it
14	56	1630	1633	was
14	57	1634	1637	not
14	58	1638	1645	changed
14	59	1646	1647	,
14	60	1648	1650	10
14	61	1651	1652	.
14	62	1653	1655	69
14	63	1656	1657	+
14	64	1658	1659	/
14	65	1660	1661	-
14	66	1662	1663	0
14	67	1664	1665	.
14	68	1666	1668	52
14	69	1669	1672	and
14	70	1673	1675	10
14	71	1676	1677	.
14	72	1678	1679	6
14	73	1680	1681	+
14	74	1682	1683	/
14	75	1684	1685	-
14	76	1686	1687	0
14	77	1688	1689	.
14	78	1690	1692	57
14	79	1693	1697	mmol
14	80	1698	1699	/
14	81	1700	1701	l
14	82	1702	1703	,
14	83	1704	1716	respectively
14	84	1717	1718	.
#Text=The HbA1 concentration was reduced in the bromocriptine-treated group from 9.9 +/- 0.3 to 9.5 +/-0.2% (p = 0.06), whereas it increased in the placebo-treated group from 10.2 +/- 0.3 to 11.3 +/- 0.6% (p < 0.05).
15	1	1719	1722	The
15	2	1723	1727	HbA1
15	3	1728	1741	concentration
15	4	1742	1745	was
15	5	1746	1753	reduced
15	6	1754	1756	in
15	7	1757	1760	the
15	8	1761	1774	bromocriptine
15	9	1775	1776	-
15	10	1777	1784	treated
15	11	1785	1790	group
15	12	1791	1795	from
15	13	1796	1797	9
15	14	1798	1799	.
15	15	1800	1801	9
15	16	1802	1803	+
15	17	1804	1805	/
15	18	1806	1807	-
15	19	1808	1809	0
15	20	1810	1811	.
15	21	1812	1813	3
15	22	1814	1816	to
15	23	1817	1818	9
15	24	1819	1820	.
15	25	1821	1822	5
15	26	1823	1824	+
15	27	1825	1826	/
15	28	1827	1828	-
15	29	1829	1830	0
15	30	1831	1832	.
15	31	1833	1834	2
15	32	1835	1836	%
15	33	1837	1838	(
15	34	1839	1840	p
15	35	1841	1842	=
15	36	1843	1844	0
15	37	1845	1846	.
15	38	1847	1849	06
15	39	1850	1851	)
15	40	1852	1853	,
15	41	1854	1861	whereas
15	42	1862	1864	it
15	43	1865	1874	increased
15	44	1875	1877	in
15	45	1878	1881	the
15	46	1882	1889	placebo
15	47	1890	1891	-
15	48	1892	1899	treated
15	49	1900	1905	group
15	50	1906	1910	from
15	51	1911	1913	10
15	52	1914	1915	.
15	53	1916	1917	2
15	54	1918	1919	+
15	55	1920	1921	/
15	56	1922	1923	-
15	57	1924	1925	0
15	58	1926	1927	.
15	59	1928	1929	3
15	60	1930	1932	to
15	61	1933	1935	11
15	62	1936	1937	.
15	63	1938	1939	3
15	64	1940	1941	+
15	65	1942	1943	/
15	66	1944	1945	-
15	67	1946	1947	0
15	68	1948	1949	.
15	69	1950	1951	6
15	70	1952	1953	%
15	71	1954	1955	(
15	72	1956	1957	p
15	73	1958	1959	<
15	74	1960	1961	0
15	75	1962	1963	.
15	76	1964	1966	05
15	77	1967	1968	)
15	78	1969	1970	.
#Text=The differences in HbA1 (1.8%, p < 0.01) and FPG (1.55 mmol/l, p < 0.05) levels between the bromocriptine and placebo groups at 3 months were significant.
16	1	1971	1974	The
16	2	1975	1986	differences
16	3	1987	1989	in
16	4	1990	1994	HbA1
16	5	1995	1996	(
16	6	1997	1998	1
16	7	1999	2000	.
16	8	2001	2002	8
16	9	2003	2004	%
16	10	2005	2006	,
16	11	2007	2008	p
16	12	2009	2010	<
16	13	2011	2012	0
16	14	2013	2014	.
16	15	2015	2017	01
16	16	2018	2019	)
16	17	2020	2023	and
16	18	2024	2027	FPG
16	19	2028	2029	(
16	20	2030	2031	1
16	21	2032	2033	.
16	22	2034	2036	55
16	23	2037	2041	mmol
16	24	2042	2043	/
16	25	2044	2045	l
16	26	2046	2047	,
16	27	2048	2049	p
16	28	2050	2051	<
16	29	2052	2053	0
16	30	2054	2055	.
16	31	2056	2058	05
16	32	2059	2060	)
16	33	2061	2067	levels
16	34	2068	2075	between
16	35	2076	2079	the
16	36	2080	2093	bromocriptine
16	37	2094	2097	and
16	38	2098	2105	placebo
16	39	2106	2112	groups
16	40	2113	2115	at
16	41	2116	2117	3
16	42	2118	2124	months
16	43	2125	2129	were
16	44	2130	2141	significant
16	45	2142	2143	.
#Text=No changes in body weight or BMI occurred during the study in either placebo- or bromocriptine-treated group.
17	1	2144	2146	No
17	2	2147	2154	changes
17	3	2155	2157	in
17	4	2158	2162	body
17	5	2163	2169	weight
17	6	2170	2172	or
17	7	2173	2176	BMI
17	8	2177	2185	occurred
17	9	2186	2192	during
17	10	2193	2196	the
17	11	2197	2202	study
17	12	2203	2205	in
17	13	2206	2212	either
17	14	2213	2220	placebo
17	15	2221	2222	-
17	16	2223	2225	or
17	17	2226	2239	bromocriptine
17	18	2240	2241	-
17	19	2242	2249	treated
17	20	2250	2255	group
17	21	2256	2257	.
#Text=CONCLUSION: The data further support the contention that bromocriptine improves glycemic control in obese type-2 diabetic patients, although the mechanism of action remains to be determined.
18	1	2258	2268	CONCLUSION
18	2	2269	2270	:
18	3	2271	2274	The
18	4	2275	2279	data
18	5	2280	2287	further
18	6	2288	2295	support
18	7	2296	2299	the
18	8	2300	2310	contention
18	9	2311	2315	that
18	10	2316	2329	bromocriptine
18	11	2330	2338	improves
18	12	2339	2347	glycemic
18	13	2348	2355	control
18	14	2356	2358	in
18	15	2359	2364	obese
18	16	2365	2369	type
18	17	2370	2371	-
18	18	2372	2373	2
18	19	2374	2382	diabetic
18	20	2383	2391	patients
18	21	2392	2393	,
18	22	2394	2402	although
18	23	2403	2406	the
18	24	2407	2416	mechanism
18	25	2417	2419	of
18	26	2420	2426	action
18	27	2427	2434	remains
18	28	2435	2437	to
18	29	2438	2440	be
18	30	2441	2451	determined
18	31	2452	2453	.
#Text=DOI: 10.1159/000078932  PMID: 15205563  [Indexed for MEDLINE]
19	1	2454	2457	DOI
19	2	2458	2459	:
19	3	2460	2462	10
19	4	2463	2464	.
19	5	2465	2469	1159
19	6	2470	2471	/
19	7	2472	2481	000078932
19	8	2482	2486	PMID
19	9	2487	2488	:
19	10	2489	2497	15205563
19	11	2498	2499	[
19	12	2500	2507	Indexed
19	13	2508	2511	for
19	14	2512	2519	MEDLINE
19	15	2520	2521	]
