#Text=Diabetes Metab Res Rev.
1	1	0	8	Diabetes
1	2	9	14	Metab
1	3	15	18	Res
1	4	19	22	Rev
1	5	23	24	.
#Text=2014 Nov;30(8):726-35. doi: 10.1002/dmrr.2541.
2	1	25	29	2014
2	2	30	33	Nov
2	3	34	35	;
2	4	36	38	30
2	5	39	40	(
2	6	41	42	8
2	7	43	44	)
2	8	45	46	:
2	9	47	50	726
2	10	51	52	-
2	11	53	55	35
2	12	56	57	.
2	13	58	61	doi
2	14	62	63	:
2	15	64	66	10
2	16	67	68	.
2	17	69	73	1002
2	18	74	75	/
2	19	76	80	dmrr
2	20	81	82	.
2	21	83	87	2541
2	22	88	89	.
#Text=Lixisenatide treatment improves glycaemic control in Asian patients with type 2 diabetes mellitus inadequately controlled on metformin with or without sulfonylurea: a randomized, double-blind, placebo-controlled, 24-week trial (GetGoal-M-Asia).
3	1	90	102	Lixisenatide
3	2	103	112	treatment
3	3	113	121	improves
3	4	122	131	glycaemic
3	5	132	139	control
3	6	140	142	in
3	7	143	148	Asian
3	8	149	157	patients
3	9	158	162	with
3	10	163	167	type
3	11	168	169	2
3	12	170	178	diabetes
3	13	179	187	mellitus
3	14	188	200	inadequately
3	15	201	211	controlled
3	16	212	214	on
3	17	215	224	metformin
3	18	225	229	with
3	19	230	232	or
3	20	233	240	without
3	21	241	253	sulfonylurea
3	22	254	255	:
3	23	256	257	a
3	24	258	268	randomized
3	25	269	270	,
3	26	271	277	double
3	27	278	279	-
3	28	280	285	blind
3	29	286	287	,
3	30	288	295	placebo
3	31	296	297	-
3	32	298	308	controlled
3	33	309	310	,
3	34	311	313	24
3	35	314	315	-
3	36	316	320	week
3	37	321	326	trial
3	38	327	328	(
3	39	329	336	GetGoal
3	40	337	338	-
3	41	339	340	M
3	42	341	342	-
3	43	343	347	Asia
3	44	348	349	)
3	45	350	351	.
#Text=Yu Pan C(1), Han P, Liu X, Yan S, Feng P, Zhou Z, Lv X, Tian H, Jin Kui Y, Su B,  Shang S, Niemoeller E.  Author information:  (1)Chinese People's Liberation Army General Hospital, Beijing, China.
4	1	352	354	Yu
4	2	355	358	Pan
4	3	359	360	C
4	4	361	362	(
4	5	363	364	1
4	6	365	366	)
4	7	367	368	,
4	8	369	372	Han
4	9	373	374	P
4	10	375	376	,
4	11	377	380	Liu
4	12	381	382	X
4	13	383	384	,
4	14	385	388	Yan
4	15	389	390	S
4	16	391	392	,
4	17	393	397	Feng
4	18	398	399	P
4	19	400	401	,
4	20	402	406	Zhou
4	21	407	408	Z
4	22	409	410	,
4	23	411	413	Lv
4	24	414	415	X
4	25	416	417	,
4	26	418	422	Tian
4	27	423	424	H
4	28	425	426	,
4	29	427	430	Jin
4	30	431	434	Kui
4	31	435	436	Y
4	32	437	438	,
4	33	439	441	Su
4	34	442	443	B
4	35	444	445	,
4	36	446	451	Shang
4	37	452	453	S
4	38	454	455	,
4	39	456	466	Niemoeller
4	40	467	468	E
4	41	469	470	.
4	42	471	477	Author
4	43	478	489	information
4	44	490	491	:
4	45	492	493	(
4	46	494	495	1
4	47	496	497	)
4	48	498	505	Chinese
4	49	506	512	People
4	50	513	514	'
4	51	515	516	s
4	52	517	527	Liberation
4	53	528	532	Army
4	54	533	540	General
4	55	541	549	Hospital
4	56	550	551	,
4	57	552	559	Beijing
4	58	560	561	,
4	59	562	567	China
4	60	568	569	.
#Text=BACKGROUND: This study assessed the efficacy and safety of the once-daily glucagon-like peptide-1 receptor agonist, lixisenatide, in Asian patients with type 2 diabetes mellitus inadequately controlled on metformin ± sulfonylurea.
5	1	570	580	BACKGROUND
5	2	581	582	:
5	3	583	587	This
5	4	588	593	study
5	5	594	602	assessed
5	6	603	606	the
5	7	607	615	efficacy
5	8	616	619	and
5	9	620	626	safety
5	10	627	629	of
5	11	630	633	the
5	12	634	638	once
5	13	639	640	-
5	14	641	646	daily
5	15	647	655	glucagon
5	16	656	657	-
5	17	658	662	like
5	18	663	670	peptide
5	19	671	672	-
5	20	673	674	1
5	21	675	683	receptor
5	22	684	691	agonist
5	23	692	693	,
5	24	694	706	lixisenatide
5	25	707	708	,
5	26	709	711	in
5	27	712	717	Asian
5	28	718	726	patients
5	29	727	731	with
5	30	732	736	type
5	31	737	738	2
5	32	739	747	diabetes
5	33	748	756	mellitus
5	34	757	769	inadequately
5	35	770	780	controlled
5	36	781	783	on
5	37	784	793	metformin
5	38	794	797	 ± 
5	39	798	810	sulfonylurea
5	40	811	812	.
#Text=METHODS: In this 24-week, double-blind, placebo-controlled, multinational study,  patients were randomized to lixisenatide 20 µg once daily or placebo.
6	1	813	820	METHODS
6	2	821	822	:
6	3	823	825	In
6	4	826	830	this
6	5	831	833	24
6	6	834	835	-
6	7	836	840	week
6	8	841	842	,
6	9	843	849	double
6	10	850	851	-
6	11	852	857	blind
6	12	858	859	,
6	13	860	867	placebo
6	14	868	869	-
6	15	870	880	controlled
6	16	881	882	,
6	17	883	896	multinational
6	18	897	902	study
6	19	903	904	,
6	20	905	913	patients
6	21	914	918	were
6	22	919	929	randomized
6	23	930	932	to
6	24	933	945	lixisenatide
6	25	946	948	20
6	26	949	950	µ
6	27	951	952	g
6	28	953	957	once
6	29	958	963	daily
6	30	964	966	or
6	31	967	974	placebo
6	32	975	976	.
#Text=The primary endpoint was absolute change in glycated haemoglobin (HbA1c ) from baseline to week 24.
7	1	977	980	The
7	2	981	988	primary
7	3	989	997	endpoint
7	4	998	1001	was
7	5	1002	1010	absolute
7	6	1011	1017	change
7	7	1018	1020	in
7	8	1021	1029	glycated
7	9	1030	1041	haemoglobin
7	10	1042	1043	(
7	11	1044	1049	HbA1c
7	12	1050	1051	)
7	13	1052	1056	from
7	14	1057	1065	baseline
7	15	1066	1068	to
7	16	1069	1073	week
7	17	1074	1076	24
7	18	1077	1078	.
#Text=RESULTS: A total of 391 patients were randomized.
8	1	1079	1086	RESULTS
8	2	1087	1088	:
8	3	1089	1090	A
8	4	1091	1096	total
8	5	1097	1099	of
8	6	1100	1103	391
8	7	1104	1112	patients
8	8	1113	1117	were
8	9	1118	1128	randomized
8	10	1129	1130	.
#Text=Lixisenatide significantly reduced HbA1c levels compared with placebo (LS mean difference: -0.36%, p = 0.0004).
9	1	1131	1143	Lixisenatide
9	2	1144	1157	significantly
9	3	1158	1165	reduced
9	4	1166	1171	HbA1c
9	5	1172	1178	levels
9	6	1179	1187	compared
9	7	1188	1192	with
9	8	1193	1200	placebo
9	9	1201	1202	(
9	10	1203	1205	LS
9	11	1206	1210	mean
9	12	1211	1221	difference
9	13	1222	1223	:
9	14	1224	1225	-
9	15	1226	1227	0
9	16	1228	1229	.
9	17	1230	1232	36
9	18	1233	1234	%
9	19	1235	1236	,
9	20	1237	1238	p
9	21	1239	1242	 = 
9	22	1243	1244	0
9	23	1245	1246	.
9	24	1247	1251	0004
9	25	1252	1253	)
9	26	1254	1255	.
#Text=A significantly higher proportion of lixisenatide-treated patients achieved HbA1c targets of <7% (p = 0.003) and ≤6.5% (p = 0.001) versus placebo.
10	1	1256	1257	A
10	2	1258	1271	significantly
10	3	1272	1278	higher
10	4	1279	1289	proportion
10	5	1290	1292	of
10	6	1293	1305	lixisenatide
10	7	1306	1307	-
10	8	1308	1315	treated
10	9	1316	1324	patients
10	10	1325	1333	achieved
10	11	1334	1339	HbA1c
10	12	1340	1347	targets
10	13	1348	1350	of
10	14	1351	1352	<
10	15	1353	1354	7
10	16	1355	1356	%
10	17	1357	1358	(
10	18	1359	1360	p
10	19	1361	1364	 = 
10	20	1365	1366	0
10	21	1367	1368	.
10	22	1369	1372	003
10	23	1373	1374	)
10	24	1375	1378	and
10	25	1379	1380	≤
10	26	1381	1382	6
10	27	1383	1384	.
10	28	1385	1386	5
10	29	1387	1388	%
10	30	1389	1390	(
10	31	1391	1392	p
10	32	1393	1396	 = 
10	33	1397	1398	0
10	34	1399	1400	.
10	35	1401	1404	001
10	36	1405	1406	)
10	37	1407	1413	versus
10	38	1414	1421	placebo
10	39	1422	1423	.
#Text=Lixisenatide was associated with a statistically significant reduction in 2-h postprandial plasma glucose after a standardized breakfast versus placebo (LS mean difference: -4.28 mmol/L, p < 0.0001) and a significant reduction in fasting plasma glucose (p = 0.0109).
11	1	1424	1436	Lixisenatide
11	2	1437	1440	was
11	3	1441	1451	associated
11	4	1452	1456	with
11	5	1457	1458	a
11	6	1459	1472	statistically
11	7	1473	1484	significant
11	8	1485	1494	reduction
11	9	1495	1497	in
11	10	1498	1499	2
11	11	1500	1501	-
11	12	1502	1503	h
11	13	1504	1516	postprandial
11	14	1517	1523	plasma
11	15	1524	1531	glucose
11	16	1532	1537	after
11	17	1538	1539	a
11	18	1540	1552	standardized
11	19	1553	1562	breakfast
11	20	1563	1569	versus
11	21	1570	1577	placebo
11	22	1578	1579	(
11	23	1580	1582	LS
11	24	1583	1587	mean
11	25	1588	1598	difference
11	26	1599	1600	:
11	27	1601	1602	-
11	28	1603	1604	4
11	29	1605	1606	.
11	30	1607	1609	28
11	31	1610	1614	mmol
11	32	1615	1616	/
11	33	1617	1618	L
11	34	1619	1620	,
11	35	1621	1622	p
11	36	1623	1626	 < 
11	37	1627	1628	0
11	38	1629	1630	.
11	39	1631	1635	0001
11	40	1636	1637	)
11	41	1638	1641	and
11	42	1642	1643	a
11	43	1644	1655	significant
11	44	1656	1665	reduction
11	45	1666	1668	in
11	46	1669	1676	fasting
11	47	1677	1683	plasma
11	48	1684	1691	glucose
11	49	1692	1693	(
11	50	1694	1695	p
11	51	1696	1699	 = 
11	52	1700	1701	0
11	53	1702	1703	.
11	54	1704	1708	0109
11	55	1709	1710	)
11	56	1711	1712	.
#Text=There was no difference in weight loss versus placebo, with a modest reduction in body weight reported for both groups (lixisenatide: -1.50 kg, placebo: -1.24 kg; p = 0.296).
12	1	1713	1718	There
12	2	1719	1722	was
12	3	1723	1725	no
12	4	1726	1736	difference
12	5	1737	1739	in
12	6	1740	1746	weight
12	7	1747	1751	loss
12	8	1752	1758	versus
12	9	1759	1766	placebo
12	10	1767	1768	,
12	11	1769	1773	with
12	12	1774	1775	a
12	13	1776	1782	modest
12	14	1783	1792	reduction
12	15	1793	1795	in
12	16	1796	1800	body
12	17	1801	1807	weight
12	18	1808	1816	reported
12	19	1817	1820	for
12	20	1821	1825	both
12	21	1826	1832	groups
12	22	1833	1834	(
12	23	1835	1847	lixisenatide
12	24	1848	1849	:
12	25	1850	1851	-
12	26	1852	1853	1
12	27	1854	1855	.
12	28	1856	1858	50
12	29	1859	1861	kg
12	30	1862	1863	,
12	31	1864	1871	placebo
12	32	1872	1873	:
12	33	1874	1875	-
12	34	1876	1877	1
12	35	1878	1879	.
12	36	1880	1882	24
12	37	1883	1885	kg
12	38	1886	1887	;
12	39	1888	1889	p
12	40	1890	1893	 = 
12	41	1894	1895	0
12	42	1896	1897	.
12	43	1898	1901	296
12	44	1902	1903	)
12	45	1904	1905	.
#Text=The incidence of treatment-emergent adverse events (TEAEs) was 64.3% with lixisenatide versus 47.4% with placebo, with serious TEAEs reported in 1.5% versus 2.1% of patients,  respectively.
13	1	1906	1909	The
13	2	1910	1919	incidence
13	3	1920	1922	of
13	4	1923	1932	treatment
13	5	1933	1934	-
13	6	1935	1943	emergent
13	7	1944	1951	adverse
13	8	1952	1958	events
13	9	1959	1960	(
13	10	1961	1966	TEAEs
13	11	1967	1968	)
13	12	1969	1972	was
13	13	1973	1975	64
13	14	1976	1977	.
13	15	1978	1979	3
13	16	1980	1981	%
13	17	1982	1986	with
13	18	1987	1999	lixisenatide
13	19	2000	2006	versus
13	20	2007	2009	47
13	21	2010	2011	.
13	22	2012	2013	4
13	23	2014	2015	%
13	24	2016	2020	with
13	25	2021	2028	placebo
13	26	2029	2030	,
13	27	2031	2035	with
13	28	2036	2043	serious
13	29	2044	2049	TEAEs
13	30	2050	2058	reported
13	31	2059	2061	in
13	32	2062	2063	1
13	33	2064	2065	.
13	34	2066	2067	5
13	35	2068	2069	%
13	36	2070	2076	versus
13	37	2077	2078	2
13	38	2079	2080	.
13	39	2081	2082	1
13	40	2083	2084	%
13	41	2085	2087	of
13	42	2088	2096	patients
13	43	2097	2098	,
13	44	2099	2111	respectively
13	45	2112	2113	.
#Text=The most common TEAE in the lixisenatide group was nausea (16.3% vs 2.6% with placebo).
14	1	2114	2117	The
14	2	2118	2122	most
14	3	2123	2129	common
14	4	2130	2134	TEAE
14	5	2135	2137	in
14	6	2138	2141	the
14	7	2142	2154	lixisenatide
14	8	2155	2160	group
14	9	2161	2164	was
14	10	2165	2171	nausea
14	11	2172	2173	(
14	12	2174	2176	16
14	13	2177	2178	.
14	14	2179	2180	3
14	15	2181	2182	%
14	16	2183	2185	vs
14	17	2186	2187	2
14	18	2188	2189	.
14	19	2190	2191	6
14	20	2192	2193	%
14	21	2194	2198	with
14	22	2199	2206	placebo
14	23	2207	2208	)
14	24	2209	2210	.
#Text=The incidence of symptomatic hypoglycaemia was 5.6% with lixisenatide treatment and 2.6% with placebo (p = 0.1321), with no severe symptomatic hypoglycaemia events reported.
15	1	2211	2214	The
15	2	2215	2224	incidence
15	3	2225	2227	of
15	4	2228	2239	symptomatic
15	5	2240	2253	hypoglycaemia
15	6	2254	2257	was
15	7	2258	2259	5
15	8	2260	2261	.
15	9	2262	2263	6
15	10	2264	2265	%
15	11	2266	2270	with
15	12	2271	2283	lixisenatide
15	13	2284	2293	treatment
15	14	2294	2297	and
15	15	2298	2299	2
15	16	2300	2301	.
15	17	2302	2303	6
15	18	2304	2305	%
15	19	2306	2310	with
15	20	2311	2318	placebo
15	21	2319	2320	(
15	22	2321	2322	p
15	23	2323	2326	 = 
15	24	2327	2328	0
15	25	2329	2330	.
15	26	2331	2335	1321
15	27	2336	2337	)
15	28	2338	2339	,
15	29	2340	2344	with
15	30	2345	2347	no
15	31	2348	2354	severe
15	32	2355	2366	symptomatic
15	33	2367	2380	hypoglycaemia
15	34	2381	2387	events
15	35	2388	2396	reported
15	36	2397	2398	.
#Text=CONCLUSIONS: In Asian patients with type 2 diabetes mellitus insufficiently controlled on metformin ± sulfonylurea, lixisenatide significantly improved glycaemic control and was well tolerated during the 24-week study.
16	1	2399	2410	CONCLUSIONS
16	2	2411	2412	:
16	3	2413	2415	In
16	4	2416	2421	Asian
16	5	2422	2430	patients
16	6	2431	2435	with
16	7	2436	2440	type
16	8	2441	2442	2
16	9	2443	2451	diabetes
16	10	2452	2460	mellitus
16	11	2461	2475	insufficiently
16	12	2476	2486	controlled
16	13	2487	2489	on
16	14	2490	2499	metformin
16	15	2500	2503	 ± 
16	16	2504	2516	sulfonylurea
16	17	2517	2518	,
16	18	2519	2531	lixisenatide
16	19	2532	2545	significantly
16	20	2546	2554	improved
16	21	2555	2564	glycaemic
16	22	2565	2572	control
16	23	2573	2576	and
16	24	2577	2580	was
16	25	2581	2585	well
16	26	2586	2595	tolerated
16	27	2596	2602	during
16	28	2603	2606	the
16	29	2607	2609	24
16	30	2610	2611	-
16	31	2612	2616	week
16	32	2617	2622	study
16	33	2623	2624	.
#Text=© 2014 The Authors.
17	1	2625	2626	©
17	2	2627	2631	2014
17	3	2632	2635	The
17	4	2636	2643	Authors
17	5	2644	2645	.
#Text=Diabetes/Metabolism Research and Reviews published by John Wiley & Sons, Ltd.  DOI: 10.1002/dmrr.2541  PMID: 24639432  [Indexed for MEDLINE]
18	1	2646	2654	Diabetes
18	2	2655	2656	/
18	3	2657	2667	Metabolism
18	4	2668	2676	Research
18	5	2677	2680	and
18	6	2681	2688	Reviews
18	7	2689	2698	published
18	8	2699	2701	by
18	9	2702	2706	John
18	10	2707	2712	Wiley
18	11	2713	2714	&
18	12	2715	2719	Sons
18	13	2720	2721	,
18	14	2722	2725	Ltd
18	15	2726	2727	.
18	16	2728	2731	DOI
18	17	2732	2733	:
18	18	2734	2736	10
18	19	2737	2738	.
18	20	2739	2743	1002
18	21	2744	2745	/
18	22	2746	2750	dmrr
18	23	2751	2752	.
18	24	2753	2757	2541
18	25	2758	2762	PMID
18	26	2763	2764	:
18	27	2765	2773	24639432
18	28	2774	2775	[
18	29	2776	2783	Indexed
18	30	2784	2787	for
18	31	2788	2795	MEDLINE
18	32	2796	2797	]
