#Text=Diabetologia.
1	1	0	12	Diabetologia
1	2	13	14	.
#Text=2014 Dec;57(12):2475-84. doi: 10.1007/s00125-014-3360-3.
2	1	15	19	2014
2	2	20	23	Dec
2	3	24	25	;
2	4	26	28	57
2	5	29	30	(
2	6	31	33	12
2	7	34	35	)
2	8	36	37	:
2	9	38	42	2475
2	10	43	44	-
2	11	45	47	84
2	12	48	49	.
2	13	50	53	doi
2	14	54	55	:
2	15	56	58	10
2	16	59	60	.
2	17	61	65	1007
2	18	66	67	/
2	19	68	74	s00125
2	20	75	76	-
2	21	77	80	014
2	22	81	82	-
2	23	83	87	3360
2	24	88	89	-
2	25	90	91	3
2	26	92	93	.
#Text=Epub 2014  Sep 11.
3	1	94	98	Epub
3	2	99	103	2014
3	3	104	107	Sep
3	4	108	110	11
3	5	111	112	.
#Text=HARMONY 4: randomised clinical trial comparing once-weekly albiglutide and insulin glargine in patients with type 2 diabetes inadequately controlled with metformin with or without sulfonylurea.
4	1	113	120	HARMONY
4	2	121	122	4
4	3	123	124	:
4	4	125	135	randomised
4	5	136	144	clinical
4	6	145	150	trial
4	7	151	160	comparing
4	8	161	165	once
4	9	166	167	-
4	10	168	174	weekly
4	11	175	186	albiglutide
4	12	187	190	and
4	13	191	198	insulin
4	14	199	207	glargine
4	15	208	210	in
4	16	211	219	patients
4	17	220	224	with
4	18	225	229	type
4	19	230	231	2
4	20	232	240	diabetes
4	21	241	253	inadequately
4	22	254	264	controlled
4	23	265	269	with
4	24	270	279	metformin
4	25	280	284	with
4	26	285	287	or
4	27	288	295	without
4	28	296	308	sulfonylurea
4	29	309	310	.
#Text=Weissman PN(1), Carr MC, Ye J, Cirkel DT, Stewart M, Perry C, Pratley R.  Author information:  (1)Endocrinology Associates, 7867 N Kendall Dr #80, Miami, FL, 33156, USA, peternweissman@att.net.
5	1	311	319	Weissman
5	2	320	322	PN
5	3	323	324	(
5	4	325	326	1
5	5	327	328	)
5	6	329	330	,
5	7	331	335	Carr
5	8	336	338	MC
5	9	339	340	,
5	10	341	343	Ye
5	11	344	345	J
5	12	346	347	,
5	13	348	354	Cirkel
5	14	355	357	DT
5	15	358	359	,
5	16	360	367	Stewart
5	17	368	369	M
5	18	370	371	,
5	19	372	377	Perry
5	20	378	379	C
5	21	380	381	,
5	22	382	389	Pratley
5	23	390	391	R
5	24	392	393	.
5	25	394	400	Author
5	26	401	412	information
5	27	413	414	:
5	28	415	416	(
5	29	417	418	1
5	30	419	420	)
5	31	421	434	Endocrinology
5	32	435	445	Associates
5	33	446	447	,
5	34	448	452	7867
5	35	453	454	N
5	36	455	462	Kendall
5	37	463	465	Dr
5	38	466	467	#
5	39	468	470	80
5	40	471	472	,
5	41	473	478	Miami
5	42	479	480	,
5	43	481	483	FL
5	44	484	485	,
5	45	486	491	33156
5	46	492	493	,
5	47	494	497	USA
5	48	498	499	,
5	49	500	514	peternweissman
5	50	515	516	@
5	51	517	520	att
5	52	521	522	.
5	53	523	526	net
5	54	527	528	.
#Text=AIMS/HYPOTHESIS: The aim of this study was to compare the efficacy and safety of  once-weekly albiglutide with once-daily insulin glargine (A21Gly,B31Arg,B32Arg human insulin) in patients with type 2 diabetes inadequately controlled on metformin with or without sulfonylurea.
6	1	529	533	AIMS
6	2	534	535	/
6	3	536	546	HYPOTHESIS
6	4	547	548	:
6	5	549	552	The
6	6	553	556	aim
6	7	557	559	of
6	8	560	564	this
6	9	565	570	study
6	10	571	574	was
6	11	575	577	to
6	12	578	585	compare
6	13	586	589	the
6	14	590	598	efficacy
6	15	599	602	and
6	16	603	609	safety
6	17	610	612	of
6	18	613	617	once
6	19	618	619	-
6	20	620	626	weekly
6	21	627	638	albiglutide
6	22	639	643	with
6	23	644	648	once
6	24	649	650	-
6	25	651	656	daily
6	26	657	664	insulin
6	27	665	673	glargine
6	28	674	675	(
6	29	676	682	A21Gly
6	30	683	684	,
6	31	685	691	B31Arg
6	32	692	693	,
6	33	694	700	B32Arg
6	34	701	706	human
6	35	707	714	insulin
6	36	715	716	)
6	37	717	719	in
6	38	720	728	patients
6	39	729	733	with
6	40	734	738	type
6	41	739	740	2
6	42	741	749	diabetes
6	43	750	762	inadequately
6	44	763	773	controlled
6	45	774	776	on
6	46	777	786	metformin
6	47	787	791	with
6	48	792	794	or
6	49	795	802	without
6	50	803	815	sulfonylurea
6	51	816	817	.
#Text=METHODS: This was a randomised, open-label, multicentre (n = 222), parallel-group, non-inferiority out-patient clinical trial, with 779 patients enrolled in the study.
7	1	818	825	METHODS
7	2	826	827	:
7	3	828	832	This
7	4	833	836	was
7	5	837	838	a
7	6	839	849	randomised
7	7	850	851	,
7	8	852	856	open
7	9	857	858	-
7	10	859	864	label
7	11	865	866	,
7	12	867	878	multicentre
7	13	879	880	(
7	14	881	882	n
7	15	883	886	 = 
7	16	887	890	222
7	17	891	892	)
7	18	893	894	,
7	19	895	903	parallel
7	20	904	905	-
7	21	906	911	group
7	22	912	913	,
7	23	914	917	non
7	24	918	919	-
7	25	920	931	inferiority
7	26	932	935	out
7	27	936	937	-
7	28	938	945	patient
7	29	946	954	clinical
7	30	955	960	trial
7	31	961	962	,
7	32	963	967	with
7	33	968	971	779
7	34	972	980	patients
7	35	981	989	enrolled
7	36	990	992	in
7	37	993	996	the
7	38	997	1002	study
7	39	1003	1004	.
#Text=The study was conducted in 222 centres located in four countries.
8	1	1005	1008	The
8	2	1009	1014	study
8	3	1015	1018	was
8	4	1019	1028	conducted
8	5	1029	1031	in
8	6	1032	1035	222
8	7	1036	1043	centres
8	8	1044	1051	located
8	9	1052	1054	in
8	10	1055	1059	four
8	11	1060	1069	countries
8	12	1070	1071	.
#Text=Patients aged ≥18 years with type 2 diabetes treated with metformin (±sulfonylurea) for at least 3 months with a baseline HbA1c 7.0-10.0% (53.0-85.8  mmol/mol) were randomly assigned (2:1) via a computer-generated randomisation sequence with a voice response system to receive albiglutide (30 mg once a week,  n = 504) or insulin glargine (10 U once a day, n = 241) added to current therapy.
9	1	1072	1080	Patients
9	2	1081	1085	aged
9	3	1086	1087	≥
9	4	1088	1090	18
9	5	1091	1096	years
9	6	1097	1101	with
9	7	1102	1106	type
9	8	1107	1108	2
9	9	1109	1117	diabetes
9	10	1118	1125	treated
9	11	1126	1130	with
9	12	1131	1140	metformin
9	13	1141	1142	(
9	14	1143	1144	±
9	15	1145	1157	sulfonylurea
9	16	1158	1159	)
9	17	1160	1163	for
9	18	1164	1166	at
9	19	1167	1172	least
9	20	1173	1174	3
9	21	1175	1181	months
9	22	1182	1186	with
9	23	1187	1188	a
9	24	1189	1197	baseline
9	25	1198	1203	HbA1c
9	26	1204	1205	7
9	27	1206	1207	.
9	28	1208	1209	0
9	29	1210	1211	-
9	30	1212	1214	10
9	31	1215	1216	.
9	32	1217	1218	0
9	33	1219	1220	%
9	34	1221	1222	(
9	35	1223	1225	53
9	36	1226	1227	.
9	37	1228	1229	0
9	38	1230	1231	-
9	39	1232	1234	85
9	40	1235	1236	.
9	41	1237	1238	8
9	42	1239	1243	mmol
9	43	1244	1245	/
9	44	1246	1249	mol
9	45	1250	1251	)
9	46	1252	1256	were
9	47	1257	1265	randomly
9	48	1266	1274	assigned
9	49	1275	1276	(
9	50	1277	1278	2
9	51	1279	1280	:
9	52	1281	1282	1
9	53	1283	1284	)
9	54	1285	1288	via
9	55	1289	1290	a
9	56	1291	1299	computer
9	57	1300	1301	-
9	58	1302	1311	generated
9	59	1312	1325	randomisation
9	60	1326	1334	sequence
9	61	1335	1339	with
9	62	1340	1341	a
9	63	1342	1347	voice
9	64	1348	1356	response
9	65	1357	1363	system
9	66	1364	1366	to
9	67	1367	1374	receive
9	68	1375	1386	albiglutide
9	69	1387	1388	(
9	70	1389	1391	30
9	71	1392	1394	mg
9	72	1395	1399	once
9	73	1400	1401	a
9	74	1402	1406	week
9	75	1407	1408	,
9	76	1409	1410	n
9	77	1411	1414	 = 
9	78	1415	1418	504
9	79	1419	1420	)
9	80	1421	1423	or
9	81	1424	1431	insulin
9	82	1432	1440	glargine
9	83	1441	1442	(
9	84	1443	1445	10
9	85	1446	1447	U
9	86	1448	1452	once
9	87	1453	1454	a
9	88	1455	1458	day
9	89	1459	1460	,
9	90	1461	1462	n
9	91	1463	1466	 = 
9	92	1467	1470	241
9	93	1471	1472	)
9	94	1473	1478	added
9	95	1479	1481	to
9	96	1482	1489	current
9	97	1490	1497	therapy
9	98	1498	1499	.
#Text=Participants and investigators were not masked to treatment assignment.
10	1	1500	1512	Participants
10	2	1513	1516	and
10	3	1517	1530	investigators
10	4	1531	1535	were
10	5	1536	1539	not
10	6	1540	1546	masked
10	7	1547	1549	to
10	8	1550	1559	treatment
10	9	1560	1570	assignment
10	10	1571	1572	.
#Text=Doses of  each medication were adjusted on the basis of the glycaemic response.
11	1	1573	1578	Doses
11	2	1579	1581	of
11	3	1582	1586	each
11	4	1587	1597	medication
11	5	1598	1602	were
11	6	1603	1611	adjusted
11	7	1612	1614	on
11	8	1615	1618	the
11	9	1619	1624	basis
11	10	1625	1627	of
11	11	1628	1631	the
11	12	1632	1641	glycaemic
11	13	1642	1650	response
11	14	1651	1652	.
#Text=The primary endpoint was change from baseline in HbA1c at week 52.
12	1	1653	1656	The
12	2	1657	1664	primary
12	3	1665	1673	endpoint
12	4	1674	1677	was
12	5	1678	1684	change
12	6	1685	1689	from
12	7	1690	1698	baseline
12	8	1699	1701	in
12	9	1702	1707	HbA1c
12	10	1708	1710	at
12	11	1711	1715	week
12	12	1716	1718	52
12	13	1719	1720	.
#Text=RESULTS: In the albiglutide group, HbA1c declined from 8.28 ± 0.90% (67.0 ± 9.8 mmol/mol) (mean ± SD) at baseline to 7.62 ± 1.12% (59.8 ± 12.2 mmol/mol) at week  52.
13	1	1721	1728	RESULTS
13	2	1729	1730	:
13	3	1731	1733	In
13	4	1734	1737	the
13	5	1738	1749	albiglutide
13	6	1750	1755	group
13	7	1756	1757	,
13	8	1758	1763	HbA1c
13	9	1764	1772	declined
13	10	1773	1777	from
13	11	1778	1779	8
13	12	1780	1781	.
13	13	1782	1784	28
13	14	1785	1788	 ± 
13	15	1789	1790	0
13	16	1791	1792	.
13	17	1793	1795	90
13	18	1796	1797	%
13	19	1798	1799	(
13	20	1800	1802	67
13	21	1803	1804	.
13	22	1805	1806	0
13	23	1807	1810	 ± 
13	24	1811	1812	9
13	25	1813	1814	.
13	26	1815	1816	8
13	27	1817	1821	mmol
13	28	1822	1823	/
13	29	1824	1827	mol
13	30	1828	1829	)
13	31	1830	1831	(
13	32	1832	1836	mean
13	33	1837	1840	 ± 
13	34	1841	1843	SD
13	35	1844	1845	)
13	36	1846	1848	at
13	37	1849	1857	baseline
13	38	1858	1860	to
13	39	1861	1862	7
13	40	1863	1864	.
13	41	1865	1867	62
13	42	1868	1871	 ± 
13	43	1872	1873	1
13	44	1874	1875	.
13	45	1876	1878	12
13	46	1879	1880	%
13	47	1881	1882	(
13	48	1883	1885	59
13	49	1886	1887	.
13	50	1888	1889	8
13	51	1890	1893	 ± 
13	52	1894	1896	12
13	53	1897	1898	.
13	54	1899	1900	2
13	55	1901	1905	mmol
13	56	1906	1907	/
13	57	1908	1911	mol
13	58	1912	1913	)
13	59	1914	1916	at
13	60	1917	1921	week
13	61	1922	1924	52
13	62	1925	1926	.
#Text=A similar reduction occurred in the insulin glargine group (8.36 ± 0.95% to 7.55 ± 1.04% [67.9 ± 10.4 to 59.0 ± 11.4 mmol/mol]).
14	1	1927	1928	A
14	2	1929	1936	similar
14	3	1937	1946	reduction
14	4	1947	1955	occurred
14	5	1956	1958	in
14	6	1959	1962	the
14	7	1963	1970	insulin
14	8	1971	1979	glargine
14	9	1980	1985	group
14	10	1986	1987	(
14	11	1988	1989	8
14	12	1990	1991	.
14	13	1992	1994	36
14	14	1995	1998	 ± 
14	15	1999	2000	0
14	16	2001	2002	.
14	17	2003	2005	95
14	18	2006	2007	%
14	19	2008	2010	to
14	20	2011	2012	7
14	21	2013	2014	.
14	22	2015	2017	55
14	23	2018	2021	 ± 
14	24	2022	2023	1
14	25	2024	2025	.
14	26	2026	2028	04
14	27	2029	2030	%
14	28	2031	2032	[
14	29	2033	2035	67
14	30	2036	2037	.
14	31	2038	2039	9
14	32	2040	2043	 ± 
14	33	2044	2046	10
14	34	2047	2048	.
14	35	2049	2050	4
14	36	2051	2053	to
14	37	2054	2056	59
14	38	2057	2058	.
14	39	2059	2060	0
14	40	2061	2064	 ± 
14	41	2065	2067	11
14	42	2068	2069	.
14	43	2070	2071	4
14	44	2072	2076	mmol
14	45	2077	2078	/
14	46	2079	2082	mol
14	47	2083	2084	]
14	48	2085	2086	)
14	49	2087	2088	.
#Text=The model-adjusted treatment difference of 0.11% (95% CI -0.04%, 0.27%) (1.2 mmol/mol [95% CI -0.4, 3.0 mmol/mol]) indicated non-inferiority of albiglutide to insulin glargine based on  the pre-specified non-inferiority margin of 0.3% (3.3 mmol/mol, p = 0.0086).
15	1	2089	2092	The
15	2	2093	2098	model
15	3	2099	2100	-
15	4	2101	2109	adjusted
15	5	2110	2119	treatment
15	6	2120	2130	difference
15	7	2131	2133	of
15	8	2134	2135	0
15	9	2136	2137	.
15	10	2138	2140	11
15	11	2141	2142	%
15	12	2143	2144	(
15	13	2145	2147	95
15	14	2148	2149	%
15	15	2150	2152	CI
15	16	2153	2154	-
15	17	2155	2156	0
15	18	2157	2158	.
15	19	2159	2161	04
15	20	2162	2163	%
15	21	2164	2165	,
15	22	2166	2167	0
15	23	2168	2169	.
15	24	2170	2172	27
15	25	2173	2174	%
15	26	2175	2176	)
15	27	2177	2178	(
15	28	2179	2180	1
15	29	2181	2182	.
15	30	2183	2184	2
15	31	2185	2189	mmol
15	32	2190	2191	/
15	33	2192	2195	mol
15	34	2196	2197	[
15	35	2198	2200	95
15	36	2201	2202	%
15	37	2203	2205	CI
15	38	2206	2207	-
15	39	2208	2209	0
15	40	2210	2211	.
15	41	2212	2213	4
15	42	2214	2215	,
15	43	2216	2217	3
15	44	2218	2219	.
15	45	2220	2221	0
15	46	2222	2226	mmol
15	47	2227	2228	/
15	48	2229	2232	mol
15	49	2233	2234	]
15	50	2235	2236	)
15	51	2237	2246	indicated
15	52	2247	2250	non
15	53	2251	2252	-
15	54	2253	2264	inferiority
15	55	2265	2267	of
15	56	2268	2279	albiglutide
15	57	2280	2282	to
15	58	2283	2290	insulin
15	59	2291	2299	glargine
15	60	2300	2305	based
15	61	2306	2308	on
15	62	2309	2312	the
15	63	2313	2316	pre
15	64	2317	2318	-
15	65	2319	2328	specified
15	66	2329	2332	non
15	67	2333	2334	-
15	68	2335	2346	inferiority
15	69	2347	2353	margin
15	70	2354	2356	of
15	71	2357	2358	0
15	72	2359	2360	.
15	73	2361	2362	3
15	74	2363	2364	%
15	75	2365	2366	(
15	76	2367	2368	3
15	77	2369	2370	.
15	78	2371	2372	3
15	79	2373	2377	mmol
15	80	2378	2379	/
15	81	2380	2383	mol
15	82	2384	2385	,
15	83	2386	2387	p
15	84	2388	2391	 = 
15	85	2392	2393	0
15	86	2394	2395	.
15	87	2396	2400	0086
15	88	2401	2402	)
15	89	2403	2404	.
#Text=Body weight increased in the insulin glargine group and decreased in the albiglutide group, with a mean treatment difference of -2.61 kg (95% CI -3.20, -2.02; p < 0.0001).
16	1	2405	2409	Body
16	2	2410	2416	weight
16	3	2417	2426	increased
16	4	2427	2429	in
16	5	2430	2433	the
16	6	2434	2441	insulin
16	7	2442	2450	glargine
16	8	2451	2456	group
16	9	2457	2460	and
16	10	2461	2470	decreased
16	11	2471	2473	in
16	12	2474	2477	the
16	13	2478	2489	albiglutide
16	14	2490	2495	group
16	15	2496	2497	,
16	16	2498	2502	with
16	17	2503	2504	a
16	18	2505	2509	mean
16	19	2510	2519	treatment
16	20	2520	2530	difference
16	21	2531	2533	of
16	22	2534	2535	-
16	23	2536	2537	2
16	24	2538	2539	.
16	25	2540	2542	61
16	26	2543	2545	kg
16	27	2546	2547	(
16	28	2548	2550	95
16	29	2551	2552	%
16	30	2553	2555	CI
16	31	2556	2557	-
16	32	2558	2559	3
16	33	2560	2561	.
16	34	2562	2564	20
16	35	2565	2566	,
16	36	2567	2568	-
16	37	2569	2570	2
16	38	2571	2572	.
16	39	2573	2575	02
16	40	2576	2577	;
16	41	2578	2579	p
16	42	2580	2583	 < 
16	43	2584	2585	0
16	44	2586	2587	.
16	45	2588	2592	0001
16	46	2593	2594	)
16	47	2595	2596	.
#Text=Documented symptomatic hypoglycaemia occurred in a higher proportion of patients in the insulin glargine group than in the albiglutide group (27.4% vs 17.5%, p = 0.0377).
17	1	2597	2607	Documented
17	2	2608	2619	symptomatic
17	3	2620	2633	hypoglycaemia
17	4	2634	2642	occurred
17	5	2643	2645	in
17	6	2646	2647	a
17	7	2648	2654	higher
17	8	2655	2665	proportion
17	9	2666	2668	of
17	10	2669	2677	patients
17	11	2678	2680	in
17	12	2681	2684	the
17	13	2685	2692	insulin
17	14	2693	2701	glargine
17	15	2702	2707	group
17	16	2708	2712	than
17	17	2713	2715	in
17	18	2716	2719	the
17	19	2720	2731	albiglutide
17	20	2732	2737	group
17	21	2738	2739	(
17	22	2740	2742	27
17	23	2743	2744	.
17	24	2745	2746	4
17	25	2747	2748	%
17	26	2749	2751	vs
17	27	2752	2754	17
17	28	2755	2756	.
17	29	2757	2758	5
17	30	2759	2760	%
17	31	2761	2762	,
17	32	2763	2764	p
17	33	2765	2768	 = 
17	34	2769	2770	0
17	35	2771	2772	.
17	36	2773	2777	0377
17	37	2778	2779	)
17	38	2780	2781	.
#Text=CONCLUSIONS/INTERPRETATION: Albiglutide was non-inferior to insulin glargine at reducing HbA1c at week 52, with modest weight loss and less hypoglycaemia.
18	1	2782	2793	CONCLUSIONS
18	2	2794	2795	/
18	3	2796	2810	INTERPRETATION
18	4	2811	2812	:
18	5	2813	2824	Albiglutide
18	6	2825	2828	was
18	7	2829	2832	non
18	8	2833	2834	-
18	9	2835	2843	inferior
18	10	2844	2846	to
18	11	2847	2854	insulin
18	12	2855	2863	glargine
18	13	2864	2866	at
18	14	2867	2875	reducing
18	15	2876	2881	HbA1c
18	16	2882	2884	at
18	17	2885	2889	week
18	18	2890	2892	52
18	19	2893	2894	,
18	20	2895	2899	with
18	21	2900	2906	modest
18	22	2907	2913	weight
18	23	2914	2918	loss
18	24	2919	2922	and
18	25	2923	2927	less
18	26	2928	2941	hypoglycaemia
18	27	2942	2943	.
#Text=Both drugs were well tolerated.
19	1	2944	2948	Both
19	2	2949	2954	drugs
19	3	2955	2959	were
19	4	2960	2964	well
19	5	2965	2974	tolerated
19	6	2975	2976	.
#Text=Albiglutide may be considered an alternative to insulin glargine in this patient population.
20	1	2977	2988	Albiglutide
20	2	2989	2992	may
20	3	2993	2995	be
20	4	2996	3006	considered
20	5	3007	3009	an
20	6	3010	3021	alternative
20	7	3022	3024	to
20	8	3025	3032	insulin
20	9	3033	3041	glargine
20	10	3042	3044	in
20	11	3045	3049	this
20	12	3050	3057	patient
20	13	3058	3068	population
20	14	3069	3070	.
#Text=TRIAL REGISTRATION: ClinicalTrials.gov NCT00838916 (completed) FUNDING: This study was planned and conducted by GlaxoSmithKline.
21	1	3071	3076	TRIAL
21	2	3077	3089	REGISTRATION
21	3	3090	3091	:
21	4	3092	3106	ClinicalTrials
21	5	3107	3108	.
21	6	3109	3112	gov
21	7	3113	3124	NCT00838916
21	8	3125	3126	(
21	9	3127	3136	completed
21	10	3137	3138	)
21	11	3139	3146	FUNDING
21	12	3147	3148	:
21	13	3149	3153	This
21	14	3154	3159	study
21	15	3160	3163	was
21	16	3164	3171	planned
21	17	3172	3175	and
21	18	3176	3185	conducted
21	19	3186	3188	by
21	20	3189	3204	GlaxoSmithKline
21	21	3205	3206	.
#Text=DOI: 10.1007/s00125-014-3360-3  PMID: 25208756  [Indexed for MEDLINE]
22	1	3207	3210	DOI
22	2	3211	3212	:
22	3	3213	3215	10
22	4	3216	3217	.
22	5	3218	3222	1007
22	6	3223	3224	/
22	7	3225	3231	s00125
22	8	3232	3233	-
22	9	3234	3237	014
22	10	3238	3239	-
22	11	3240	3244	3360
22	12	3245	3246	-
22	13	3247	3248	3
22	14	3249	3253	PMID
22	15	3254	3255	:
22	16	3256	3264	25208756
22	17	3265	3266	[
22	18	3267	3274	Indexed
22	19	3275	3278	for
22	20	3279	3286	MEDLINE
22	21	3287	3288	]
