#Text=Diabetes Obes Metab.
1	1	0	8	Diabetes
1	2	9	13	Obes
1	3	14	19	Metab
1	4	20	21	.
#Text=2014 May;16(5):443-50. doi: 10.1111/dom.12234.
2	1	22	26	2014
2	2	27	30	May
2	3	31	32	;
2	4	33	35	16
2	5	36	37	(
2	6	38	39	5
2	7	40	41	)
2	8	42	43	:
2	9	44	47	443
2	10	48	49	-
2	11	50	52	50
2	12	53	54	.
2	13	55	58	doi
2	14	59	60	:
2	15	61	63	10
2	16	64	65	.
2	17	66	70	1111
2	18	71	72	/
2	19	73	76	dom
2	20	77	78	.
2	21	79	84	12234
2	22	85	86	.
#Text=Epub 2013 Dec 8.
3	1	87	91	Epub
3	2	92	96	2013
3	3	97	100	Dec
3	4	101	102	8
3	5	103	104	.
#Text=A randomized controlled trial of the efficacy and safety of saxagliptin as add-on therapy in patients with type 2 diabetes and inadequate glycaemic control on metformin plus a sulphonylurea.
4	1	105	106	A
4	2	107	117	randomized
4	3	118	128	controlled
4	4	129	134	trial
4	5	135	137	of
4	6	138	141	the
4	7	142	150	efficacy
4	8	151	154	and
4	9	155	161	safety
4	10	162	164	of
4	11	165	176	saxagliptin
4	12	177	179	as
4	13	180	183	add
4	14	184	185	-
4	15	186	188	on
4	16	189	196	therapy
4	17	197	199	in
4	18	200	208	patients
4	19	209	213	with
4	20	214	218	type
4	21	219	220	2
4	22	221	229	diabetes
4	23	230	233	and
4	24	234	244	inadequate
4	25	245	254	glycaemic
4	26	255	262	control
4	27	263	265	on
4	28	266	275	metformin
4	29	276	280	plus
4	30	281	282	a
4	31	283	296	sulphonylurea
4	32	297	298	.
#Text=Moses RG(1), Kalra S, Brook D, Sockler J, Monyak J, Visvanathan J, Montanaro M, Fisher SA.
5	1	299	304	Moses
5	2	305	307	RG
5	3	308	309	(
5	4	310	311	1
5	5	312	313	)
5	6	314	315	,
5	7	316	321	Kalra
5	8	322	323	S
5	9	324	325	,
5	10	326	331	Brook
5	11	332	333	D
5	12	334	335	,
5	13	336	343	Sockler
5	14	344	345	J
5	15	346	347	,
5	16	348	354	Monyak
5	17	355	356	J
5	18	357	358	,
5	19	359	370	Visvanathan
5	20	371	372	J
5	21	373	374	,
5	22	375	384	Montanaro
5	23	385	386	M
5	24	387	388	,
5	25	389	395	Fisher
5	26	396	398	SA
5	27	399	400	.
#Text=Author information:  (1)Wollongong Diabetes Service, Illawarra Shoalhaven Local Health District, Wollongong, Australia.
6	1	401	407	Author
6	2	408	419	information
6	3	420	421	:
6	4	422	423	(
6	5	424	425	1
6	6	426	427	)
6	7	428	438	Wollongong
6	8	439	447	Diabetes
6	9	448	455	Service
6	10	456	457	,
6	11	458	467	Illawarra
6	12	468	478	Shoalhaven
6	13	479	484	Local
6	14	485	491	Health
6	15	492	500	District
6	16	501	502	,
6	17	503	513	Wollongong
6	18	514	515	,
6	19	516	525	Australia
6	20	526	527	.
#Text=AIMS: To evaluate the efficacy and safety of saxagliptin as add-on therapy in adults with type 2 diabetes with inadequate glycaemic control on metformin plus a sulphonylurea.
7	1	528	532	AIMS
7	2	533	534	:
7	3	535	537	To
7	4	538	546	evaluate
7	5	547	550	the
7	6	551	559	efficacy
7	7	560	563	and
7	8	564	570	safety
7	9	571	573	of
7	10	574	585	saxagliptin
7	11	586	588	as
7	12	589	592	add
7	13	593	594	-
7	14	595	597	on
7	15	598	605	therapy
7	16	606	608	in
7	17	609	615	adults
7	18	616	620	with
7	19	621	625	type
7	20	626	627	2
7	21	628	636	diabetes
7	22	637	641	with
7	23	642	652	inadequate
7	24	653	662	glycaemic
7	25	663	670	control
7	26	671	673	on
7	27	674	683	metformin
7	28	684	688	plus
7	29	689	690	a
7	30	691	704	sulphonylurea
7	31	705	706	.
#Text=METHODS: In this 24-week, multicentre, randomized, parallel-group, double-blind study, outpatients aged ≥18 years with type 2 diabetes, body mass index ≤40 kg/m(2) and inadequate glycaemic control, received saxagliptin 5 mg or placebo once-daily added to background medication consisting of a stable maximum  tolerated dose of metformin plus a sulphonylurea.
8	1	707	714	METHODS
8	2	715	716	:
8	3	717	719	In
8	4	720	724	this
8	5	725	727	24
8	6	728	729	-
8	7	730	734	week
8	8	735	736	,
8	9	737	748	multicentre
8	10	749	750	,
8	11	751	761	randomized
8	12	762	763	,
8	13	764	772	parallel
8	14	773	774	-
8	15	775	780	group
8	16	781	782	,
8	17	783	789	double
8	18	790	791	-
8	19	792	797	blind
8	20	798	803	study
8	21	804	805	,
8	22	806	817	outpatients
8	23	818	822	aged
8	24	823	824	≥
8	25	825	827	18
8	26	828	829	 
8	27	830	835	years
8	28	836	840	with
8	29	841	845	type
8	30	846	847	2
8	31	848	856	diabetes
8	32	857	858	,
8	33	859	863	body
8	34	864	868	mass
8	35	869	874	index
8	36	875	876	≤
8	37	877	879	40
8	38	880	881	 
8	39	882	884	kg
8	40	885	886	/
8	41	887	888	m
8	42	889	890	(
8	43	891	892	2
8	44	893	894	)
8	45	895	898	and
8	46	899	909	inadequate
8	47	910	919	glycaemic
8	48	920	927	control
8	49	928	929	,
8	50	930	938	received
8	51	939	950	saxagliptin
8	52	951	952	5
8	53	953	954	 
8	54	955	957	mg
8	55	958	960	or
8	56	961	968	placebo
8	57	969	973	once
8	58	974	975	-
8	59	976	981	daily
8	60	982	987	added
8	61	988	990	to
8	62	991	1001	background
8	63	1002	1012	medication
8	64	1013	1023	consisting
8	65	1024	1026	of
8	66	1027	1028	a
8	67	1029	1035	stable
8	68	1036	1043	maximum
8	69	1044	1053	tolerated
8	70	1054	1058	dose
8	71	1059	1061	of
8	72	1062	1071	metformin
8	73	1072	1076	plus
8	74	1077	1078	a
8	75	1079	1092	sulphonylurea
8	76	1093	1094	.
#Text=The primary end point was change in glycated haemoglobin (HbA1c) from baseline to week 24.
9	1	1095	1098	The
9	2	1099	1106	primary
9	3	1107	1110	end
9	4	1111	1116	point
9	5	1117	1120	was
9	6	1121	1127	change
9	7	1128	1130	in
9	8	1131	1139	glycated
9	9	1140	1151	haemoglobin
9	10	1152	1153	(
9	11	1154	1159	HbA1c
9	12	1160	1161	)
9	13	1162	1166	from
9	14	1167	1175	baseline
9	15	1176	1178	to
9	16	1179	1183	week
9	17	1184	1186	24
9	18	1187	1188	.
#Text=Safety and tolerability assessments included adverse events (AEs), hypoglycaemia and body weight.
10	1	1189	1195	Safety
10	2	1196	1199	and
10	3	1200	1212	tolerability
10	4	1213	1224	assessments
10	5	1225	1233	included
10	6	1234	1241	adverse
10	7	1242	1248	events
10	8	1249	1250	(
10	9	1251	1254	AEs
10	10	1255	1256	)
10	11	1257	1258	,
10	12	1259	1272	hypoglycaemia
10	13	1273	1276	and
10	14	1277	1281	body
10	15	1282	1288	weight
10	16	1289	1290	.
#Text=RESULTS: A total of 257 patients were randomized, treated and included in the safety analysis (saxagliptin, n = 129; placebo, n = 128); 255 were included in the efficacy analysis (saxagliptin, n = 127; placebo, n = 128).
11	1	1291	1298	RESULTS
11	2	1299	1300	:
11	3	1301	1302	A
11	4	1303	1308	total
11	5	1309	1311	of
11	6	1312	1315	257
11	7	1316	1324	patients
11	8	1325	1329	were
11	9	1330	1340	randomized
11	10	1341	1342	,
11	11	1343	1350	treated
11	12	1351	1354	and
11	13	1355	1363	included
11	14	1364	1366	in
11	15	1367	1370	the
11	16	1371	1377	safety
11	17	1378	1386	analysis
11	18	1387	1388	(
11	19	1389	1400	saxagliptin
11	20	1401	1402	,
11	21	1403	1404	n
11	22	1405	1408	 = 
11	23	1409	1412	129
11	24	1413	1414	;
11	25	1415	1422	placebo
11	26	1423	1424	,
11	27	1425	1426	n
11	28	1427	1430	 = 
11	29	1431	1434	128
11	30	1435	1436	)
11	31	1437	1438	;
11	32	1439	1442	255
11	33	1443	1447	were
11	34	1448	1456	included
11	35	1457	1459	in
11	36	1460	1463	the
11	37	1464	1472	efficacy
11	38	1473	1481	analysis
11	39	1482	1483	(
11	40	1484	1495	saxagliptin
11	41	1496	1497	,
11	42	1498	1499	n
11	43	1500	1503	 = 
11	44	1504	1507	127
11	45	1508	1509	;
11	46	1510	1517	placebo
11	47	1518	1519	,
11	48	1520	1521	n
11	49	1522	1525	 = 
11	50	1526	1529	128
11	51	1530	1531	)
11	52	1532	1533	.
#Text=HbA1c reduction was greater with saxagliptin versus placebo [between-group difference in adjusted mean change from baseline, -0.66%; 95% confidence interval (CI), -0.86 to -0.47 (7 mmol/mol, -9.4 to -5.1); p < 0.0001].
12	1	1534	1539	HbA1c
12	2	1540	1549	reduction
12	3	1550	1553	was
12	4	1554	1561	greater
12	5	1562	1566	with
12	6	1567	1578	saxagliptin
12	7	1579	1585	versus
12	8	1586	1593	placebo
12	9	1594	1595	[
12	10	1596	1603	between
12	11	1604	1605	-
12	12	1606	1611	group
12	13	1612	1622	difference
12	14	1623	1625	in
12	15	1626	1634	adjusted
12	16	1635	1639	mean
12	17	1640	1646	change
12	18	1647	1651	from
12	19	1652	1660	baseline
12	20	1661	1662	,
12	21	1663	1664	-
12	22	1665	1666	0
12	23	1667	1668	.
12	24	1669	1671	66
12	25	1672	1673	%
12	26	1674	1675	;
12	27	1676	1678	95
12	28	1679	1680	%
12	29	1681	1691	confidence
12	30	1692	1700	interval
12	31	1701	1702	(
12	32	1703	1705	CI
12	33	1706	1707	)
12	34	1708	1709	,
12	35	1710	1711	-
12	36	1712	1713	0
12	37	1714	1715	.
12	38	1716	1718	86
12	39	1719	1721	to
12	40	1722	1723	-
12	41	1724	1725	0
12	42	1726	1727	.
12	43	1728	1730	47
12	44	1731	1732	(
12	45	1733	1734	7
12	46	1735	1736	 
12	47	1737	1741	mmol
12	48	1742	1743	/
12	49	1744	1747	mol
12	50	1748	1749	,
12	51	1750	1751	-
12	52	1752	1753	9
12	53	1754	1755	.
12	54	1756	1757	4
12	55	1758	1760	to
12	56	1761	1762	-
12	57	1763	1764	5
12	58	1765	1766	.
12	59	1767	1768	1
12	60	1769	1770	)
12	61	1771	1772	;
12	62	1773	1774	p
12	63	1775	1778	 < 
12	64	1779	1780	0
12	65	1781	1782	.
12	66	1783	1787	0001
12	67	1788	1789	]
12	68	1790	1791	.
#Text=The proportion of patients with ≥1 AE was 62.8% with saxagliptin and 71.7% with placebo.
13	1	1792	1795	The
13	2	1796	1806	proportion
13	3	1807	1809	of
13	4	1810	1818	patients
13	5	1819	1823	with
13	6	1824	1825	≥
13	7	1826	1827	1
13	8	1828	1830	AE
13	9	1831	1834	was
13	10	1835	1837	62
13	11	1838	1839	.
13	12	1840	1841	8
13	13	1842	1843	%
13	14	1844	1848	with
13	15	1849	1860	saxagliptin
13	16	1861	1864	and
13	17	1865	1867	71
13	18	1868	1869	.
13	19	1870	1871	7
13	20	1872	1873	%
13	21	1874	1878	with
13	22	1879	1886	placebo
13	23	1887	1888	.
#Text=In the saxagliptin and placebo groups, rates of reported hypoglycaemia were 10.1 and 6.3%, respectively, and rates of confirmed hypoglycaemia (symptoms + glucose < 2.8 mmol/l) were 1.6 and 0%.
14	1	1889	1891	In
14	2	1892	1895	the
14	3	1896	1907	saxagliptin
14	4	1908	1911	and
14	5	1912	1919	placebo
14	6	1920	1926	groups
14	7	1927	1928	,
14	8	1929	1934	rates
14	9	1935	1937	of
14	10	1938	1946	reported
14	11	1947	1960	hypoglycaemia
14	12	1961	1965	were
14	13	1966	1968	10
14	14	1969	1970	.
14	15	1971	1972	1
14	16	1973	1976	and
14	17	1977	1978	6
14	18	1979	1980	.
14	19	1981	1982	3
14	20	1983	1984	%
14	21	1985	1986	,
14	22	1987	1999	respectively
14	23	2000	2001	,
14	24	2002	2005	and
14	25	2006	2011	rates
14	26	2012	2014	of
14	27	2015	2024	confirmed
14	28	2025	2038	hypoglycaemia
14	29	2039	2040	(
14	30	2041	2049	symptoms
14	31	2050	2053	 + 
14	32	2054	2061	glucose
14	33	2062	2065	 < 
14	34	2066	2067	2
14	35	2068	2069	.
14	36	2070	2071	8
14	37	2072	2073	 
14	38	2074	2078	mmol
14	39	2079	2080	/
14	40	2081	2082	l
14	41	2083	2084	)
14	42	2085	2089	were
14	43	2090	2091	1
14	44	2092	2093	.
14	45	2094	2095	6
14	46	2096	2099	and
14	47	2100	2101	0
14	48	2102	2103	%
14	49	2104	2105	.
#Text=Mean change in body weight was 0.2 kg for saxagliptin and -0.6 kg for placebo (p = 0.0272).
15	1	2106	2110	Mean
15	2	2111	2117	change
15	3	2118	2120	in
15	4	2121	2125	body
15	5	2126	2132	weight
15	6	2133	2136	was
15	7	2137	2138	0
15	8	2139	2140	.
15	9	2141	2142	2
15	10	2143	2144	 
15	11	2145	2147	kg
15	12	2148	2151	for
15	13	2152	2163	saxagliptin
15	14	2164	2167	and
15	15	2168	2169	-
15	16	2170	2171	0
15	17	2172	2173	.
15	18	2174	2175	6
15	19	2176	2177	 
15	20	2178	2180	kg
15	21	2181	2184	for
15	22	2185	2192	placebo
15	23	2193	2194	(
15	24	2195	2196	p
15	25	2197	2200	 = 
15	26	2201	2202	0
15	27	2203	2204	.
15	28	2205	2209	0272
15	29	2210	2211	)
15	30	2212	2213	.
#Text=CONCLUSION: Addition of saxagliptin 5 mg/day in patients inadequately controlled  on metformin and sulphonylurea effectively improved glycaemic control and was well tolerated.
16	1	2214	2224	CONCLUSION
16	2	2225	2226	:
16	3	2227	2235	Addition
16	4	2236	2238	of
16	5	2239	2250	saxagliptin
16	6	2251	2252	5
16	7	2253	2254	 
16	8	2255	2257	mg
16	9	2258	2259	/
16	10	2260	2263	day
16	11	2264	2266	in
16	12	2267	2275	patients
16	13	2276	2288	inadequately
16	14	2289	2299	controlled
16	15	2300	2302	on
16	16	2303	2312	metformin
16	17	2313	2316	and
16	18	2317	2330	sulphonylurea
16	19	2331	2342	effectively
16	20	2343	2351	improved
16	21	2352	2361	glycaemic
16	22	2362	2369	control
16	23	2370	2373	and
16	24	2374	2377	was
16	25	2378	2382	well
16	26	2383	2392	tolerated
16	27	2393	2394	.
#Text=© 2013 John Wiley & Sons Ltd.  DOI: 10.1111/dom.12234  PMID: 24205943  [Indexed for MEDLINE]
17	1	2395	2396	©
17	2	2397	2401	2013
17	3	2402	2406	John
17	4	2407	2412	Wiley
17	5	2413	2414	&
17	6	2415	2419	Sons
17	7	2420	2423	Ltd
17	8	2424	2425	.
17	9	2426	2429	DOI
17	10	2430	2431	:
17	11	2432	2434	10
17	12	2435	2436	.
17	13	2437	2441	1111
17	14	2442	2443	/
17	15	2444	2447	dom
17	16	2448	2449	.
17	17	2450	2455	12234
17	18	2456	2460	PMID
17	19	2461	2462	:
17	20	2463	2471	24205943
17	21	2472	2473	[
17	22	2474	2481	Indexed
17	23	2482	2485	for
17	24	2486	2493	MEDLINE
17	25	2494	2495	]
