#Text=Diabetes.
1	1	0	8	Diabetes
1	2	9	10	.
#Text=2013 Apr;62(4):1094-101. doi: 10.2337/db12-0923.
2	1	11	15	2013
2	2	16	19	Apr
2	3	20	21	;
2	4	22	24	62
2	5	25	26	(
2	6	27	28	4
2	7	29	30	)
2	8	31	32	:
2	9	33	37	1094
2	10	38	39	-
2	11	40	43	101
2	12	44	45	.
2	13	46	49	doi
2	14	50	51	:
2	15	52	54	10
2	16	55	56	.
2	17	57	61	2337
2	18	62	63	/
2	19	64	68	db12
2	20	69	70	-
2	21	71	75	0923
2	22	76	77	.
#Text=Epub 2012 Dec 18.
3	1	78	82	Epub
3	2	83	87	2012
3	3	88	91	Dec
3	4	92	94	18
3	5	95	96	.
#Text=The effect of a bile acid sequestrant on glucose metabolism in subjects with type 2 diabetes.
4	1	97	100	The
4	2	101	107	effect
4	3	108	110	of
4	4	111	112	a
4	5	113	117	bile
4	6	118	122	acid
4	7	123	134	sequestrant
4	8	135	137	on
4	9	138	145	glucose
4	10	146	156	metabolism
4	11	157	159	in
4	12	160	168	subjects
4	13	169	173	with
4	14	174	178	type
4	15	179	180	2
4	16	181	189	diabetes
4	17	190	191	.
#Text=Smushkin G(1), Sathananthan M, Piccinini F, Dalla Man C, Law JH, Cobelli C, Zinsmeister AR, Rizza RA, Vella A.
5	1	192	200	Smushkin
5	2	201	202	G
5	3	203	204	(
5	4	205	206	1
5	5	207	208	)
5	6	209	210	,
5	7	211	223	Sathananthan
5	8	224	225	M
5	9	226	227	,
5	10	228	237	Piccinini
5	11	238	239	F
5	12	240	241	,
5	13	242	247	Dalla
5	14	248	251	Man
5	15	252	253	C
5	16	254	255	,
5	17	256	259	Law
5	18	260	262	JH
5	19	263	264	,
5	20	265	272	Cobelli
5	21	273	274	C
5	22	275	276	,
5	23	277	288	Zinsmeister
5	24	289	291	AR
5	25	292	293	,
5	26	294	299	Rizza
5	27	300	302	RA
5	28	303	304	,
5	29	305	310	Vella
5	30	311	312	A
5	31	313	314	.
#Text=Author information:  (1)Division of Endocrinology, Diabetes and Metabolism, Mayo Clinic College of Medicine, Rochester, Minnesota, USA.
6	1	315	321	Author
6	2	322	333	information
6	3	334	335	:
6	4	336	337	(
6	5	338	339	1
6	6	340	341	)
6	7	342	350	Division
6	8	351	353	of
6	9	354	367	Endocrinology
6	10	368	369	,
6	11	370	378	Diabetes
6	12	379	382	and
6	13	383	393	Metabolism
6	14	394	395	,
6	15	396	400	Mayo
6	16	401	407	Clinic
6	17	408	415	College
6	18	416	418	of
6	19	419	427	Medicine
6	20	428	429	,
6	21	430	439	Rochester
6	22	440	441	,
6	23	442	451	Minnesota
6	24	452	453	,
6	25	454	457	USA
6	26	458	459	.
#Text=We designed an experiment to examine the effect of bile acid sequestration with Colesevelam on fasting and postprandial glucose metabolism in type 2 diabetes.
7	1	460	462	We
7	2	463	471	designed
7	3	472	474	an
7	4	475	485	experiment
7	5	486	488	to
7	6	489	496	examine
7	7	497	500	the
7	8	501	507	effect
7	9	508	510	of
7	10	511	515	bile
7	11	516	520	acid
7	12	521	534	sequestration
7	13	535	539	with
7	14	540	551	Colesevelam
7	15	552	554	on
7	16	555	562	fasting
7	17	563	566	and
7	18	567	579	postprandial
7	19	580	587	glucose
7	20	588	598	metabolism
7	21	599	601	in
7	22	602	606	type
7	23	607	608	2
7	24	609	617	diabetes
7	25	618	619	.
#Text=To do so, we tested the hypothesis that Colesevelam increases the disposition index  (DI), and this increase is associated with increased glucagon-like peptide-1 (GLP-1) concentrations.
8	1	620	622	To
8	2	623	625	do
8	3	626	628	so
8	4	629	630	,
8	5	631	633	we
8	6	634	640	tested
8	7	641	644	the
8	8	645	655	hypothesis
8	9	656	660	that
8	10	661	672	Colesevelam
8	11	673	682	increases
8	12	683	686	the
8	13	687	698	disposition
8	14	699	704	index
8	15	705	706	(
8	16	707	709	DI
8	17	710	711	)
8	18	712	713	,
8	19	714	717	and
8	20	718	722	this
8	21	723	731	increase
8	22	732	734	is
8	23	735	745	associated
8	24	746	750	with
8	25	751	760	increased
8	26	761	769	glucagon
8	27	770	771	-
8	28	772	776	like
8	29	777	784	peptide
8	30	785	786	-
8	31	787	788	1
8	32	789	790	(
8	33	791	794	GLP
8	34	795	796	-
8	35	797	798	1
8	36	799	800	)
8	37	801	815	concentrations
8	38	816	817	.
#Text=Thirty-eight subjects on metformin monotherapy were studied using a double-blind, placebo-controlled, parallel-group design.
9	1	818	824	Thirty
9	2	825	826	-
9	3	827	832	eight
9	4	833	841	subjects
9	5	842	844	on
9	6	845	854	metformin
9	7	855	866	monotherapy
9	8	867	871	were
9	9	872	879	studied
9	10	880	885	using
9	11	886	887	a
9	12	888	894	double
9	13	895	896	-
9	14	897	902	blind
9	15	903	904	,
9	16	905	912	placebo
9	17	913	914	-
9	18	915	925	controlled
9	19	926	927	,
9	20	928	936	parallel
9	21	937	938	-
9	22	939	944	group
9	23	945	951	design
9	24	952	953	.
#Text=Subjects were studied before and after 12 weeks of Colesevelam or placebo using a labeled  triple-tracer mixed meal to measure the rate of meal appearance (Meal Ra), endogenous glucose production (EGP), and glucose disappearance (Rd).
10	1	954	962	Subjects
10	2	963	967	were
10	3	968	975	studied
10	4	976	982	before
10	5	983	986	and
10	6	987	992	after
10	7	993	995	12
10	8	996	1001	weeks
10	9	1002	1004	of
10	10	1005	1016	Colesevelam
10	11	1017	1019	or
10	12	1020	1027	placebo
10	13	1028	1033	using
10	14	1034	1035	a
10	15	1036	1043	labeled
10	16	1044	1050	triple
10	17	1051	1052	-
10	18	1053	1059	tracer
10	19	1060	1065	mixed
10	20	1066	1070	meal
10	21	1071	1073	to
10	22	1074	1081	measure
10	23	1082	1085	the
10	24	1086	1090	rate
10	25	1091	1093	of
10	26	1094	1098	meal
10	27	1099	1109	appearance
10	28	1110	1111	(
10	29	1112	1116	Meal
10	30	1117	1119	Ra
10	31	1120	1121	)
10	32	1122	1123	,
10	33	1124	1134	endogenous
10	34	1135	1142	glucose
10	35	1143	1153	production
10	36	1154	1155	(
10	37	1156	1159	EGP
10	38	1160	1161	)
10	39	1162	1163	,
10	40	1164	1167	and
10	41	1168	1175	glucose
10	42	1176	1189	disappearance
10	43	1190	1191	(
10	44	1192	1194	Rd
10	45	1195	1196	)
10	46	1197	1198	.
#Text=Insulin sensitivity and β-cell responsivity indices were estimated using the oral minimal model and then used to calculate DI.
11	1	1199	1206	Insulin
11	2	1207	1218	sensitivity
11	3	1219	1222	and
11	4	1223	1225	β-
11	5	1226	1230	cell
11	6	1231	1243	responsivity
11	7	1244	1251	indices
11	8	1252	1256	were
11	9	1257	1266	estimated
11	10	1267	1272	using
11	11	1273	1276	the
11	12	1277	1281	oral
11	13	1282	1289	minimal
11	14	1290	1295	model
11	15	1296	1299	and
11	16	1300	1304	then
11	17	1305	1309	used
11	18	1310	1312	to
11	19	1313	1322	calculate
11	20	1323	1325	DI
11	21	1326	1327	.
#Text=Therapy with Colesevelam was associated with a decrease in fasting (7.0 ± 0.2 vs. 6.6 ± 0.2 mmol/L; P = 0.004) and postprandial glucose concentrations (3,145 ± 138 vs. 2,896 ± 127 mmol/6 h; P = 0.01) in the absence of a change in insulin concentrations.
12	1	1328	1335	Therapy
12	2	1336	1340	with
12	3	1341	1352	Colesevelam
12	4	1353	1356	was
12	5	1357	1367	associated
12	6	1368	1372	with
12	7	1373	1374	a
12	8	1375	1383	decrease
12	9	1384	1386	in
12	10	1387	1394	fasting
12	11	1395	1396	(
12	12	1397	1398	7
12	13	1399	1400	.
12	14	1401	1402	0
12	15	1403	1404	±
12	16	1405	1406	0
12	17	1407	1408	.
12	18	1409	1410	2
12	19	1411	1413	vs
12	20	1414	1415	.
12	21	1416	1417	6
12	22	1418	1419	.
12	23	1420	1421	6
12	24	1422	1423	±
12	25	1424	1425	0
12	26	1426	1427	.
12	27	1428	1429	2
12	28	1430	1434	mmol
12	29	1435	1436	/
12	30	1437	1438	L
12	31	1439	1440	;
12	32	1441	1442	P
12	33	1443	1444	=
12	34	1445	1446	0
12	35	1447	1448	.
12	36	1449	1452	004
12	37	1453	1454	)
12	38	1455	1458	and
12	39	1459	1471	postprandial
12	40	1472	1479	glucose
12	41	1480	1494	concentrations
12	42	1495	1496	(
12	43	1497	1498	3
12	44	1499	1500	,
12	45	1501	1504	145
12	46	1505	1506	±
12	47	1507	1510	138
12	48	1511	1513	vs
12	49	1514	1515	.
12	50	1516	1517	2
12	51	1518	1519	,
12	52	1520	1523	896
12	53	1524	1525	±
12	54	1526	1529	127
12	55	1530	1534	mmol
12	56	1535	1536	/
12	57	1537	1538	6
12	58	1539	1540	h
12	59	1541	1542	;
12	60	1543	1544	P
12	61	1545	1546	=
12	62	1547	1548	0
12	63	1549	1550	.
12	64	1551	1553	01
12	65	1554	1555	)
12	66	1556	1558	in
12	67	1559	1562	the
12	68	1563	1570	absence
12	69	1571	1573	of
12	70	1574	1575	a
12	71	1576	1582	change
12	72	1583	1585	in
12	73	1586	1593	insulin
12	74	1594	1608	concentrations
12	75	1609	1610	.
#Text=Minimal model-derived indices of insulin secretion and action were unchanged.
13	1	1611	1618	Minimal
13	2	1619	1624	model
13	3	1625	1626	-
13	4	1627	1634	derived
13	5	1635	1642	indices
13	6	1643	1645	of
13	7	1646	1653	insulin
13	8	1654	1663	secretion
13	9	1664	1667	and
13	10	1668	1674	action
13	11	1675	1679	were
13	12	1680	1689	unchanged
13	13	1690	1691	.
#Text=Postprandial GLP-1 concentrations were not altered by Colesevelam.
14	1	1692	1704	Postprandial
14	2	1705	1708	GLP
14	3	1709	1710	-
14	4	1711	1712	1
14	5	1713	1727	concentrations
14	6	1728	1732	were
14	7	1733	1736	not
14	8	1737	1744	altered
14	9	1745	1747	by
14	10	1748	1759	Colesevelam
14	11	1760	1761	.
#Text=Although EGP and Rd were unchanged, integrated Meal Ra was decreased by Colesevelam (5,191 ± 204 vs. 5,817 ± 204 μmol/kg/6 h; P = 0.04), suggesting increased splanchnic sequestration of meal-derived glucose.
15	1	1762	1770	Although
15	2	1771	1774	EGP
15	3	1775	1778	and
15	4	1779	1781	Rd
15	5	1782	1786	were
15	6	1787	1796	unchanged
15	7	1797	1798	,
15	8	1799	1809	integrated
15	9	1810	1814	Meal
15	10	1815	1817	Ra
15	11	1818	1821	was
15	12	1822	1831	decreased
15	13	1832	1834	by
15	14	1835	1846	Colesevelam
15	15	1847	1848	(
15	16	1849	1850	5
15	17	1851	1852	,
15	18	1853	1856	191
15	19	1857	1858	±
15	20	1859	1862	204
15	21	1863	1865	vs
15	22	1866	1867	.
15	23	1868	1869	5
15	24	1870	1871	,
15	25	1872	1875	817
15	26	1876	1877	±
15	27	1878	1881	204
15	28	1882	1883	μ
15	29	1884	1887	mol
15	30	1888	1889	/
15	31	1890	1892	kg
15	32	1893	1894	/
15	33	1895	1896	6
15	34	1897	1898	h
15	35	1899	1900	;
15	36	1901	1902	P
15	37	1903	1904	=
15	38	1905	1906	0
15	39	1907	1908	.
15	40	1909	1911	04
15	41	1912	1913	)
15	42	1914	1915	,
15	43	1916	1926	suggesting
15	44	1927	1936	increased
15	45	1937	1947	splanchnic
15	46	1948	1961	sequestration
15	47	1962	1964	of
15	48	1965	1969	meal
15	49	1970	1971	-
15	50	1972	1979	derived
15	51	1980	1987	glucose
15	52	1988	1989	.
#Text=DOI: 10.2337/db12-0923  PMCID: PMC3609563 PMID: 23250357  [Indexed for MEDLINE]
16	1	1990	1993	DOI
16	2	1994	1995	:
16	3	1996	1998	10
16	4	1999	2000	.
16	5	2001	2005	2337
16	6	2006	2007	/
16	7	2008	2012	db12
16	8	2013	2014	-
16	9	2015	2019	0923
16	10	2020	2025	PMCID
16	11	2026	2027	:
16	12	2028	2038	PMC3609563
16	13	2039	2043	PMID
16	14	2044	2045	:
16	15	2046	2054	23250357
16	16	2055	2056	[
16	17	2057	2064	Indexed
16	18	2065	2068	for
16	19	2069	2076	MEDLINE
16	20	2077	2078	]
