#Text=J Diabetes.
1	1	0	1	J
1	2	2	10	Diabetes
1	3	11	12	.
#Text=2016 Mar;8(2):229-37. doi: 10.1111/1753-0407.12284.
2	1	13	17	2016
2	2	18	21	Mar
2	3	22	23	;
2	4	24	25	8
2	5	26	27	(
2	6	28	29	2
2	7	30	31	)
2	8	32	33	:
2	9	34	37	229
2	10	38	39	-
2	11	40	42	37
2	12	43	44	.
2	13	45	48	doi
2	14	49	50	:
2	15	51	53	10
2	16	54	55	.
2	17	56	60	1111
2	18	61	62	/
2	19	63	67	1753
2	20	68	69	-
2	21	70	74	0407
2	22	75	76	.
2	23	77	82	12284
2	24	83	84	.
#Text=Epub 2015 Apr 28.
3	1	85	89	Epub
3	2	90	94	2015
3	3	95	98	Apr
3	4	99	101	28
3	5	102	103	.
#Text=Efficacy and safety of linagliptin in Asian patients with type 2 diabetes mellitus inadequately controlled by metformin: A multinational 24-week, randomized clinical trial.
4	1	104	112	Efficacy
4	2	113	116	and
4	3	117	123	safety
4	4	124	126	of
4	5	127	138	linagliptin
4	6	139	141	in
4	7	142	147	Asian
4	8	148	156	patients
4	9	157	161	with
4	10	162	166	type
4	11	167	168	2
4	12	169	177	diabetes
4	13	178	186	mellitus
4	14	187	199	inadequately
4	15	200	210	controlled
4	16	211	213	by
4	17	214	223	metformin
4	18	224	225	:
4	19	226	227	A
4	20	228	241	multinational
4	21	242	244	24
4	22	245	246	-
4	23	247	251	week
4	24	252	253	,
4	25	254	264	randomized
4	26	265	273	clinical
4	27	274	279	trial
4	28	280	281	.
#Text=Wang W(1), Yang J(2), Yang G(3), Gong Y(4), Patel S(5), Zhang C(6), Izumoto T(7), Ning G(1).
5	1	282	286	Wang
5	2	287	288	W
5	3	289	290	(
5	4	291	292	1
5	5	293	294	)
5	6	295	296	,
5	7	297	301	Yang
5	8	302	303	J
5	9	304	305	(
5	10	306	307	2
5	11	308	309	)
5	12	310	311	,
5	13	312	316	Yang
5	14	317	318	G
5	15	319	320	(
5	16	321	322	3
5	17	323	324	)
5	18	325	326	,
5	19	327	331	Gong
5	20	332	333	Y
5	21	334	335	(
5	22	336	337	4
5	23	338	339	)
5	24	340	341	,
5	25	342	347	Patel
5	26	348	349	S
5	27	350	351	(
5	28	352	353	5
5	29	354	355	)
5	30	356	357	,
5	31	358	363	Zhang
5	32	364	365	C
5	33	366	367	(
5	34	368	369	6
5	35	370	371	)
5	36	372	373	,
5	37	374	381	Izumoto
5	38	382	383	T
5	39	384	385	(
5	40	386	387	7
5	41	388	389	)
5	42	390	391	,
5	43	392	396	Ning
5	44	397	398	G
5	45	399	400	(
5	46	401	402	1
5	47	403	404	)
5	48	405	406	.
#Text=Author information:  (1)Ruijin Hospital, Shanghai Jiao Tong University School of Medicine, Shanghai, China.
6	1	407	413	Author
6	2	414	425	information
6	3	426	427	:
6	4	428	429	(
6	5	430	431	1
6	6	432	433	)
6	7	434	440	Ruijin
6	8	441	449	Hospital
6	9	450	451	,
6	10	452	460	Shanghai
6	11	461	465	Jiao
6	12	466	470	Tong
6	13	471	481	University
6	14	482	488	School
6	15	489	491	of
6	16	492	500	Medicine
6	17	501	502	,
6	18	503	511	Shanghai
6	19	512	513	,
6	20	514	519	China
6	21	520	521	.
#Text=(2)Beijing Tongren Hospital, Capital Medical University, Beijing, China.
7	1	522	523	(
7	2	524	525	2
7	3	526	527	)
7	4	528	535	Beijing
7	5	536	543	Tongren
7	6	544	552	Hospital
7	7	553	554	,
7	8	555	562	Capital
7	9	563	570	Medical
7	10	571	581	University
7	11	582	583	,
7	12	584	591	Beijing
7	13	592	593	,
7	14	594	599	China
7	15	600	601	.
#Text=(3)The Second Affiliated Hospital, Chongqing Medical University, Chongqing, China.
8	1	602	603	(
8	2	604	605	3
8	3	606	607	)
8	4	608	611	The
8	5	612	618	Second
8	6	619	629	Affiliated
8	7	630	638	Hospital
8	8	639	640	,
8	9	641	650	Chongqing
8	10	651	658	Medical
8	11	659	669	University
8	12	670	671	,
8	13	672	681	Chongqing
8	14	682	683	,
8	15	684	689	China
8	16	690	691	.
#Text=(4)Boehringer Ingelheim Pharma, Ingelheim, Germany.
9	1	692	693	(
9	2	694	695	4
9	3	696	697	)
9	4	698	708	Boehringer
9	5	709	718	Ingelheim
9	6	719	725	Pharma
9	7	726	727	,
9	8	728	737	Ingelheim
9	9	738	739	,
9	10	740	747	Germany
9	11	748	749	.
#Text=(5)Boehringer Ingelheim, Bracknell, UK.
10	1	750	751	(
10	2	752	753	5
10	3	754	755	)
10	4	756	766	Boehringer
10	5	767	776	Ingelheim
10	6	777	778	,
10	7	779	788	Bracknell
10	8	789	790	,
10	9	791	793	UK
10	10	794	795	.
#Text=(6)Boehringer Ingelheim International Trading, Shanghai, China.
11	1	796	797	(
11	2	798	799	6
11	3	800	801	)
11	4	802	812	Boehringer
11	5	813	822	Ingelheim
11	6	823	836	International
11	7	837	844	Trading
11	8	845	846	,
11	9	847	855	Shanghai
11	10	856	857	,
11	11	858	863	China
11	12	864	865	.
#Text=(7)Nippon Boehringer Ingelheim, Tokyo, Japan.
12	1	866	867	(
12	2	868	869	7
12	3	870	871	)
12	4	872	878	Nippon
12	5	879	889	Boehringer
12	6	890	899	Ingelheim
12	7	900	901	,
12	8	902	907	Tokyo
12	9	908	909	,
12	10	910	915	Japan
12	11	916	917	.
#Text=BACKGROUND: Despite the increasing prevalence of type 2 diabetes mellitus (T2DM)  in Asia, clinical trials for glucose-lowering therapies are often dominated by Caucasian and/or Western populations.
13	1	918	928	BACKGROUND
13	2	929	930	:
13	3	931	938	Despite
13	4	939	942	the
13	5	943	953	increasing
13	6	954	964	prevalence
13	7	965	967	of
13	8	968	972	type
13	9	973	974	2
13	10	975	983	diabetes
13	11	984	992	mellitus
13	12	993	994	(
13	13	995	999	T2DM
13	14	1000	1001	)
13	15	1002	1004	in
13	16	1005	1009	Asia
13	17	1010	1011	,
13	18	1012	1020	clinical
13	19	1021	1027	trials
13	20	1028	1031	for
13	21	1032	1039	glucose
13	22	1040	1041	-
13	23	1042	1050	lowering
13	24	1051	1060	therapies
13	25	1061	1064	are
13	26	1065	1070	often
13	27	1071	1080	dominated
13	28	1081	1083	by
13	29	1084	1093	Caucasian
13	30	1094	1097	and
13	31	1098	1099	/
13	32	1100	1102	or
13	33	1103	1110	Western
13	34	1111	1122	populations
13	35	1123	1124	.
#Text=The present Phase III randomized placebo-controlled double-blind, 24-week study evaluated the efficacy and safety  of the dipeptidyl peptidase-4 inhibitor linagliptin added to metformin in Asian T2DM patients.
14	1	1125	1128	The
14	2	1129	1136	present
14	3	1137	1142	Phase
14	4	1143	1146	III
14	5	1147	1157	randomized
14	6	1158	1165	placebo
14	7	1166	1167	-
14	8	1168	1178	controlled
14	9	1179	1185	double
14	10	1186	1187	-
14	11	1188	1193	blind
14	12	1194	1195	,
14	13	1196	1198	24
14	14	1199	1200	-
14	15	1201	1205	week
14	16	1206	1211	study
14	17	1212	1221	evaluated
14	18	1222	1225	the
14	19	1226	1234	efficacy
14	20	1235	1238	and
14	21	1239	1245	safety
14	22	1246	1248	of
14	23	1249	1252	the
14	24	1253	1263	dipeptidyl
14	25	1264	1273	peptidase
14	26	1274	1275	-
14	27	1276	1277	4
14	28	1278	1287	inhibitor
14	29	1288	1299	linagliptin
14	30	1300	1305	added
14	31	1306	1308	to
14	32	1309	1318	metformin
14	33	1319	1321	in
14	34	1322	1327	Asian
14	35	1328	1332	T2DM
14	36	1333	1341	patients
14	37	1342	1343	.
#Text=METHODS: In all, 306 patients (n = 265 Chinese; n = 24 Malaysian; n = 17 Filipino), aged 18-80 years with HbA1c between ≥7.0 and ≤10.0% and on metformin therapy were randomized (2:1) to either linagliptin 5 mg daily or placebo added to metformin.
15	1	1344	1351	METHODS
15	2	1352	1353	:
15	3	1354	1356	In
15	4	1357	1360	all
15	5	1361	1362	,
15	6	1363	1366	306
15	7	1367	1375	patients
15	8	1376	1377	(
15	9	1378	1379	n
15	10	1380	1383	 = 
15	11	1384	1387	265
15	12	1388	1395	Chinese
15	13	1396	1397	;
15	14	1398	1399	n
15	15	1400	1403	 = 
15	16	1404	1406	24
15	17	1407	1416	Malaysian
15	18	1417	1418	;
15	19	1419	1420	n
15	20	1421	1424	 = 
15	21	1425	1427	17
15	22	1428	1436	Filipino
15	23	1437	1438	)
15	24	1439	1440	,
15	25	1441	1445	aged
15	26	1446	1448	18
15	27	1449	1450	-
15	28	1451	1453	80
15	29	1454	1459	years
15	30	1460	1464	with
15	31	1465	1470	HbA1c
15	32	1471	1478	between
15	33	1479	1480	≥
15	34	1481	1482	7
15	35	1483	1484	.
15	36	1485	1486	0
15	37	1487	1490	and
15	38	1491	1492	≤
15	39	1493	1495	10
15	40	1496	1497	.
15	41	1498	1499	0
15	42	1500	1501	%
15	43	1502	1505	and
15	44	1506	1508	on
15	45	1509	1518	metformin
15	46	1519	1526	therapy
15	47	1527	1531	were
15	48	1532	1542	randomized
15	49	1543	1544	(
15	50	1545	1546	2
15	51	1547	1548	:
15	52	1549	1550	1
15	53	1551	1552	)
15	54	1553	1555	to
15	55	1556	1562	either
15	56	1563	1574	linagliptin
15	57	1575	1576	5
15	58	1577	1578	 
15	59	1579	1581	mg
15	60	1582	1587	daily
15	61	1588	1590	or
15	62	1591	1598	placebo
15	63	1599	1604	added
15	64	1605	1607	to
15	65	1608	1617	metformin
15	66	1618	1619	.
#Text=Antidiabetes drugs other than metformin were washed out prior to randomization.
16	1	1620	1632	Antidiabetes
16	2	1633	1638	drugs
16	3	1639	1644	other
16	4	1645	1649	than
16	5	1650	1659	metformin
16	6	1660	1664	were
16	7	1665	1671	washed
16	8	1672	1675	out
16	9	1676	1681	prior
16	10	1682	1684	to
16	11	1685	1698	randomization
16	12	1699	1700	.
#Text=The primary endpoint was change in mean HbA1c from baseline after  24 weeks.
17	1	1701	1704	The
17	2	1705	1712	primary
17	3	1713	1721	endpoint
17	4	1722	1725	was
17	5	1726	1732	change
17	6	1733	1735	in
17	7	1736	1740	mean
17	8	1741	1746	HbA1c
17	9	1747	1751	from
17	10	1752	1760	baseline
17	11	1761	1766	after
17	12	1767	1769	24
17	13	1770	1775	weeks
17	14	1776	1777	.
#Text=RESULTS: Baseline characteristics were well-matched between the groups (overall mean [±SD] HbA1c 8.0 ± 0.8%).
18	1	1778	1785	RESULTS
18	2	1786	1787	:
18	3	1788	1796	Baseline
18	4	1797	1812	characteristics
18	5	1813	1817	were
18	6	1818	1822	well
18	7	1823	1824	-
18	8	1825	1832	matched
18	9	1833	1840	between
18	10	1841	1844	the
18	11	1845	1851	groups
18	12	1852	1853	(
18	13	1854	1861	overall
18	14	1862	1866	mean
18	15	1867	1869	[±
18	16	1870	1872	SD
18	17	1873	1874	]
18	18	1875	1880	HbA1c
18	19	1881	1882	8
18	20	1883	1884	.
18	21	1885	1886	0
18	22	1887	1890	 ± 
18	23	1891	1892	0
18	24	1893	1894	.
18	25	1895	1896	8
18	26	1897	1898	%
18	27	1899	1900	)
18	28	1901	1902	.
#Text=Adjusted mean (±SE) HbA1c decreased in the linagliptin and placebo groups by -0.66 ± 0.05 and -0.14 ± 0.07%, respectively (placebo-corrected difference -0.52 ± 0.09%; 95% confidence interval [CI] -0.70,  -0.34; P < 0.0001).
19	1	1903	1911	Adjusted
19	2	1912	1916	mean
19	3	1917	1918	(
19	4	1919	1920	±
19	5	1921	1923	SE
19	6	1924	1925	)
19	7	1926	1931	HbA1c
19	8	1932	1941	decreased
19	9	1942	1944	in
19	10	1945	1948	the
19	11	1949	1960	linagliptin
19	12	1961	1964	and
19	13	1965	1972	placebo
19	14	1973	1979	groups
19	15	1980	1982	by
19	16	1983	1984	-
19	17	1985	1986	0
19	18	1987	1988	.
19	19	1989	1991	66
19	20	1992	1995	 ± 
19	21	1996	1997	0
19	22	1998	1999	.
19	23	2000	2002	05
19	24	2003	2006	and
19	25	2007	2008	-
19	26	2009	2010	0
19	27	2011	2012	.
19	28	2013	2015	14
19	29	2016	2019	 ± 
19	30	2020	2021	0
19	31	2022	2023	.
19	32	2024	2026	07
19	33	2027	2028	%
19	34	2029	2030	,
19	35	2031	2043	respectively
19	36	2044	2045	(
19	37	2046	2053	placebo
19	38	2054	2055	-
19	39	2056	2065	corrected
19	40	2066	2076	difference
19	41	2077	2078	-
19	42	2079	2080	0
19	43	2081	2082	.
19	44	2083	2085	52
19	45	2086	2089	 ± 
19	46	2090	2091	0
19	47	2092	2093	.
19	48	2094	2096	09
19	49	2097	2098	%
19	50	2099	2100	;
19	51	2101	2103	95
19	52	2104	2105	%
19	53	2106	2116	confidence
19	54	2117	2125	interval
19	55	2126	2127	[
19	56	2128	2130	CI
19	57	2131	2132	]
19	58	2133	2134	-
19	59	2135	2136	0
19	60	2137	2138	.
19	61	2139	2141	70
19	62	2142	2143	,
19	63	2144	2145	-
19	64	2146	2147	0
19	65	2148	2149	.
19	66	2150	2152	34
19	67	2153	2154	;
19	68	2155	2156	P
19	69	2157	2160	 < 
19	70	2161	2162	0
19	71	2163	2164	.
19	72	2165	2169	0001
19	73	2170	2171	)
19	74	2172	2173	.
#Text=In patients with baseline HbA1c ≥8.5%, the placebo-corrected  decrease in HbA1c was -0.89 ± 0.17% (P < 0.0001).
20	1	2174	2176	In
20	2	2177	2185	patients
20	3	2186	2190	with
20	4	2191	2199	baseline
20	5	2200	2205	HbA1c
20	6	2206	2207	≥
20	7	2208	2209	8
20	8	2210	2211	.
20	9	2212	2213	5
20	10	2214	2215	%
20	11	2216	2217	,
20	12	2218	2221	the
20	13	2222	2229	placebo
20	14	2230	2231	-
20	15	2232	2241	corrected
20	16	2242	2250	decrease
20	17	2251	2253	in
20	18	2254	2259	HbA1c
20	19	2260	2263	was
20	20	2264	2265	-
20	21	2266	2267	0
20	22	2268	2269	.
20	23	2270	2272	89
20	24	2273	2276	 ± 
20	25	2277	2278	0
20	26	2279	2280	.
20	27	2281	2283	17
20	28	2284	2285	%
20	29	2286	2287	(
20	30	2288	2289	P
20	31	2290	2293	 < 
20	32	2294	2295	0
20	33	2296	2297	.
20	34	2298	2302	0001
20	35	2303	2304	)
20	36	2305	2306	.
#Text=Adverse events occurred in similar proportions in the linagliptin and placebo patients (27.3% and 28.0%, respectively) and few were considered drug-related (2.4% and 0.0%, respectively).
21	1	2307	2314	Adverse
21	2	2315	2321	events
21	3	2322	2330	occurred
21	4	2331	2333	in
21	5	2334	2341	similar
21	6	2342	2353	proportions
21	7	2354	2356	in
21	8	2357	2360	the
21	9	2361	2372	linagliptin
21	10	2373	2376	and
21	11	2377	2384	placebo
21	12	2385	2393	patients
21	13	2394	2395	(
21	14	2396	2398	27
21	15	2399	2400	.
21	16	2401	2402	3
21	17	2403	2404	%
21	18	2405	2408	and
21	19	2409	2411	28
21	20	2412	2413	.
21	21	2414	2415	0
21	22	2416	2417	%
21	23	2418	2419	,
21	24	2420	2432	respectively
21	25	2433	2434	)
21	26	2435	2438	and
21	27	2439	2442	few
21	28	2443	2447	were
21	29	2448	2458	considered
21	30	2459	2463	drug
21	31	2464	2465	-
21	32	2466	2473	related
21	33	2474	2475	(
21	34	2476	2477	2
21	35	2478	2479	.
21	36	2480	2481	4
21	37	2482	2483	%
21	38	2484	2487	and
21	39	2488	2489	0
21	40	2490	2491	.
21	41	2492	2493	0
21	42	2494	2495	%
21	43	2496	2497	,
21	44	2498	2510	respectively
21	45	2511	2512	)
21	46	2513	2514	.
#Text=Hypoglycemia occurred in 1.0% of patients in both groups.
22	1	2515	2527	Hypoglycemia
22	2	2528	2536	occurred
22	3	2537	2539	in
22	4	2540	2541	1
22	5	2542	2543	.
22	6	2544	2545	0
22	7	2546	2547	%
22	8	2548	2550	of
22	9	2551	2559	patients
22	10	2560	2562	in
22	11	2563	2567	both
22	12	2568	2574	groups
22	13	2575	2576	.
#Text=Linagliptin therapy was weight neutral.
23	1	2577	2588	Linagliptin
23	2	2589	2596	therapy
23	3	2597	2600	was
23	4	2601	2607	weight
23	5	2608	2615	neutral
23	6	2616	2617	.
#Text=CONCLUSIONS: Linagliptin 5 mg was efficacious and well tolerated over 24 weeks in Asian patients with T2DM inadequately controlled by metformin.
24	1	2618	2629	CONCLUSIONS
24	2	2630	2631	:
24	3	2632	2643	Linagliptin
24	4	2644	2645	5
24	5	2646	2647	 
24	6	2648	2650	mg
24	7	2651	2654	was
24	8	2655	2666	efficacious
24	9	2667	2670	and
24	10	2671	2675	well
24	11	2676	2685	tolerated
24	12	2686	2690	over
24	13	2691	2693	24
24	14	2694	2699	weeks
24	15	2700	2702	in
24	16	2703	2708	Asian
24	17	2709	2717	patients
24	18	2718	2722	with
24	19	2723	2727	T2DM
24	20	2728	2740	inadequately
24	21	2741	2751	controlled
24	22	2752	2754	by
24	23	2755	2764	metformin
24	24	2765	2766	.
#Text=© 2015 Ruijin Hospital, Shanghai Jiaotong University School of Medicine and Wiley Publishing Asia Pty Ltd.  DOI: 10.1111/1753-0407.12284  PMID: 25753488  [Indexed for MEDLINE]
25	1	2767	2768	©
25	2	2769	2773	2015
25	3	2774	2780	Ruijin
25	4	2781	2789	Hospital
25	5	2790	2791	,
25	6	2792	2800	Shanghai
25	7	2801	2809	Jiaotong
25	8	2810	2820	University
25	9	2821	2827	School
25	10	2828	2830	of
25	11	2831	2839	Medicine
25	12	2840	2843	and
25	13	2844	2849	Wiley
25	14	2850	2860	Publishing
25	15	2861	2865	Asia
25	16	2866	2869	Pty
25	17	2870	2873	Ltd
25	18	2874	2875	.
25	19	2876	2879	DOI
25	20	2880	2881	:
25	21	2882	2884	10
25	22	2885	2886	.
25	23	2887	2891	1111
25	24	2892	2893	/
25	25	2894	2898	1753
25	26	2899	2900	-
25	27	2901	2905	0407
25	28	2906	2907	.
25	29	2908	2913	12284
25	30	2914	2918	PMID
25	31	2919	2920	:
25	32	2921	2929	25753488
25	33	2930	2931	[
25	34	2932	2939	Indexed
25	35	2940	2943	for
25	36	2944	2951	MEDLINE
25	37	2952	2953	]
