#Text=Diabetes Care.
1	1	0	8	Diabetes
1	2	9	13	Care
1	3	14	15	.
#Text=2008 Jan;31(1):20-5.
2	1	16	20	2008
2	2	21	24	Jan
2	3	25	26	;
2	4	27	29	31
2	5	30	31	(
2	6	32	33	1
2	7	34	35	)
2	8	36	37	:
2	9	38	40	20
2	10	41	42	-
2	11	43	44	5
2	12	45	46	.
#Text=Epub 2007 Oct 12.
3	1	47	51	Epub
3	2	52	56	2007
3	3	57	60	Oct
3	4	61	63	12
3	5	64	65	.
#Text=Advancing insulin therapy in type 2 diabetes previously treated with glargine plus oral agents: prandial premixed (insulin lispro protamine suspension/lispro)  versus basal/bolus (glargine/lispro) therapy.
4	1	66	75	Advancing
4	2	76	83	insulin
4	3	84	91	therapy
4	4	92	94	in
4	5	95	99	type
4	6	100	101	2
4	7	102	110	diabetes
4	8	111	121	previously
4	9	122	129	treated
4	10	130	134	with
4	11	135	143	glargine
4	12	144	148	plus
4	13	149	153	oral
4	14	154	160	agents
4	15	161	162	:
4	16	163	171	prandial
4	17	172	180	premixed
4	18	181	182	(
4	19	183	190	insulin
4	20	191	197	lispro
4	21	198	207	protamine
4	22	208	218	suspension
4	23	219	220	/
4	24	221	227	lispro
4	25	228	229	)
4	26	230	236	versus
4	27	237	242	basal
4	28	243	244	/
4	29	245	250	bolus
4	30	251	252	(
4	31	253	261	glargine
4	32	262	263	/
4	33	264	270	lispro
4	34	271	272	)
4	35	273	280	therapy
4	36	281	282	.
#Text=Rosenstock J(1), Ahmann AJ, Colon G, Scism-Bacon J, Jiang H, Martin S.  Author information:  (1)Dallas Diabetes and Endocrine Center at Medical City, Dallas, TX 75230, USA.
5	1	283	293	Rosenstock
5	2	294	295	J
5	3	296	297	(
5	4	298	299	1
5	5	300	301	)
5	6	302	303	,
5	7	304	310	Ahmann
5	8	311	313	AJ
5	9	314	315	,
5	10	316	321	Colon
5	11	322	323	G
5	12	324	325	,
5	13	326	331	Scism
5	14	332	333	-
5	15	334	339	Bacon
5	16	340	341	J
5	17	342	343	,
5	18	344	349	Jiang
5	19	350	351	H
5	20	352	353	,
5	21	354	360	Martin
5	22	361	362	S
5	23	363	364	.
5	24	365	371	Author
5	25	372	383	information
5	26	384	385	:
5	27	386	387	(
5	28	388	389	1
5	29	390	391	)
5	30	392	398	Dallas
5	31	399	407	Diabetes
5	32	408	411	and
5	33	412	421	Endocrine
5	34	422	428	Center
5	35	429	431	at
5	36	432	439	Medical
5	37	440	444	City
5	38	445	446	,
5	39	447	453	Dallas
5	40	454	455	,
5	41	456	458	TX
5	42	459	464	75230
5	43	465	466	,
5	44	467	470	USA
5	45	471	472	.
#Text=juliorosenstock@dallasdiabetes.com  OBJECTIVE: The purpose of this study was to compare two analog insulin therapies  (prandial premixed therapy [PPT] versus basal/bolus therapy [BBT]) in type 2 diabetic patients previously treated with insulin glargine (>or=30 units/day) plus oral agents, with the aim of demonstrating noninferiority of PPT to BBT.
6	1	473	488	juliorosenstock
6	2	489	490	@
6	3	491	505	dallasdiabetes
6	4	506	507	.
6	5	508	511	com
6	6	512	521	OBJECTIVE
6	7	522	523	:
6	8	524	527	The
6	9	528	535	purpose
6	10	536	538	of
6	11	539	543	this
6	12	544	549	study
6	13	550	553	was
6	14	554	556	to
6	15	557	564	compare
6	16	565	568	two
6	17	569	575	analog
6	18	576	583	insulin
6	19	584	593	therapies
6	20	594	595	(
6	21	596	604	prandial
6	22	605	613	premixed
6	23	614	621	therapy
6	24	622	623	[
6	25	624	627	PPT
6	26	628	629	]
6	27	630	636	versus
6	28	637	642	basal
6	29	643	644	/
6	30	645	650	bolus
6	31	651	658	therapy
6	32	659	660	[
6	33	661	664	BBT
6	34	665	666	]
6	35	667	668	)
6	36	669	671	in
6	37	672	676	type
6	38	677	678	2
6	39	679	687	diabetic
6	40	688	696	patients
6	41	697	707	previously
6	42	708	715	treated
6	43	716	720	with
6	44	721	728	insulin
6	45	729	737	glargine
6	46	738	739	(
6	47	740	741	>
6	48	742	744	or
6	49	745	746	=
6	50	747	749	30
6	51	750	755	units
6	52	756	757	/
6	53	758	761	day
6	54	762	763	)
6	55	764	768	plus
6	56	769	773	oral
6	57	774	780	agents
6	58	781	782	,
6	59	783	787	with
6	60	788	791	the
6	61	792	795	aim
6	62	796	798	of
6	63	799	812	demonstrating
6	64	813	827	noninferiority
6	65	828	830	of
6	66	831	834	PPT
6	67	835	837	to
6	68	838	841	BBT
6	69	842	843	.
#Text=RESEARCH DESIGN AND METHODS: Patients were randomly assigned to PPT (lispro mix 50/50: 50% insulin lispro protamine suspension and 50% lispro; n = 187) t.i.d.
7	1	844	852	RESEARCH
7	2	853	859	DESIGN
7	3	860	863	AND
7	4	864	871	METHODS
7	5	872	873	:
7	6	874	882	Patients
7	7	883	887	were
7	8	888	896	randomly
7	9	897	905	assigned
7	10	906	908	to
7	11	909	912	PPT
7	12	913	914	(
7	13	915	921	lispro
7	14	922	925	mix
7	15	926	928	50
7	16	929	930	/
7	17	931	933	50
7	18	934	935	:
7	19	936	938	50
7	20	939	940	%
7	21	941	948	insulin
7	22	949	955	lispro
7	23	956	965	protamine
7	24	966	976	suspension
7	25	977	980	and
7	26	981	983	50
7	27	984	985	%
7	28	986	992	lispro
7	29	993	994	;
7	30	995	996	n
7	31	997	998	=
7	32	999	1002	187
7	33	1003	1004	)
7	34	1005	1006	t
7	35	1007	1008	.
7	36	1009	1010	i
7	37	1011	1012	.
7	38	1013	1014	d
7	39	1015	1016	.
#Text=with meals or BBT (glargine at bedtime plus mealtime lispro; n = 187) in a 24-week, multicenter, open-label, noninferiority trial.
8	1	1017	1021	with
8	2	1022	1027	meals
8	3	1028	1030	or
8	4	1031	1034	BBT
8	5	1035	1036	(
8	6	1037	1045	glargine
8	7	1046	1048	at
8	8	1049	1056	bedtime
8	9	1057	1061	plus
8	10	1062	1070	mealtime
8	11	1071	1077	lispro
8	12	1078	1079	;
8	13	1080	1081	n
8	14	1082	1083	=
8	15	1084	1087	187
8	16	1088	1089	)
8	17	1090	1092	in
8	18	1093	1094	a
8	19	1095	1097	24
8	20	1098	1099	-
8	21	1100	1104	week
8	22	1105	1106	,
8	23	1107	1118	multicenter
8	24	1119	1120	,
8	25	1121	1125	open
8	26	1126	1127	-
8	27	1128	1133	label
8	28	1134	1135	,
8	29	1136	1150	noninferiority
8	30	1151	1156	trial
8	31	1157	1158	.
#Text=Investigators could replace lispro mix 50/50 with lispro mix 75/25 at the evening meal if the fasting plasma glucose target was unachievable.
9	1	1159	1172	Investigators
9	2	1173	1178	could
9	3	1179	1186	replace
9	4	1187	1193	lispro
9	5	1194	1197	mix
9	6	1198	1200	50
9	7	1201	1202	/
9	8	1203	1205	50
9	9	1206	1210	with
9	10	1211	1217	lispro
9	11	1218	1221	mix
9	12	1222	1224	75
9	13	1225	1226	/
9	14	1227	1229	25
9	15	1230	1232	at
9	16	1233	1236	the
9	17	1237	1244	evening
9	18	1245	1249	meal
9	19	1250	1252	if
9	20	1253	1256	the
9	21	1257	1264	fasting
9	22	1265	1271	plasma
9	23	1272	1279	glucose
9	24	1280	1286	target
9	25	1287	1290	was
9	26	1291	1303	unachievable
9	27	1304	1305	.
#Text=RESULTS: Baseline A1C was similar (PPT 8.8%; BBT 8.9%; P = 0.598).
10	1	1306	1313	RESULTS
10	2	1314	1315	:
10	3	1316	1324	Baseline
10	4	1325	1328	A1C
10	5	1329	1332	was
10	6	1333	1340	similar
10	7	1341	1342	(
10	8	1343	1346	PPT
10	9	1347	1348	8
10	10	1349	1350	.
10	11	1351	1352	8
10	12	1353	1354	%
10	13	1355	1356	;
10	14	1357	1360	BBT
10	15	1361	1362	8
10	16	1363	1364	.
10	17	1365	1366	9
10	18	1367	1368	%
10	19	1369	1370	;
10	20	1371	1372	P
10	21	1373	1374	=
10	22	1375	1376	0
10	23	1377	1378	.
10	24	1379	1382	598
10	25	1383	1384	)
10	26	1385	1386	.
#Text=At week 24, A1C was lower with BBT (6.78 vs. 6.95%, P = 0.021).
11	1	1387	1389	At
11	2	1390	1394	week
11	3	1395	1397	24
11	4	1398	1399	,
11	5	1400	1403	A1C
11	6	1404	1407	was
11	7	1408	1413	lower
11	8	1414	1418	with
11	9	1419	1422	BBT
11	10	1423	1424	(
11	11	1425	1426	6
11	12	1427	1428	.
11	13	1429	1431	78
11	14	1432	1434	vs
11	15	1435	1436	.
11	16	1437	1438	6
11	17	1439	1440	.
11	18	1441	1443	95
11	19	1444	1445	%
11	20	1446	1447	,
11	21	1448	1449	P
11	22	1450	1451	=
11	23	1452	1453	0
11	24	1454	1455	.
11	25	1456	1459	021
11	26	1460	1461	)
11	27	1462	1463	.
#Text=A1C was reduced significantly from baseline for both therapies (P < 0.0001).
12	1	1464	1467	A1C
12	2	1468	1471	was
12	3	1472	1479	reduced
12	4	1480	1493	significantly
12	5	1494	1498	from
12	6	1499	1507	baseline
12	7	1508	1511	for
12	8	1512	1516	both
12	9	1517	1526	therapies
12	10	1527	1528	(
12	11	1529	1530	P
12	12	1531	1532	<
12	13	1533	1534	0
12	14	1535	1536	.
12	15	1537	1541	0001
12	16	1542	1543	)
12	17	1544	1545	.
#Text=The difference in A1C change from  baseline to the end point (BBT minus PPT) was -0.22% (90% CI -0.38 to -0.07).
13	1	1546	1549	The
13	2	1550	1560	difference
13	3	1561	1563	in
13	4	1564	1567	A1C
13	5	1568	1574	change
13	6	1575	1579	from
13	7	1580	1588	baseline
13	8	1589	1591	to
13	9	1592	1595	the
13	10	1596	1599	end
13	11	1600	1605	point
13	12	1606	1607	(
13	13	1608	1611	BBT
13	14	1612	1617	minus
13	15	1618	1621	PPT
13	16	1622	1623	)
13	17	1624	1627	was
13	18	1628	1629	-
13	19	1630	1631	0
13	20	1632	1633	.
13	21	1634	1636	22
13	22	1637	1638	%
13	23	1639	1640	(
13	24	1641	1643	90
13	25	1644	1645	%
13	26	1646	1648	CI
13	27	1649	1650	-
13	28	1651	1652	0
13	29	1653	1654	.
13	30	1655	1657	38
13	31	1658	1660	to
13	32	1661	1662	-
13	33	1663	1664	0
13	34	1665	1666	.
13	35	1667	1669	07
13	36	1670	1671	)
13	37	1672	1673	.
#Text=Noninferiority of PPT to BBT was not demonstrated based on the prespecified noninferiority margin of 0.3%.
14	1	1674	1688	Noninferiority
14	2	1689	1691	of
14	3	1692	1695	PPT
14	4	1696	1698	to
14	5	1699	1702	BBT
14	6	1703	1706	was
14	7	1707	1710	not
14	8	1711	1723	demonstrated
14	9	1724	1729	based
14	10	1730	1732	on
14	11	1733	1736	the
14	12	1737	1749	prespecified
14	13	1750	1764	noninferiority
14	14	1765	1771	margin
14	15	1772	1774	of
14	16	1775	1776	0
14	17	1777	1778	.
14	18	1779	1780	3
14	19	1781	1782	%
14	20	1783	1784	.
#Text=The percentages of patients achieving target A1C <7.0% (PPT versus BBT, respectively) were 54 vs. 69% (P = 0.009) and for target <or=6.5% were 35 vs. 50% (P = 0.01) but did not differ for target <or=6.0% or <7.5%.
15	1	1785	1788	The
15	2	1789	1800	percentages
15	3	1801	1803	of
15	4	1804	1812	patients
15	5	1813	1822	achieving
15	6	1823	1829	target
15	7	1830	1833	A1C
15	8	1834	1835	<
15	9	1836	1837	7
15	10	1838	1839	.
15	11	1840	1841	0
15	12	1842	1843	%
15	13	1844	1845	(
15	14	1846	1849	PPT
15	15	1850	1856	versus
15	16	1857	1860	BBT
15	17	1861	1862	,
15	18	1863	1875	respectively
15	19	1876	1877	)
15	20	1878	1882	were
15	21	1883	1885	54
15	22	1886	1888	vs
15	23	1889	1890	.
15	24	1891	1893	69
15	25	1894	1895	%
15	26	1896	1897	(
15	27	1898	1899	P
15	28	1900	1901	=
15	29	1902	1903	0
15	30	1904	1905	.
15	31	1906	1909	009
15	32	1910	1911	)
15	33	1912	1915	and
15	34	1916	1919	for
15	35	1920	1926	target
15	36	1927	1928	<
15	37	1929	1931	or
15	38	1932	1933	=
15	39	1934	1935	6
15	40	1936	1937	.
15	41	1938	1939	5
15	42	1940	1941	%
15	43	1942	1946	were
15	44	1947	1949	35
15	45	1950	1952	vs
15	46	1953	1954	.
15	47	1955	1957	50
15	48	1958	1959	%
15	49	1960	1961	(
15	50	1962	1963	P
15	51	1964	1965	=
15	52	1966	1967	0
15	53	1968	1969	.
15	54	1970	1972	01
15	55	1973	1974	)
15	56	1975	1978	but
15	57	1979	1982	did
15	58	1983	1986	not
15	59	1987	1993	differ
15	60	1994	1997	for
15	61	1998	2004	target
15	62	2005	2006	<
15	63	2007	2009	or
15	64	2010	2011	=
15	65	2012	2013	6
15	66	2014	2015	.
15	67	2016	2017	0
15	68	2018	2019	%
15	69	2020	2022	or
15	70	2023	2024	<
15	71	2025	2026	7
15	72	2027	2028	.
15	73	2029	2030	5
15	74	2031	2032	%
15	75	2033	2034	.
#Text=Rates of hypoglycemia were similar for both groups.
16	1	2035	2040	Rates
16	2	2041	2043	of
16	3	2044	2056	hypoglycemia
16	4	2057	2061	were
16	5	2062	2069	similar
16	6	2070	2073	for
16	7	2074	2078	both
16	8	2079	2085	groups
16	9	2086	2087	.
#Text=CONCLUSIONS: Although noninferiority of PPT to BBT was not demonstrated, findings for A1C reduction, percentage of patients achieving A1C targets, hypoglycemia, and number of required injections should be considered in the individual decision-making process of advancing insulin replacement to PPT versus BBT in type 2 diabetes.
17	1	2088	2099	CONCLUSIONS
17	2	2100	2101	:
17	3	2102	2110	Although
17	4	2111	2125	noninferiority
17	5	2126	2128	of
17	6	2129	2132	PPT
17	7	2133	2135	to
17	8	2136	2139	BBT
17	9	2140	2143	was
17	10	2144	2147	not
17	11	2148	2160	demonstrated
17	12	2161	2162	,
17	13	2163	2171	findings
17	14	2172	2175	for
17	15	2176	2179	A1C
17	16	2180	2189	reduction
17	17	2190	2191	,
17	18	2192	2202	percentage
17	19	2203	2205	of
17	20	2206	2214	patients
17	21	2215	2224	achieving
17	22	2225	2228	A1C
17	23	2229	2236	targets
17	24	2237	2238	,
17	25	2239	2251	hypoglycemia
17	26	2252	2253	,
17	27	2254	2257	and
17	28	2258	2264	number
17	29	2265	2267	of
17	30	2268	2276	required
17	31	2277	2287	injections
17	32	2288	2294	should
17	33	2295	2297	be
17	34	2298	2308	considered
17	35	2309	2311	in
17	36	2312	2315	the
17	37	2316	2326	individual
17	38	2327	2335	decision
17	39	2336	2337	-
17	40	2338	2344	making
17	41	2345	2352	process
17	42	2353	2355	of
17	43	2356	2365	advancing
17	44	2366	2373	insulin
17	45	2374	2385	replacement
17	46	2386	2388	to
17	47	2389	2392	PPT
17	48	2393	2399	versus
17	49	2400	2403	BBT
17	50	2404	2406	in
17	51	2407	2411	type
17	52	2412	2413	2
17	53	2414	2422	diabetes
17	54	2423	2424	.
#Text=DOI: 10.2337/dc07-1122  PMID: 17934150  [Indexed for MEDLINE]
18	1	2425	2428	DOI
18	2	2429	2430	:
18	3	2431	2433	10
18	4	2434	2435	.
18	5	2436	2440	2337
18	6	2441	2442	/
18	7	2443	2447	dc07
18	8	2448	2449	-
18	9	2450	2454	1122
18	10	2455	2459	PMID
18	11	2460	2461	:
18	12	2462	2470	17934150
18	13	2471	2472	[
18	14	2473	2480	Indexed
18	15	2481	2484	for
18	16	2485	2492	MEDLINE
18	17	2493	2494	]
