#Text=Diabet Med.
1	1	0	6	Diabet
1	2	7	10	Med
1	3	11	12	.
#Text=2012 Sep;29(9):e263-72.
2	1	13	17	2012
2	2	18	21	Sep
2	3	22	23	;
2	4	24	26	29
2	5	27	28	(
2	6	29	30	9
2	7	31	32	)
2	8	33	34	:
2	9	35	39	e263
2	10	40	41	-
2	11	42	44	72
2	12	45	46	.
#Text=doi: 10.1111/j.1464-5491.2012.03722.x.
3	1	47	50	doi
3	2	51	52	:
3	3	53	55	10
3	4	56	57	.
3	5	58	62	1111
3	6	63	64	/
3	7	65	66	j
3	8	67	68	.
3	9	69	73	1464
3	10	74	75	-
3	11	76	80	5491
3	12	81	82	.
3	13	83	87	2012
3	14	88	89	.
3	15	90	95	03722
3	16	96	97	.
3	17	98	99	x
3	18	100	101	.
#Text=A study comparing insulin lispro mix 25 with glargine plus lispro therapy in patients with Type 2 diabetes who have inadequate glycaemic control on oral anti-hyperglycaemic medication: results of the PARADIGM study.
4	1	102	103	A
4	2	104	109	study
4	3	110	119	comparing
4	4	120	127	insulin
4	5	128	134	lispro
4	6	135	138	mix
4	7	139	141	25
4	8	142	146	with
4	9	147	155	glargine
4	10	156	160	plus
4	11	161	167	lispro
4	12	168	175	therapy
4	13	176	178	in
4	14	179	187	patients
4	15	188	192	with
4	16	193	197	Type
4	17	198	199	2
4	18	200	208	diabetes
4	19	209	212	who
4	20	213	217	have
4	21	218	228	inadequate
4	22	229	238	glycaemic
4	23	239	246	control
4	24	247	249	on
4	25	250	254	oral
4	26	255	259	anti
4	27	260	261	-
4	28	262	276	hyperglycaemic
4	29	277	287	medication
4	30	288	289	:
4	31	290	297	results
4	32	298	300	of
4	33	301	304	the
4	34	305	313	PARADIGM
4	35	314	319	study
4	36	320	321	.
#Text=Bowering K(1), Reed VA, Felicio JS, Landry J, Ji L, Oliveira J.
5	1	322	330	Bowering
5	2	331	332	K
5	3	333	334	(
5	4	335	336	1
5	5	337	338	)
5	6	339	340	,
5	7	341	345	Reed
5	8	346	348	VA
5	9	349	350	,
5	10	351	358	Felicio
5	11	359	361	JS
5	12	362	363	,
5	13	364	370	Landry
5	14	371	372	J
5	15	373	374	,
5	16	375	377	Ji
5	17	378	379	L
5	18	380	381	,
5	19	382	390	Oliveira
5	20	391	392	J
5	21	393	394	.
#Text=Author information:  (1)University of Alberta, Division of Endocrinology and Metabolism in the Department of Medicine, Edmonton, AB, Canada.
6	1	395	401	Author
6	2	402	413	information
6	3	414	415	:
6	4	416	417	(
6	5	418	419	1
6	6	420	421	)
6	7	422	432	University
6	8	433	435	of
6	9	436	443	Alberta
6	10	444	445	,
6	11	446	454	Division
6	12	455	457	of
6	13	458	471	Endocrinology
6	14	472	475	and
6	15	476	486	Metabolism
6	16	487	489	in
6	17	490	493	the
6	18	494	504	Department
6	19	505	507	of
6	20	508	516	Medicine
6	21	517	518	,
6	22	519	527	Edmonton
6	23	528	529	,
6	24	530	532	AB
6	25	533	534	,
6	26	535	541	Canada
6	27	542	543	.
#Text=Erratum in     Diabet Med.
7	1	544	551	Erratum
7	2	552	554	in
7	3	555	561	Diabet
7	4	562	565	Med
7	5	566	567	.
#Text=2012 Nov;29(11):1473.
8	1	568	572	2012
8	2	573	576	Nov
8	3	577	578	;
8	4	579	581	29
8	5	582	583	(
8	6	584	586	11
8	7	587	588	)
8	8	589	590	:
8	9	591	595	1473
8	10	596	597	.
#Text=Felicio, J [corrected to Felicio, J S].
9	1	598	605	Felicio
9	2	606	607	,
9	3	608	609	J
9	4	610	611	[
9	5	612	621	corrected
9	6	622	624	to
9	7	625	632	Felicio
9	8	633	634	,
9	9	635	636	J
9	10	637	638	S
9	11	639	640	]
9	12	641	642	.
#Text=AIMS: To test the hypothesis that initiation and intensification with 25% insulin lispro, 75% insulin lispro protamine suspension (LM25), is non-inferior to initiation and intensification with glargine + insulin lispro therapy on change from baseline in HbA(1c).
10	1	643	647	AIMS
10	2	648	649	:
10	3	650	652	To
10	4	653	657	test
10	5	658	661	the
10	6	662	672	hypothesis
10	7	673	677	that
10	8	678	688	initiation
10	9	689	692	and
10	10	693	708	intensification
10	11	709	713	with
10	12	714	716	25
10	13	717	718	%
10	14	719	726	insulin
10	15	727	733	lispro
10	16	734	735	,
10	17	736	738	75
10	18	739	740	%
10	19	741	748	insulin
10	20	749	755	lispro
10	21	756	765	protamine
10	22	766	776	suspension
10	23	777	778	(
10	24	779	783	LM25
10	25	784	785	)
10	26	786	787	,
10	27	788	790	is
10	28	791	794	non
10	29	795	796	-
10	30	797	805	inferior
10	31	806	808	to
10	32	809	819	initiation
10	33	820	823	and
10	34	824	839	intensification
10	35	840	844	with
10	36	845	853	glargine
10	37	854	855	+
10	38	856	863	insulin
10	39	864	870	lispro
10	40	871	878	therapy
10	41	879	881	on
10	42	882	888	change
10	43	889	893	from
10	44	894	902	baseline
10	45	903	905	in
10	46	906	909	HbA
10	47	910	911	(
10	48	912	914	1c
10	49	915	916	)
10	50	917	918	.
#Text=METHODS: In this randomized, non-inferiority (margin of 0.4%), parallel, prospective, multi-country, 48-week, open-label study, patients (n = 426) with Type 2 diabetes inadequately controlled with oral anti-hyperglycaemic medications were assigned to either initiating therapy with one daily LM25 injection, progressing up to three daily injections (full analysis set n = 211; per protocol set n = 177) or initiating therapy with one daily glargine injection and progressing up to three daily insulin lispro injections (full analysis set n = 212; per protocol set n = 184).
11	1	919	926	METHODS
11	2	927	928	:
11	3	929	931	In
11	4	932	936	this
11	5	937	947	randomized
11	6	948	949	,
11	7	950	953	non
11	8	954	955	-
11	9	956	967	inferiority
11	10	968	969	(
11	11	970	976	margin
11	12	977	979	of
11	13	980	981	0
11	14	982	983	.
11	15	984	985	4
11	16	986	987	%
11	17	988	989	)
11	18	990	991	,
11	19	992	1000	parallel
11	20	1001	1002	,
11	21	1003	1014	prospective
11	22	1015	1016	,
11	23	1017	1022	multi
11	24	1023	1024	-
11	25	1025	1032	country
11	26	1033	1034	,
11	27	1035	1037	48
11	28	1038	1039	-
11	29	1040	1044	week
11	30	1045	1046	,
11	31	1047	1051	open
11	32	1052	1053	-
11	33	1054	1059	label
11	34	1060	1065	study
11	35	1066	1067	,
11	36	1068	1076	patients
11	37	1077	1078	(
11	38	1079	1080	n
11	39	1081	1082	=
11	40	1083	1086	426
11	41	1087	1088	)
11	42	1089	1093	with
11	43	1094	1098	Type
11	44	1099	1100	2
11	45	1101	1109	diabetes
11	46	1110	1122	inadequately
11	47	1123	1133	controlled
11	48	1134	1138	with
11	49	1139	1143	oral
11	50	1144	1148	anti
11	51	1149	1150	-
11	52	1151	1165	hyperglycaemic
11	53	1166	1177	medications
11	54	1178	1182	were
11	55	1183	1191	assigned
11	56	1192	1194	to
11	57	1195	1201	either
11	58	1202	1212	initiating
11	59	1213	1220	therapy
11	60	1221	1225	with
11	61	1226	1229	one
11	62	1230	1235	daily
11	63	1236	1240	LM25
11	64	1241	1250	injection
11	65	1251	1252	,
11	66	1253	1264	progressing
11	67	1265	1267	up
11	68	1268	1270	to
11	69	1271	1276	three
11	70	1277	1282	daily
11	71	1283	1293	injections
11	72	1294	1295	(
11	73	1296	1300	full
11	74	1301	1309	analysis
11	75	1310	1313	set
11	76	1314	1315	n
11	77	1316	1317	=
11	78	1318	1321	211
11	79	1322	1323	;
11	80	1324	1327	per
11	81	1328	1336	protocol
11	82	1337	1340	set
11	83	1341	1342	n
11	84	1343	1344	=
11	85	1345	1348	177
11	86	1349	1350	)
11	87	1351	1353	or
11	88	1354	1364	initiating
11	89	1365	1372	therapy
11	90	1373	1377	with
11	91	1378	1381	one
11	92	1382	1387	daily
11	93	1388	1396	glargine
11	94	1397	1406	injection
11	95	1407	1410	and
11	96	1411	1422	progressing
11	97	1423	1425	up
11	98	1426	1428	to
11	99	1429	1434	three
11	100	1435	1440	daily
11	101	1441	1448	insulin
11	102	1449	1455	lispro
11	103	1456	1466	injections
11	104	1467	1468	(
11	105	1469	1473	full
11	106	1474	1482	analysis
11	107	1483	1486	set
11	108	1487	1488	n
11	109	1489	1490	=
11	110	1491	1494	212
11	111	1495	1496	;
11	112	1497	1500	per
11	113	1501	1509	protocol
11	114	1510	1513	set
11	115	1514	1515	n
11	116	1516	1517	=
11	117	1518	1521	184
11	118	1522	1523	)
11	119	1524	1525	.
#Text=RESULTS: LM25 therapy was found to be non-inferior to glargine + insulin lispro therapy by study end (upper limit of 95% CI < 0.4), with a least-squares mean difference (95% CI) in HbA(1c) (LM25 minus glargine + insulin lispro) of -0.4 mmol/mol (95% CI -2.7 to 1.9); -0.04% (95% CI -0.25 to 0.17).
12	1	1526	1533	RESULTS
12	2	1534	1535	:
12	3	1536	1540	LM25
12	4	1541	1548	therapy
12	5	1549	1552	was
12	6	1553	1558	found
12	7	1559	1561	to
12	8	1562	1564	be
12	9	1565	1568	non
12	10	1569	1570	-
12	11	1571	1579	inferior
12	12	1580	1582	to
12	13	1583	1591	glargine
12	14	1592	1593	+
12	15	1594	1601	insulin
12	16	1602	1608	lispro
12	17	1609	1616	therapy
12	18	1617	1619	by
12	19	1620	1625	study
12	20	1626	1629	end
12	21	1630	1631	(
12	22	1632	1637	upper
12	23	1638	1643	limit
12	24	1644	1646	of
12	25	1647	1649	95
12	26	1650	1651	%
12	27	1652	1654	CI
12	28	1655	1656	<
12	29	1657	1658	0
12	30	1659	1660	.
12	31	1661	1662	4
12	32	1663	1664	)
12	33	1665	1666	,
12	34	1667	1671	with
12	35	1672	1673	a
12	36	1674	1679	least
12	37	1680	1681	-
12	38	1682	1689	squares
12	39	1690	1694	mean
12	40	1695	1705	difference
12	41	1706	1707	(
12	42	1708	1710	95
12	43	1711	1712	%
12	44	1713	1715	CI
12	45	1716	1717	)
12	46	1718	1720	in
12	47	1721	1724	HbA
12	48	1725	1726	(
12	49	1727	1729	1c
12	50	1730	1731	)
12	51	1732	1733	(
12	52	1734	1738	LM25
12	53	1739	1744	minus
12	54	1745	1753	glargine
12	55	1754	1755	+
12	56	1756	1763	insulin
12	57	1764	1770	lispro
12	58	1771	1772	)
12	59	1773	1775	of
12	60	1776	1777	-
12	61	1778	1779	0
12	62	1780	1781	.
12	63	1782	1783	4
12	64	1784	1788	mmol
12	65	1789	1790	/
12	66	1791	1794	mol
12	67	1795	1796	(
12	68	1797	1799	95
12	69	1800	1801	%
12	70	1802	1804	CI
12	71	1805	1806	-
12	72	1807	1808	2
12	73	1809	1810	.
12	74	1811	1812	7
12	75	1813	1815	to
12	76	1816	1817	1
12	77	1818	1819	.
12	78	1820	1821	9
12	79	1822	1823	)
12	80	1824	1825	;
12	81	1826	1827	-
12	82	1828	1829	0
12	83	1830	1831	.
12	84	1832	1834	04
12	85	1835	1836	%
12	86	1837	1838	(
12	87	1839	1841	95
12	88	1842	1843	%
12	89	1844	1846	CI
12	90	1847	1848	-
12	91	1849	1850	0
12	92	1851	1852	.
12	93	1853	1855	25
12	94	1856	1858	to
12	95	1859	1860	0
12	96	1861	1862	.
12	97	1863	1865	17
12	98	1866	1867	)
12	99	1868	1869	.
#Text=No statistically significant differences between treatment groups were found in the percentage of  patients achieving HbA(1c) targets or postprandial blood glucose levels.
13	1	1870	1872	No
13	2	1873	1886	statistically
13	3	1887	1898	significant
13	4	1899	1910	differences
13	5	1911	1918	between
13	6	1919	1928	treatment
13	7	1929	1935	groups
13	8	1936	1940	were
13	9	1941	1946	found
13	10	1947	1949	in
13	11	1950	1953	the
13	12	1954	1964	percentage
13	13	1965	1967	of
13	14	1968	1976	patients
13	15	1977	1986	achieving
13	16	1987	1990	HbA
13	17	1991	1992	(
13	18	1993	1995	1c
13	19	1996	1997	)
13	20	1998	2005	targets
13	21	2006	2008	or
13	22	2009	2021	postprandial
13	23	2022	2027	blood
13	24	2028	2035	glucose
13	25	2036	2042	levels
13	26	2043	2044	.
#Text=The increase in insulin dose, number of injections and weight change during the course of the study were similar in both groups.
14	1	2045	2048	The
14	2	2049	2057	increase
14	3	2058	2060	in
14	4	2061	2068	insulin
14	5	2069	2073	dose
14	6	2074	2075	,
14	7	2076	2082	number
14	8	2083	2085	of
14	9	2086	2096	injections
14	10	2097	2100	and
14	11	2101	2107	weight
14	12	2108	2114	change
14	13	2115	2121	during
14	14	2122	2125	the
14	15	2126	2132	course
14	16	2133	2135	of
14	17	2136	2139	the
14	18	2140	2145	study
14	19	2146	2150	were
14	20	2151	2158	similar
14	21	2159	2161	in
14	22	2162	2166	both
14	23	2167	2173	groups
14	24	2174	2175	.
#Text=Patients in both groups experienced similar hypoglycaemia rates and safety profile.
15	1	2176	2184	Patients
15	2	2185	2187	in
15	3	2188	2192	both
15	4	2193	2199	groups
15	5	2200	2211	experienced
15	6	2212	2219	similar
15	7	2220	2233	hypoglycaemia
15	8	2234	2239	rates
15	9	2240	2243	and
15	10	2244	2250	safety
15	11	2251	2258	profile
15	12	2259	2260	.
#Text=CONCLUSIONS: For patients with Type 2 diabetes inadequately controlled with oral  anti-hyperglycaemic medications, glycaemic control when initiating and intensifying with LM25 therapy was found to be non-inferior to treatment with glargine + insulin lispro therapy.
16	1	2261	2272	CONCLUSIONS
16	2	2273	2274	:
16	3	2275	2278	For
16	4	2279	2287	patients
16	5	2288	2292	with
16	6	2293	2297	Type
16	7	2298	2299	2
16	8	2300	2308	diabetes
16	9	2309	2321	inadequately
16	10	2322	2332	controlled
16	11	2333	2337	with
16	12	2338	2342	oral
16	13	2343	2347	anti
16	14	2348	2349	-
16	15	2350	2364	hyperglycaemic
16	16	2365	2376	medications
16	17	2377	2378	,
16	18	2379	2388	glycaemic
16	19	2389	2396	control
16	20	2397	2401	when
16	21	2402	2412	initiating
16	22	2413	2416	and
16	23	2417	2429	intensifying
16	24	2430	2434	with
16	25	2435	2439	LM25
16	26	2440	2447	therapy
16	27	2448	2451	was
16	28	2452	2457	found
16	29	2458	2460	to
16	30	2461	2463	be
16	31	2464	2467	non
16	32	2468	2469	-
16	33	2470	2478	inferior
16	34	2479	2481	to
16	35	2482	2491	treatment
16	36	2492	2496	with
16	37	2497	2505	glargine
16	38	2506	2507	+
16	39	2508	2515	insulin
16	40	2516	2522	lispro
16	41	2523	2530	therapy
16	42	2531	2532	.
#Text=© 2012 Eli Lilly and Company.
17	1	2533	2534	©
17	2	2535	2539	2012
17	3	2540	2543	Eli
17	4	2544	2549	Lilly
17	5	2550	2553	and
17	6	2554	2561	Company
17	7	2562	2563	.
#Text=Diabetic Medicine © 2012 Diabetes UK.
18	1	2564	2572	Diabetic
18	2	2573	2581	Medicine
18	3	2582	2583	©
18	4	2584	2588	2012
18	5	2589	2597	Diabetes
18	6	2598	2600	UK
18	7	2601	2602	.
#Text=DOI: 10.1111/j.1464-5491.2012.03722.x  PMID: 22672081  [Indexed for MEDLINE]
19	1	2603	2606	DOI
19	2	2607	2608	:
19	3	2609	2611	10
19	4	2612	2613	.
19	5	2614	2618	1111
19	6	2619	2620	/
19	7	2621	2622	j
19	8	2623	2624	.
19	9	2625	2629	1464
19	10	2630	2631	-
19	11	2632	2636	5491
19	12	2637	2638	.
19	13	2639	2643	2012
19	14	2644	2645	.
19	15	2646	2651	03722
19	16	2652	2653	.
19	17	2654	2655	x
19	18	2656	2660	PMID
19	19	2661	2662	:
19	20	2663	2671	22672081
19	21	2672	2673	[
19	22	2674	2681	Indexed
19	23	2682	2685	for
19	24	2686	2693	MEDLINE
19	25	2694	2695	]
