#Text=Diabetes Care.
1	1	0	8	Diabetes
1	2	9	13	Care
1	3	14	15	.
#Text=2010 Jun;33(6):1176-8. doi: 10.2337/dc09-2294.
2	1	16	20	2010
2	2	21	24	Jun
2	3	25	26	;
2	4	27	29	33
2	5	30	31	(
2	6	32	33	6
2	7	34	35	)
2	8	36	37	:
2	9	38	42	1176
2	10	43	44	-
2	11	45	46	8
2	12	47	48	.
2	13	49	52	doi
2	14	53	54	:
2	15	55	57	10
2	16	58	59	.
2	17	60	64	2337
2	18	65	66	/
2	19	67	71	dc09
2	20	72	73	-
2	21	74	78	2294
2	22	79	80	.
#Text=Epub 2010 Mar 3.
3	1	81	85	Epub
3	2	86	90	2010
3	3	91	94	Mar
3	4	95	96	3
3	5	97	98	.
#Text=A 24-week, randomized, treat-to-target trial comparing initiation of insulin glargine once-daily with insulin detemir twice-daily in patients with type 2 diabetes inadequately controlled on oral glucose-lowering drugs.
4	1	99	100	A
4	2	101	103	24
4	3	104	105	-
4	4	106	110	week
4	5	111	112	,
4	6	113	123	randomized
4	7	124	125	,
4	8	126	131	treat
4	9	132	133	-
4	10	134	136	to
4	11	137	138	-
4	12	139	145	target
4	13	146	151	trial
4	14	152	161	comparing
4	15	162	172	initiation
4	16	173	175	of
4	17	176	183	insulin
4	18	184	192	glargine
4	19	193	197	once
4	20	198	199	-
4	21	200	205	daily
4	22	206	210	with
4	23	211	218	insulin
4	24	219	226	detemir
4	25	227	232	twice
4	26	233	234	-
4	27	235	240	daily
4	28	241	243	in
4	29	244	252	patients
4	30	253	257	with
4	31	258	262	type
4	32	263	264	2
4	33	265	273	diabetes
4	34	274	286	inadequately
4	35	287	297	controlled
4	36	298	300	on
4	37	301	305	oral
4	38	306	313	glucose
4	39	314	315	-
4	40	316	324	lowering
4	41	325	330	drugs
4	42	331	332	.
#Text=Swinnen SG(1), Dain MP, Aronson R, Davies M, Gerstein HC, Pfeiffer AF, Snoek FJ,  Devries JH, Hoekstra JB, Holleman F.  Author information:  (1)Department of Internal Medicine, Academic Medical Center, Amsterdam, the Netherlands.
5	1	333	340	Swinnen
5	2	341	343	SG
5	3	344	345	(
5	4	346	347	1
5	5	348	349	)
5	6	350	351	,
5	7	352	356	Dain
5	8	357	359	MP
5	9	360	361	,
5	10	362	369	Aronson
5	11	370	371	R
5	12	372	373	,
5	13	374	380	Davies
5	14	381	382	M
5	15	383	384	,
5	16	385	393	Gerstein
5	17	394	396	HC
5	18	397	398	,
5	19	399	407	Pfeiffer
5	20	408	410	AF
5	21	411	412	,
5	22	413	418	Snoek
5	23	419	421	FJ
5	24	422	423	,
5	25	424	431	Devries
5	26	432	434	JH
5	27	435	436	,
5	28	437	445	Hoekstra
5	29	446	448	JB
5	30	449	450	,
5	31	451	459	Holleman
5	32	460	461	F
5	33	462	463	.
5	34	464	470	Author
5	35	471	482	information
5	36	483	484	:
5	37	485	486	(
5	38	487	488	1
5	39	489	490	)
5	40	491	501	Department
5	41	502	504	of
5	42	505	513	Internal
5	43	514	522	Medicine
5	44	523	524	,
5	45	525	533	Academic
5	46	534	541	Medical
5	47	542	548	Center
5	48	549	550	,
5	49	551	560	Amsterdam
5	50	561	562	,
5	51	563	566	the
5	52	567	578	Netherlands
5	53	579	580	.
#Text=s.g.swinnen@amc.uva.nl  OBJECTIVE: To determine whether glargine is noninferior to detemir regarding the  percentage of patients reaching A1C <7% without symptomatic hypoglycemia <or=3.1  mmol/l.
6	1	581	582	s
6	2	583	584	.
6	3	585	586	g
6	4	587	588	.
6	5	589	596	swinnen
6	6	597	598	@
6	7	599	602	amc
6	8	603	604	.
6	9	605	608	uva
6	10	609	610	.
6	11	611	613	nl
6	12	614	623	OBJECTIVE
6	13	624	625	:
6	14	626	628	To
6	15	629	638	determine
6	16	639	646	whether
6	17	647	655	glargine
6	18	656	658	is
6	19	659	670	noninferior
6	20	671	673	to
6	21	674	681	detemir
6	22	682	691	regarding
6	23	692	695	the
6	24	696	706	percentage
6	25	707	709	of
6	26	710	718	patients
6	27	719	727	reaching
6	28	728	731	A1C
6	29	732	733	<
6	30	734	735	7
6	31	736	737	%
6	32	738	745	without
6	33	746	757	symptomatic
6	34	758	770	hypoglycemia
6	35	771	772	<
6	36	773	775	or
6	37	776	777	=
6	38	778	779	3
6	39	780	781	.
6	40	782	783	1
6	41	784	788	mmol
6	42	789	790	/
6	43	791	792	l
6	44	793	794	.
#Text=RESEARCH DESIGN AND METHODS: In this 24-week trial, 973 insulin-naive type 2 diabetic patients on stable oral glucose-lowering drugs with A1C 7.0-10.5% were randomized to glargine once daily or detemir twice daily.
7	1	795	803	RESEARCH
7	2	804	810	DESIGN
7	3	811	814	AND
7	4	815	822	METHODS
7	5	823	824	:
7	6	825	827	In
7	7	828	832	this
7	8	833	835	24
7	9	836	837	-
7	10	838	842	week
7	11	843	848	trial
7	12	849	850	,
7	13	851	854	973
7	14	855	862	insulin
7	15	863	864	-
7	16	865	870	naive
7	17	871	875	type
7	18	876	877	2
7	19	878	886	diabetic
7	20	887	895	patients
7	21	896	898	on
7	22	899	905	stable
7	23	906	910	oral
7	24	911	918	glucose
7	25	919	920	-
7	26	921	929	lowering
7	27	930	935	drugs
7	28	936	940	with
7	29	941	944	A1C
7	30	945	946	7
7	31	947	948	.
7	32	949	950	0
7	33	951	952	-
7	34	953	955	10
7	35	956	957	.
7	36	958	959	5
7	37	960	961	%
7	38	962	966	were
7	39	967	977	randomized
7	40	978	980	to
7	41	981	989	glargine
7	42	990	994	once
7	43	995	1000	daily
7	44	1001	1003	or
7	45	1004	1011	detemir
7	46	1012	1017	twice
7	47	1018	1023	daily
7	48	1024	1025	.
#Text=Insulin doses were systematically titrated.
8	1	1026	1033	Insulin
8	2	1034	1039	doses
8	3	1040	1044	were
8	4	1045	1059	systematically
8	5	1060	1068	titrated
8	6	1069	1070	.
#Text=RESULTS 27.5 and 25.6% of patients reached the primary outcome with glargine and detemir, respectively, demonstrating the noninferiority of glargine.
9	1	1071	1078	RESULTS
9	2	1079	1081	27
9	3	1082	1083	.
9	4	1084	1085	5
9	5	1086	1089	and
9	6	1090	1092	25
9	7	1093	1094	.
9	8	1095	1096	6
9	9	1097	1098	%
9	10	1099	1101	of
9	11	1102	1110	patients
9	12	1111	1118	reached
9	13	1119	1122	the
9	14	1123	1130	primary
9	15	1131	1138	outcome
9	16	1139	1143	with
9	17	1144	1152	glargine
9	18	1153	1156	and
9	19	1157	1164	detemir
9	20	1165	1166	,
9	21	1167	1179	respectively
9	22	1180	1181	,
9	23	1182	1195	demonstrating
9	24	1196	1199	the
9	25	1200	1214	noninferiority
9	26	1215	1217	of
9	27	1218	1226	glargine
9	28	1227	1228	.
#Text=Improvements in A1C were -1.46 +/- 1.09% for glargine and -1.54 +/-  1.11% for detemir (P = 0.149), with similar proportions of patients achieving A1C <7% (P = 0.254) but more detemir-treated patients reaching A1C <6.5% (P = 0.017).
10	1	1229	1241	Improvements
10	2	1242	1244	in
10	3	1245	1248	A1C
10	4	1249	1253	were
10	5	1254	1255	-
10	6	1256	1257	1
10	7	1258	1259	.
10	8	1260	1262	46
10	9	1263	1264	+
10	10	1265	1266	/
10	11	1267	1268	-
10	12	1269	1270	1
10	13	1271	1272	.
10	14	1273	1275	09
10	15	1276	1277	%
10	16	1278	1281	for
10	17	1282	1290	glargine
10	18	1291	1294	and
10	19	1295	1296	-
10	20	1297	1298	1
10	21	1299	1300	.
10	22	1301	1303	54
10	23	1304	1305	+
10	24	1306	1307	/
10	25	1308	1309	-
10	26	1310	1311	1
10	27	1312	1313	.
10	28	1314	1316	11
10	29	1317	1318	%
10	30	1319	1322	for
10	31	1323	1330	detemir
10	32	1331	1332	(
10	33	1333	1334	P
10	34	1335	1336	=
10	35	1337	1338	0
10	36	1339	1340	.
10	37	1341	1344	149
10	38	1345	1346	)
10	39	1347	1348	,
10	40	1349	1353	with
10	41	1354	1361	similar
10	42	1362	1373	proportions
10	43	1374	1376	of
10	44	1377	1385	patients
10	45	1386	1395	achieving
10	46	1396	1399	A1C
10	47	1400	1401	<
10	48	1402	1403	7
10	49	1404	1405	%
10	50	1406	1407	(
10	51	1408	1409	P
10	52	1410	1411	=
10	53	1412	1413	0
10	54	1414	1415	.
10	55	1416	1419	254
10	56	1420	1421	)
10	57	1422	1425	but
10	58	1426	1430	more
10	59	1431	1438	detemir
10	60	1439	1440	-
10	61	1441	1448	treated
10	62	1449	1457	patients
10	63	1458	1466	reaching
10	64	1467	1470	A1C
10	65	1471	1472	<
10	66	1473	1474	6
10	67	1475	1476	.
10	68	1477	1478	5
10	69	1479	1480	%
10	70	1481	1482	(
10	71	1483	1484	P
10	72	1485	1486	=
10	73	1487	1488	0
10	74	1489	1490	.
10	75	1491	1494	017
10	76	1495	1496	)
10	77	1497	1498	.
#Text=Hypoglycemia risk was similar.
11	1	1499	1511	Hypoglycemia
11	2	1512	1516	risk
11	3	1517	1520	was
11	4	1521	1528	similar
11	5	1529	1530	.
#Text=Weight gain was higher for glargine (difference: 0.77 kg, P < 0.001).
12	1	1531	1537	Weight
12	2	1538	1542	gain
12	3	1543	1546	was
12	4	1547	1553	higher
12	5	1554	1557	for
12	6	1558	1566	glargine
12	7	1567	1568	(
12	8	1569	1579	difference
12	9	1580	1581	:
12	10	1582	1583	0
12	11	1584	1585	.
12	12	1586	1588	77
12	13	1589	1591	kg
12	14	1592	1593	,
12	15	1594	1595	P
12	16	1596	1597	<
12	17	1598	1599	0
12	18	1600	1601	.
12	19	1602	1605	001
12	20	1606	1607	)
12	21	1608	1609	.
#Text=Glargine doses were lower than detemir doses: 43.5 +/- 29.0  vs. 76.5 +/- 50.5 units/day (P < 0.001).
13	1	1610	1618	Glargine
13	2	1619	1624	doses
13	3	1625	1629	were
13	4	1630	1635	lower
13	5	1636	1640	than
13	6	1641	1648	detemir
13	7	1649	1654	doses
13	8	1655	1656	:
13	9	1657	1659	43
13	10	1660	1661	.
13	11	1662	1663	5
13	12	1664	1665	+
13	13	1666	1667	/
13	14	1668	1669	-
13	15	1670	1672	29
13	16	1673	1674	.
13	17	1675	1676	0
13	18	1677	1679	vs
13	19	1680	1681	.
13	20	1682	1684	76
13	21	1685	1686	.
13	22	1687	1688	5
13	23	1689	1690	+
13	24	1691	1692	/
13	25	1693	1694	-
13	26	1695	1697	50
13	27	1698	1699	.
13	28	1700	1701	5
13	29	1702	1707	units
13	30	1708	1709	/
13	31	1710	1713	day
13	32	1714	1715	(
13	33	1716	1717	P
13	34	1718	1719	<
13	35	1720	1721	0
13	36	1722	1723	.
13	37	1724	1727	001
13	38	1728	1729	)
13	39	1730	1731	.
#Text=CONCLUSIONS: In insulin-naive type 2 diabetic patients, glargine reached similar  control as detemir, with more weight gain, but required significantly lower doses.
14	1	1732	1743	CONCLUSIONS
14	2	1744	1745	:
14	3	1746	1748	In
14	4	1749	1756	insulin
14	5	1757	1758	-
14	6	1759	1764	naive
14	7	1765	1769	type
14	8	1770	1771	2
14	9	1772	1780	diabetic
14	10	1781	1789	patients
14	11	1790	1791	,
14	12	1792	1800	glargine
14	13	1801	1808	reached
14	14	1809	1816	similar
14	15	1817	1824	control
14	16	1825	1827	as
14	17	1828	1835	detemir
14	18	1836	1837	,
14	19	1838	1842	with
14	20	1843	1847	more
14	21	1848	1854	weight
14	22	1855	1859	gain
14	23	1860	1861	,
14	24	1862	1865	but
14	25	1866	1874	required
14	26	1875	1888	significantly
14	27	1889	1894	lower
14	28	1895	1900	doses
14	29	1901	1902	.
#Text=DOI: 10.2337/dc09-2294  PMCID: PMC2875419 PMID: 20200301  [Indexed for MEDLINE]
15	1	1903	1906	DOI
15	2	1907	1908	:
15	3	1909	1911	10
15	4	1912	1913	.
15	5	1914	1918	2337
15	6	1919	1920	/
15	7	1921	1925	dc09
15	8	1926	1927	-
15	9	1928	1932	2294
15	10	1933	1938	PMCID
15	11	1939	1940	:
15	12	1941	1951	PMC2875419
15	13	1952	1956	PMID
15	14	1957	1958	:
15	15	1959	1967	20200301
15	16	1968	1969	[
15	17	1970	1977	Indexed
15	18	1978	1981	for
15	19	1982	1989	MEDLINE
15	20	1990	1991	]
