#Text=Ann Intern Med.
1	1	0	3	Ann
1	2	4	10	Intern
1	3	11	14	Med
1	4	15	16	.
#Text=2003 Jun 17;138(12):952-9.
2	1	17	21	2003
2	2	22	25	Jun
2	3	26	28	17
2	4	29	30	;
2	5	31	34	138
2	6	35	36	(
2	7	37	39	12
2	8	40	41	)
2	9	42	43	:
2	10	44	47	952
2	11	48	49	-
2	12	50	51	9
2	13	52	53	.
#Text=Glimepiride combined with morning insulin glargine, bedtime neutral protamine hagedorn insulin, or bedtime insulin glargine in patients with type 2 diabetes.
3	1	54	65	Glimepiride
3	2	66	74	combined
3	3	75	79	with
3	4	80	87	morning
3	5	88	95	insulin
3	6	96	104	glargine
3	7	105	106	,
3	8	107	114	bedtime
3	9	115	122	neutral
3	10	123	132	protamine
3	11	133	141	hagedorn
3	12	142	149	insulin
3	13	150	151	,
3	14	152	154	or
3	15	155	162	bedtime
3	16	163	170	insulin
3	17	171	179	glargine
3	18	180	182	in
3	19	183	191	patients
3	20	192	196	with
3	21	197	201	type
3	22	202	203	2
3	23	204	212	diabetes
3	24	213	214	.
#Text=A randomized, controlled trial.
4	1	215	216	A
4	2	217	227	randomized
4	3	228	229	,
4	4	230	240	controlled
4	5	241	246	trial
4	6	247	248	.
#Text=Fritsche A(1), Schweitzer MA, Häring HU; 4001 Study Group.
5	1	249	257	Fritsche
5	2	258	259	A
5	3	260	261	(
5	4	262	263	1
5	5	264	265	)
5	6	266	267	,
5	7	268	278	Schweitzer
5	8	279	281	MA
5	9	282	283	,
5	10	284	285	H
5	11	286	287	ä
5	12	288	292	ring
5	13	293	295	HU
5	14	296	297	;
5	15	298	302	4001
5	16	303	308	Study
5	17	309	314	Group
5	18	315	316	.
#Text=Author information:  (1)Medizinische Klinik, Abteilung für Endokrinologie, Stoffwechsel und Pathobiochemie, Eberhard-Karls-Universität, Tübingen, Germany.
6	1	317	323	Author
6	2	324	335	information
6	3	336	337	:
6	4	338	339	(
6	5	340	341	1
6	6	342	343	)
6	7	344	356	Medizinische
6	8	357	363	Klinik
6	9	364	365	,
6	10	366	375	Abteilung
6	11	376	377	f
6	12	378	379	ü
6	13	380	381	r
6	14	382	396	Endokrinologie
6	15	397	398	,
6	16	399	411	Stoffwechsel
6	17	412	415	und
6	18	416	430	Pathobiochemie
6	19	431	432	,
6	20	433	441	Eberhard
6	21	442	443	-
6	22	444	449	Karls
6	23	450	451	-
6	24	452	461	Universit
6	25	462	463	ä
6	26	464	465	t
6	27	466	467	,
6	28	468	469	T
6	29	470	471	ü
6	30	472	478	bingen
6	31	479	480	,
6	32	481	488	Germany
6	33	489	490	.
#Text=Comment in     Ann Intern Med.
7	1	491	498	Comment
7	2	499	501	in
7	3	502	505	Ann
7	4	506	512	Intern
7	5	513	516	Med
7	6	517	518	.
#Text=2003 Jun 17;138(12):I33.
8	1	519	523	2003
8	2	524	527	Jun
8	3	528	530	17
8	4	531	532	;
8	5	533	536	138
8	6	537	538	(
8	7	539	541	12
8	8	542	543	)
8	9	544	545	:
8	10	546	549	I33
8	11	550	551	.
#Text=Ann Intern Med.
9	1	552	555	Ann
9	2	556	562	Intern
9	3	563	566	Med
9	4	567	568	.
#Text=2004 Apr 20;140(8):666; author reply 667.
10	1	569	573	2004
10	2	574	577	Apr
10	3	578	580	20
10	4	581	582	;
10	5	583	586	140
10	6	587	588	(
10	7	589	590	8
10	8	591	592	)
10	9	593	594	:
10	10	595	598	666
10	11	599	600	;
10	12	601	607	author
10	13	608	613	reply
10	14	614	617	667
10	15	618	619	.
#Text=Ann Intern Med.
11	1	620	623	Ann
11	2	624	630	Intern
11	3	631	634	Med
11	4	635	636	.
#Text=2004 Apr 20;140(8):666-7; author reply 667.
12	1	637	641	2004
12	2	642	645	Apr
12	3	646	648	20
12	4	649	650	;
12	5	651	654	140
12	6	655	656	(
12	7	657	658	8
12	8	659	660	)
12	9	661	662	:
12	10	663	666	666
12	11	667	668	-
12	12	669	670	7
12	13	671	672	;
12	14	673	679	author
12	15	680	685	reply
12	16	686	689	667
12	17	690	691	.
#Text=BACKGROUND: Patients with type 2 diabetes are often treated with oral antidiabetic agents plus a basal insulin.
13	1	692	702	BACKGROUND
13	2	703	704	:
13	3	705	713	Patients
13	4	714	718	with
13	5	719	723	type
13	6	724	725	2
13	7	726	734	diabetes
13	8	735	738	are
13	9	739	744	often
13	10	745	752	treated
13	11	753	757	with
13	12	758	762	oral
13	13	763	775	antidiabetic
13	14	776	782	agents
13	15	783	787	plus
13	16	788	789	a
13	17	790	795	basal
13	18	796	803	insulin
13	19	804	805	.
#Text=OBJECTIVE: To investigate the efficacy and safety of glimepiride combined with either morning or bedtime insulin glargine or bedtime neutral protamine Hagedorn  (NPH) insulin in patients with type 2 diabetes.
14	1	806	815	OBJECTIVE
14	2	816	817	:
14	3	818	820	To
14	4	821	832	investigate
14	5	833	836	the
14	6	837	845	efficacy
14	7	846	849	and
14	8	850	856	safety
14	9	857	859	of
14	10	860	871	glimepiride
14	11	872	880	combined
14	12	881	885	with
14	13	886	892	either
14	14	893	900	morning
14	15	901	903	or
14	16	904	911	bedtime
14	17	912	919	insulin
14	18	920	928	glargine
14	19	929	931	or
14	20	932	939	bedtime
14	21	940	947	neutral
14	22	948	957	protamine
14	23	958	966	Hagedorn
14	24	967	968	(
14	25	969	972	NPH
14	26	973	974	)
14	27	975	982	insulin
14	28	983	985	in
14	29	986	994	patients
14	30	995	999	with
14	31	1000	1004	type
14	32	1005	1006	2
14	33	1007	1015	diabetes
14	34	1016	1017	.
#Text=DESIGN: Open-label, randomized, controlled trial.
15	1	1018	1024	DESIGN
15	2	1025	1026	:
15	3	1027	1031	Open
15	4	1032	1033	-
15	5	1034	1039	label
15	6	1040	1041	,
15	7	1042	1052	randomized
15	8	1053	1054	,
15	9	1055	1065	controlled
15	10	1066	1071	trial
15	11	1072	1073	.
#Text=SETTING: 111 centers in 13 European countries.
16	1	1074	1081	SETTING
16	2	1082	1083	:
16	3	1084	1087	111
16	4	1088	1095	centers
16	5	1096	1098	in
16	6	1099	1101	13
16	7	1102	1110	European
16	8	1111	1120	countries
16	9	1121	1122	.
#Text=PATIENTS: 695 patients with type 2 diabetes who were previously treated with oral antidiabetic agents.
17	1	1123	1131	PATIENTS
17	2	1132	1133	:
17	3	1134	1137	695
17	4	1138	1146	patients
17	5	1147	1151	with
17	6	1152	1156	type
17	7	1157	1158	2
17	8	1159	1167	diabetes
17	9	1168	1171	who
17	10	1172	1176	were
17	11	1177	1187	previously
17	12	1188	1195	treated
17	13	1196	1200	with
17	14	1201	1205	oral
17	15	1206	1218	antidiabetic
17	16	1219	1225	agents
17	17	1226	1227	.
#Text=INTERVENTION: Randomization to treatment with morning insulin glargine, bedtime NPH insulin, or bedtime insulin glargine for 24 weeks in addition to 3 mg of glimepiride.
18	1	1228	1240	INTERVENTION
18	2	1241	1242	:
18	3	1243	1256	Randomization
18	4	1257	1259	to
18	5	1260	1269	treatment
18	6	1270	1274	with
18	7	1275	1282	morning
18	8	1283	1290	insulin
18	9	1291	1299	glargine
18	10	1300	1301	,
18	11	1302	1309	bedtime
18	12	1310	1313	NPH
18	13	1314	1321	insulin
18	14	1322	1323	,
18	15	1324	1326	or
18	16	1327	1334	bedtime
18	17	1335	1342	insulin
18	18	1343	1351	glargine
18	19	1352	1355	for
18	20	1356	1358	24
18	21	1359	1364	weeks
18	22	1365	1367	in
18	23	1368	1376	addition
18	24	1377	1379	to
18	25	1380	1381	3
18	26	1382	1384	mg
18	27	1385	1387	of
18	28	1388	1399	glimepiride
18	29	1400	1401	.
#Text=The insulin dose was titrated by using a predefined regimen to achieve fasting blood glucose levels of 5.56 mmol/L or lower (< or =100 mg/dL).
19	1	1402	1405	The
19	2	1406	1413	insulin
19	3	1414	1418	dose
19	4	1419	1422	was
19	5	1423	1431	titrated
19	6	1432	1434	by
19	7	1435	1440	using
19	8	1441	1442	a
19	9	1443	1453	predefined
19	10	1454	1461	regimen
19	11	1462	1464	to
19	12	1465	1472	achieve
19	13	1473	1480	fasting
19	14	1481	1486	blood
19	15	1487	1494	glucose
19	16	1495	1501	levels
19	17	1502	1504	of
19	18	1505	1506	5
19	19	1507	1508	.
19	20	1509	1511	56
19	21	1512	1516	mmol
19	22	1517	1518	/
19	23	1519	1520	L
19	24	1521	1523	or
19	25	1524	1529	lower
19	26	1530	1531	(
19	27	1532	1533	<
19	28	1534	1536	or
19	29	1537	1538	=
19	30	1539	1542	100
19	31	1543	1545	mg
19	32	1546	1547	/
19	33	1548	1550	dL
19	34	1551	1552	)
19	35	1553	1554	.
#Text=MEASUREMENTS: Hemoglobin A(1c) values, blood glucose levels, insulin dose, and body weight.
20	1	1555	1567	MEASUREMENTS
20	2	1568	1569	:
20	3	1570	1580	Hemoglobin
20	4	1581	1582	A
20	5	1583	1584	(
20	6	1585	1587	1c
20	7	1588	1589	)
20	8	1590	1596	values
20	9	1597	1598	,
20	10	1599	1604	blood
20	11	1605	1612	glucose
20	12	1613	1619	levels
20	13	1620	1621	,
20	14	1622	1629	insulin
20	15	1630	1634	dose
20	16	1635	1636	,
20	17	1637	1640	and
20	18	1641	1645	body
20	19	1646	1652	weight
20	20	1653	1654	.
#Text=RESULTS: Hemoglobin A(1c) levels improved by -1.24% (two-sided 90% CI, -1.10% to  -1.38%) with morning insulin glargine, by -0.96% (CI, -0.81% to -1.10%) with bedtime insulin glargine, and by -0.84% (CI, -0.69% to -0.98%) with bedtime NPH insulin.
21	1	1655	1662	RESULTS
21	2	1663	1664	:
21	3	1665	1675	Hemoglobin
21	4	1676	1677	A
21	5	1678	1679	(
21	6	1680	1682	1c
21	7	1683	1684	)
21	8	1685	1691	levels
21	9	1692	1700	improved
21	10	1701	1703	by
21	11	1704	1705	-
21	12	1706	1707	1
21	13	1708	1709	.
21	14	1710	1712	24
21	15	1713	1714	%
21	16	1715	1716	(
21	17	1717	1720	two
21	18	1721	1722	-
21	19	1723	1728	sided
21	20	1729	1731	90
21	21	1732	1733	%
21	22	1734	1736	CI
21	23	1737	1738	,
21	24	1739	1740	-
21	25	1741	1742	1
21	26	1743	1744	.
21	27	1745	1747	10
21	28	1748	1749	%
21	29	1750	1752	to
21	30	1753	1754	-
21	31	1755	1756	1
21	32	1757	1758	.
21	33	1759	1761	38
21	34	1762	1763	%
21	35	1764	1765	)
21	36	1766	1770	with
21	37	1771	1778	morning
21	38	1779	1786	insulin
21	39	1787	1795	glargine
21	40	1796	1797	,
21	41	1798	1800	by
21	42	1801	1802	-
21	43	1803	1804	0
21	44	1805	1806	.
21	45	1807	1809	96
21	46	1810	1811	%
21	47	1812	1813	(
21	48	1814	1816	CI
21	49	1817	1818	,
21	50	1819	1820	-
21	51	1821	1822	0
21	52	1823	1824	.
21	53	1825	1827	81
21	54	1828	1829	%
21	55	1830	1832	to
21	56	1833	1834	-
21	57	1835	1836	1
21	58	1837	1838	.
21	59	1839	1841	10
21	60	1842	1843	%
21	61	1844	1845	)
21	62	1846	1850	with
21	63	1851	1858	bedtime
21	64	1859	1866	insulin
21	65	1867	1875	glargine
21	66	1876	1877	,
21	67	1878	1881	and
21	68	1882	1884	by
21	69	1885	1886	-
21	70	1887	1888	0
21	71	1889	1890	.
21	72	1891	1893	84
21	73	1894	1895	%
21	74	1896	1897	(
21	75	1898	1900	CI
21	76	1901	1902	,
21	77	1903	1904	-
21	78	1905	1906	0
21	79	1907	1908	.
21	80	1909	1911	69
21	81	1912	1913	%
21	82	1914	1916	to
21	83	1917	1918	-
21	84	1919	1920	0
21	85	1921	1922	.
21	86	1923	1925	98
21	87	1926	1927	%
21	88	1928	1929	)
21	89	1930	1934	with
21	90	1935	1942	bedtime
21	91	1943	1946	NPH
21	92	1947	1954	insulin
21	93	1955	1956	.
#Text=Hemoglobin A(1c) improvement was more pronounced with morning insulin glargine than with NPH insulin (0.40% [CI, 0.23% to 0.58%]; P = 0.001) or bedtime insulin glargine (0.28% [CI, 0.11% to 0.46%]; P = 0.008).
22	1	1957	1967	Hemoglobin
22	2	1968	1969	A
22	3	1970	1971	(
22	4	1972	1974	1c
22	5	1975	1976	)
22	6	1977	1988	improvement
22	7	1989	1992	was
22	8	1993	1997	more
22	9	1998	2008	pronounced
22	10	2009	2013	with
22	11	2014	2021	morning
22	12	2022	2029	insulin
22	13	2030	2038	glargine
22	14	2039	2043	than
22	15	2044	2048	with
22	16	2049	2052	NPH
22	17	2053	2060	insulin
22	18	2061	2062	(
22	19	2063	2064	0
22	20	2065	2066	.
22	21	2067	2069	40
22	22	2070	2071	%
22	23	2072	2073	[
22	24	2074	2076	CI
22	25	2077	2078	,
22	26	2079	2080	0
22	27	2081	2082	.
22	28	2083	2085	23
22	29	2086	2087	%
22	30	2088	2090	to
22	31	2091	2092	0
22	32	2093	2094	.
22	33	2095	2097	58
22	34	2098	2099	%
22	35	2100	2101	]
22	36	2102	2103	;
22	37	2104	2105	P
22	38	2106	2107	=
22	39	2108	2109	0
22	40	2110	2111	.
22	41	2112	2115	001
22	42	2116	2117	)
22	43	2118	2120	or
22	44	2121	2128	bedtime
22	45	2129	2136	insulin
22	46	2137	2145	glargine
22	47	2146	2147	(
22	48	2148	2149	0
22	49	2150	2151	.
22	50	2152	2154	28
22	51	2155	2156	%
22	52	2157	2158	[
22	53	2159	2161	CI
22	54	2162	2163	,
22	55	2164	2165	0
22	56	2166	2167	.
22	57	2168	2170	11
22	58	2171	2172	%
22	59	2173	2175	to
22	60	2176	2177	0
22	61	2178	2179	.
22	62	2180	2182	46
22	63	2183	2184	%
22	64	2185	2186	]
22	65	2187	2188	;
22	66	2189	2190	P
22	67	2191	2192	=
22	68	2193	2194	0
22	69	2195	2196	.
22	70	2197	2200	008
22	71	2201	2202	)
22	72	2203	2204	.
#Text=Baseline to end-point fasting blood glucose levels improved similarly in all three groups.
23	1	2205	2213	Baseline
23	2	2214	2216	to
23	3	2217	2220	end
23	4	2221	2222	-
23	5	2223	2228	point
23	6	2229	2236	fasting
23	7	2237	2242	blood
23	8	2243	2250	glucose
23	9	2251	2257	levels
23	10	2258	2266	improved
23	11	2267	2276	similarly
23	12	2277	2279	in
23	13	2280	2283	all
23	14	2284	2289	three
23	15	2290	2296	groups
23	16	2297	2298	.
#Text=Nocturnal hypoglycemia was less frequent with morning (39 of 236 patients [17%]) and bedtime insulin glargine (52 of 227 patients [23%]) than with bedtime NPH insulin (89 of 232 patients [38%]) (P < 0.001).
24	1	2299	2308	Nocturnal
24	2	2309	2321	hypoglycemia
24	3	2322	2325	was
24	4	2326	2330	less
24	5	2331	2339	frequent
24	6	2340	2344	with
24	7	2345	2352	morning
24	8	2353	2354	(
24	9	2355	2357	39
24	10	2358	2360	of
24	11	2361	2364	236
24	12	2365	2373	patients
24	13	2374	2375	[
24	14	2376	2378	17
24	15	2379	2380	%
24	16	2381	2382	]
24	17	2383	2384	)
24	18	2385	2388	and
24	19	2389	2396	bedtime
24	20	2397	2404	insulin
24	21	2405	2413	glargine
24	22	2414	2415	(
24	23	2416	2418	52
24	24	2419	2421	of
24	25	2422	2425	227
24	26	2426	2434	patients
24	27	2435	2436	[
24	28	2437	2439	23
24	29	2440	2441	%
24	30	2442	2443	]
24	31	2444	2445	)
24	32	2446	2450	than
24	33	2451	2455	with
24	34	2456	2463	bedtime
24	35	2464	2467	NPH
24	36	2468	2475	insulin
24	37	2476	2477	(
24	38	2478	2480	89
24	39	2481	2483	of
24	40	2484	2487	232
24	41	2488	2496	patients
24	42	2497	2498	[
24	43	2499	2501	38
24	44	2502	2503	%
24	45	2504	2505	]
24	46	2506	2507	)
24	47	2508	2509	(
24	48	2510	2511	P
24	49	2512	2513	<
24	50	2514	2515	0
24	51	2516	2517	.
24	52	2518	2521	001
24	53	2522	2523	)
24	54	2524	2525	.
#Text=CONCLUSION: The risk for nocturnal hypoglycemia was lower with glimepiride in combination with morning and bedtime insulin glargine than with glimepiride in combination with bedtime NPH insulin in patients with type 2 diabetes.
25	1	2526	2536	CONCLUSION
25	2	2537	2538	:
25	3	2539	2542	The
25	4	2543	2547	risk
25	5	2548	2551	for
25	6	2552	2561	nocturnal
25	7	2562	2574	hypoglycemia
25	8	2575	2578	was
25	9	2579	2584	lower
25	10	2585	2589	with
25	11	2590	2601	glimepiride
25	12	2602	2604	in
25	13	2605	2616	combination
25	14	2617	2621	with
25	15	2622	2629	morning
25	16	2630	2633	and
25	17	2634	2641	bedtime
25	18	2642	2649	insulin
25	19	2650	2658	glargine
25	20	2659	2663	than
25	21	2664	2668	with
25	22	2669	2680	glimepiride
25	23	2681	2683	in
25	24	2684	2695	combination
25	25	2696	2700	with
25	26	2701	2708	bedtime
25	27	2709	2712	NPH
25	28	2713	2720	insulin
25	29	2721	2723	in
25	30	2724	2732	patients
25	31	2733	2737	with
25	32	2738	2742	type
25	33	2743	2744	2
25	34	2745	2753	diabetes
25	35	2754	2755	.
#Text=Morning insulin glargine provided better glycemic control than did bedtime insulin glargine or bedtime NPH insulin.
26	1	2756	2763	Morning
26	2	2764	2771	insulin
26	3	2772	2780	glargine
26	4	2781	2789	provided
26	5	2790	2796	better
26	6	2797	2805	glycemic
26	7	2806	2813	control
26	8	2814	2818	than
26	9	2819	2822	did
26	10	2823	2830	bedtime
26	11	2831	2838	insulin
26	12	2839	2847	glargine
26	13	2848	2850	or
26	14	2851	2858	bedtime
26	15	2859	2862	NPH
26	16	2863	2870	insulin
26	17	2871	2872	.
#Text=DOI: 10.7326/0003-4819-138-12-200306170-00006  PMID: 12809451  [Indexed for MEDLINE]
27	1	2873	2876	DOI
27	2	2877	2878	:
27	3	2879	2881	10
27	4	2882	2883	.
27	5	2884	2888	7326
27	6	2889	2890	/
27	7	2891	2895	0003
27	8	2896	2897	-
27	9	2898	2902	4819
27	10	2903	2904	-
27	11	2905	2908	138
27	12	2909	2910	-
27	13	2911	2913	12
27	14	2914	2915	-
27	15	2916	2925	200306170
27	16	2926	2927	-
27	17	2928	2933	00006
27	18	2934	2938	PMID
27	19	2939	2940	:
27	20	2941	2949	12809451
27	21	2950	2951	[
27	22	2952	2959	Indexed
27	23	2960	2963	for
27	24	2964	2971	MEDLINE
27	25	2972	2973	]
