#Text=Clin Ther.
1	1	0	4	Clin
1	2	5	9	Ther
1	3	10	11	.
#Text=2007 Jan;29(1):74-83.
2	1	12	16	2007
2	2	17	20	Jan
2	3	21	22	;
2	4	23	25	29
2	5	26	27	(
2	6	28	29	1
2	7	30	31	)
2	8	32	33	:
2	9	34	36	74
2	10	37	38	-
2	11	39	41	83
2	12	42	43	.
#Text=Results of the glucose-lowering effect of WelChol study (GLOWS): a randomized, double-blind, placebo-controlled pilot study evaluating the effect of colesevelam hydrochloride on glycemic control in subjects with type 2 diabetes.
3	1	44	51	Results
3	2	52	54	of
3	3	55	58	the
3	4	59	66	glucose
3	5	67	68	-
3	6	69	77	lowering
3	7	78	84	effect
3	8	85	87	of
3	9	88	95	WelChol
3	10	96	101	study
3	11	102	103	(
3	12	104	109	GLOWS
3	13	110	111	)
3	14	112	113	:
3	15	114	115	a
3	16	116	126	randomized
3	17	127	128	,
3	18	129	135	double
3	19	136	137	-
3	20	138	143	blind
3	21	144	145	,
3	22	146	153	placebo
3	23	154	155	-
3	24	156	166	controlled
3	25	167	172	pilot
3	26	173	178	study
3	27	179	189	evaluating
3	28	190	193	the
3	29	194	200	effect
3	30	201	203	of
3	31	204	215	colesevelam
3	32	216	229	hydrochloride
3	33	230	232	on
3	34	233	241	glycemic
3	35	242	249	control
3	36	250	252	in
3	37	253	261	subjects
3	38	262	266	with
3	39	267	271	type
3	40	272	273	2
3	41	274	282	diabetes
3	42	283	284	.
#Text=Zieve FJ(1), Kalin MF, Schwartz SL, Jones MR, Bailey WL.
4	1	285	290	Zieve
4	2	291	293	FJ
4	3	294	295	(
4	4	296	297	1
4	5	298	299	)
4	6	300	301	,
4	7	302	307	Kalin
4	8	308	310	MF
4	9	311	312	,
4	10	313	321	Schwartz
4	11	322	324	SL
4	12	325	326	,
4	13	327	332	Jones
4	14	333	335	MR
4	15	336	337	,
4	16	338	344	Bailey
4	17	345	347	WL
4	18	348	349	.
#Text=Author information:  (1)The Hunter Holmes McGuire VA Medical Center, Richmond, Virginia 23249, USA.
5	1	350	356	Author
5	2	357	368	information
5	3	369	370	:
5	4	371	372	(
5	5	373	374	1
5	6	375	376	)
5	7	377	380	The
5	8	381	387	Hunter
5	9	388	394	Holmes
5	10	395	402	McGuire
5	11	403	405	VA
5	12	406	413	Medical
5	13	414	420	Center
5	14	421	422	,
5	15	423	431	Richmond
5	16	432	433	,
5	17	434	442	Virginia
5	18	443	448	23249
5	19	449	450	,
5	20	451	454	USA
5	21	455	456	.
#Text=frank@vadiabetes.org  OBJECTIVE: This study evaluated the glycosylated hemoglobin (HbA(1c)-lowering effect of colesevelam hydrochloride, a bile acid sequestrant, in subjects with type 2 diabetes that was inadequately controlled by existing antihyperglycemic therapy.
6	1	457	462	frank
6	2	463	464	@
6	3	465	475	vadiabetes
6	4	476	477	.
6	5	478	481	org
6	6	482	491	OBJECTIVE
6	7	492	493	:
6	8	494	498	This
6	9	499	504	study
6	10	505	514	evaluated
6	11	515	518	the
6	12	519	531	glycosylated
6	13	532	542	hemoglobin
6	14	543	544	(
6	15	545	548	HbA
6	16	549	550	(
6	17	551	553	1c
6	18	554	555	)
6	19	556	557	-
6	20	558	566	lowering
6	21	567	573	effect
6	22	574	576	of
6	23	577	588	colesevelam
6	24	589	602	hydrochloride
6	25	603	604	,
6	26	605	606	a
6	27	607	611	bile
6	28	612	616	acid
6	29	617	628	sequestrant
6	30	629	630	,
6	31	631	633	in
6	32	634	642	subjects
6	33	643	647	with
6	34	648	652	type
6	35	653	654	2
6	36	655	663	diabetes
6	37	664	668	that
6	38	669	672	was
6	39	673	685	inadequately
6	40	686	696	controlled
6	41	697	699	by
6	42	700	708	existing
6	43	709	726	antihyperglycemic
6	44	727	734	therapy
6	45	735	736	.
#Text=METHODS: After a 4-week placebo run-in period, subjects with type 2 diabetes and  an HbA(1c) value of 7.0% to 10.0% were randomized to receive colesevelam 3.75 g/d or matching placebo for 12 weeks.
7	1	737	744	METHODS
7	2	745	746	:
7	3	747	752	After
7	4	753	754	a
7	5	755	756	4
7	6	757	758	-
7	7	759	763	week
7	8	764	771	placebo
7	9	772	775	run
7	10	776	777	-
7	11	778	780	in
7	12	781	787	period
7	13	788	789	,
7	14	790	798	subjects
7	15	799	803	with
7	16	804	808	type
7	17	809	810	2
7	18	811	819	diabetes
7	19	820	823	and
7	20	824	826	an
7	21	827	830	HbA
7	22	831	832	(
7	23	833	835	1c
7	24	836	837	)
7	25	838	843	value
7	26	844	846	of
7	27	847	848	7
7	28	849	850	.
7	29	851	852	0
7	30	853	854	%
7	31	855	857	to
7	32	858	860	10
7	33	861	862	.
7	34	863	864	0
7	35	865	866	%
7	36	867	871	were
7	37	872	882	randomized
7	38	883	885	to
7	39	886	893	receive
7	40	894	905	colesevelam
7	41	906	907	3
7	42	908	909	.
7	43	910	912	75
7	44	913	914	g
7	45	915	916	/
7	46	917	918	d
7	47	919	921	or
7	48	922	930	matching
7	49	931	938	placebo
7	50	939	942	for
7	51	943	945	12
7	52	946	951	weeks
7	53	952	953	.
#Text=Subjects' previous oral anti hyperglycemic medication (sulfonylurea and/or metformin) was continued throughout the study.
8	1	954	962	Subjects
8	2	963	964	'
8	3	965	973	previous
8	4	974	978	oral
8	5	979	983	anti
8	6	984	997	hyperglycemic
8	7	998	1008	medication
8	8	1009	1010	(
8	9	1011	1023	sulfonylurea
8	10	1024	1027	and
8	11	1028	1029	/
8	12	1030	1032	or
8	13	1033	1042	metformin
8	14	1043	1044	)
8	15	1045	1048	was
8	16	1049	1058	continued
8	17	1059	1069	throughout
8	18	1070	1073	the
8	19	1074	1079	study
8	20	1080	1081	.
#Text=Fasting blood samples were obtained at weeks -5, -1, 0, 1, 4, 8, and 12.
9	1	1082	1089	Fasting
9	2	1090	1095	blood
9	3	1096	1103	samples
9	4	1104	1108	were
9	5	1109	1117	obtained
9	6	1118	1120	at
9	7	1121	1126	weeks
9	8	1127	1128	-
9	9	1129	1130	5
9	10	1131	1132	,
9	11	1133	1134	-
9	12	1135	1136	1
9	13	1137	1138	,
9	14	1139	1140	0
9	15	1141	1142	,
9	16	1143	1144	1
9	17	1145	1146	,
9	18	1147	1148	4
9	19	1149	1150	,
9	20	1151	1152	8
9	21	1153	1154	,
9	22	1155	1158	and
9	23	1159	1161	12
9	24	1162	1163	.
#Text=The primary efficacy end point was the change in HbA(1c) from baseline to week 12.
10	1	1164	1167	The
10	2	1168	1175	primary
10	3	1176	1184	efficacy
10	4	1185	1188	end
10	5	1189	1194	point
10	6	1195	1198	was
10	7	1199	1202	the
10	8	1203	1209	change
10	9	1210	1212	in
10	10	1213	1216	HbA
10	11	1217	1218	(
10	12	1219	1221	1c
10	13	1222	1223	)
10	14	1224	1228	from
10	15	1229	1237	baseline
10	16	1238	1240	to
10	17	1241	1245	week
10	18	1246	1248	12
10	19	1249	1250	.
#Text=Secondary end points included changes in fructosamine levels, fasting plasma glucose levels, postprandial glucose level, and meal glucose response (ie, difference between preprandial and postprandial levels), and percent changes in lipid parameters from baseline to week 12.
11	1	1251	1260	Secondary
11	2	1261	1264	end
11	3	1265	1271	points
11	4	1272	1280	included
11	5	1281	1288	changes
11	6	1289	1291	in
11	7	1292	1304	fructosamine
11	8	1305	1311	levels
11	9	1312	1313	,
11	10	1314	1321	fasting
11	11	1322	1328	plasma
11	12	1329	1336	glucose
11	13	1337	1343	levels
11	14	1344	1345	,
11	15	1346	1358	postprandial
11	16	1359	1366	glucose
11	17	1367	1372	level
11	18	1373	1374	,
11	19	1375	1378	and
11	20	1379	1383	meal
11	21	1384	1391	glucose
11	22	1392	1400	response
11	23	1401	1402	(
11	24	1403	1405	ie
11	25	1406	1407	,
11	26	1408	1418	difference
11	27	1419	1426	between
11	28	1427	1438	preprandial
11	29	1439	1442	and
11	30	1443	1455	postprandial
11	31	1456	1462	levels
11	32	1463	1464	)
11	33	1465	1466	,
11	34	1467	1470	and
11	35	1471	1478	percent
11	36	1479	1486	changes
11	37	1487	1489	in
11	38	1490	1495	lipid
11	39	1496	1506	parameters
11	40	1507	1511	from
11	41	1512	1520	baseline
11	42	1521	1523	to
11	43	1524	1528	week
11	44	1529	1531	12
11	45	1532	1533	.
#Text=RESULTS: The 65 randomized subjects (31 colesevelam, 34 placebo) had a mean age of 56.2 years and a mean body mass index of 32.4 kg/m(2); 55.4% were male and 53.8% were white.
12	1	1534	1541	RESULTS
12	2	1542	1543	:
12	3	1544	1547	The
12	4	1548	1550	65
12	5	1551	1561	randomized
12	6	1562	1570	subjects
12	7	1571	1572	(
12	8	1573	1575	31
12	9	1576	1587	colesevelam
12	10	1588	1589	,
12	11	1590	1592	34
12	12	1593	1600	placebo
12	13	1601	1602	)
12	14	1603	1606	had
12	15	1607	1608	a
12	16	1609	1613	mean
12	17	1614	1617	age
12	18	1618	1620	of
12	19	1621	1623	56
12	20	1624	1625	.
12	21	1626	1627	2
12	22	1628	1633	years
12	23	1634	1637	and
12	24	1638	1639	a
12	25	1640	1644	mean
12	26	1645	1649	body
12	27	1650	1654	mass
12	28	1655	1660	index
12	29	1661	1663	of
12	30	1664	1666	32
12	31	1667	1668	.
12	32	1669	1670	4
12	33	1671	1673	kg
12	34	1674	1675	/
12	35	1676	1677	m
12	36	1678	1679	(
12	37	1680	1681	2
12	38	1682	1683	)
12	39	1684	1685	;
12	40	1686	1688	55
12	41	1689	1690	.
12	42	1691	1692	4
12	43	1693	1694	%
12	44	1695	1699	were
12	45	1700	1704	male
12	46	1705	1708	and
12	47	1709	1711	53
12	48	1712	1713	.
12	49	1714	1715	8
12	50	1716	1717	%
12	51	1718	1722	were
12	52	1723	1728	white
12	53	1729	1730	.
#Text=The difference in least squares (LS) mean (SE) change in HbA(1c) between the colesevelam group and the placebo group was -0.5% (0.18) (P = 0.007).
13	1	1731	1734	The
13	2	1735	1745	difference
13	3	1746	1748	in
13	4	1749	1754	least
13	5	1755	1762	squares
13	6	1763	1764	(
13	7	1765	1767	LS
13	8	1768	1769	)
13	9	1770	1774	mean
13	10	1775	1776	(
13	11	1777	1779	SE
13	12	1780	1781	)
13	13	1782	1788	change
13	14	1789	1791	in
13	15	1792	1795	HbA
13	16	1796	1797	(
13	17	1798	1800	1c
13	18	1801	1802	)
13	19	1803	1810	between
13	20	1811	1814	the
13	21	1815	1826	colesevelam
13	22	1827	1832	group
13	23	1833	1836	and
13	24	1837	1840	the
13	25	1841	1848	placebo
13	26	1849	1854	group
13	27	1855	1858	was
13	28	1859	1860	-
13	29	1861	1862	0
13	30	1863	1864	.
13	31	1865	1866	5
13	32	1867	1868	%
13	33	1869	1870	(
13	34	1871	1872	0
13	35	1873	1874	.
13	36	1875	1877	18
13	37	1878	1879	)
13	38	1880	1881	(
13	39	1882	1883	P
13	40	1884	1885	=
13	41	1886	1887	0
13	42	1888	1889	.
13	43	1890	1893	007
13	44	1894	1895	)
13	45	1896	1897	.
#Text=In subjects with a baseline HbAIc > or = 8.0%, the difference in LS mean  change in HbA(1c) was -1.0% (0.27) (P = 0.002).
14	1	1898	1900	In
14	2	1901	1909	subjects
14	3	1910	1914	with
14	4	1915	1916	a
14	5	1917	1925	baseline
14	6	1926	1931	HbAIc
14	7	1932	1933	>
14	8	1934	1936	or
14	9	1937	1938	=
14	10	1939	1940	8
14	11	1941	1942	.
14	12	1943	1944	0
14	13	1945	1946	%
14	14	1947	1948	,
14	15	1949	1952	the
14	16	1953	1963	difference
14	17	1964	1966	in
14	18	1967	1969	LS
14	19	1970	1974	mean
14	20	1975	1981	change
14	21	1982	1984	in
14	22	1985	1988	HbA
14	23	1989	1990	(
14	24	1991	1993	1c
14	25	1994	1995	)
14	26	1996	1999	was
14	27	2000	2001	-
14	28	2002	2003	1
14	29	2004	2005	.
14	30	2006	2007	0
14	31	2008	2009	%
14	32	2010	2011	(
14	33	2012	2013	0
14	34	2014	2015	.
14	35	2016	2018	27
14	36	2019	2020	)
14	37	2021	2022	(
14	38	2023	2024	P
14	39	2025	2026	=
14	40	2027	2028	0
14	41	2029	2030	.
14	42	2031	2034	002
14	43	2035	2036	)
14	44	2037	2038	.
#Text=Relative to placebo, colesevelam  treatment was associated with reductions in levels of fructosamine (-29.0 [10.9]  pmol/L; P = 0.011) and postprandial glucose (-31.5 [13.6] mg/dL; P = 0.026).
15	1	2039	2047	Relative
15	2	2048	2050	to
15	3	2051	2058	placebo
15	4	2059	2060	,
15	5	2061	2072	colesevelam
15	6	2073	2082	treatment
15	7	2083	2086	was
15	8	2087	2097	associated
15	9	2098	2102	with
15	10	2103	2113	reductions
15	11	2114	2116	in
15	12	2117	2123	levels
15	13	2124	2126	of
15	14	2127	2139	fructosamine
15	15	2140	2141	(
15	16	2142	2143	-
15	17	2144	2146	29
15	18	2147	2148	.
15	19	2149	2150	0
15	20	2151	2152	[
15	21	2153	2155	10
15	22	2156	2157	.
15	23	2158	2159	9
15	24	2160	2161	]
15	25	2162	2166	pmol
15	26	2167	2168	/
15	27	2169	2170	L
15	28	2171	2172	;
15	29	2173	2174	P
15	30	2175	2176	=
15	31	2177	2178	0
15	32	2179	2180	.
15	33	2181	2184	011
15	34	2185	2186	)
15	35	2187	2190	and
15	36	2191	2203	postprandial
15	37	2204	2211	glucose
15	38	2212	2213	(
15	39	2214	2215	-
15	40	2216	2218	31
15	41	2219	2220	.
15	42	2221	2222	5
15	43	2223	2224	[
15	44	2225	2227	13
15	45	2228	2229	.
15	46	2230	2231	6
15	47	2232	2233	]
15	48	2234	2236	mg
15	49	2237	2238	/
15	50	2239	2241	dL
15	51	2242	2243	;
15	52	2244	2245	P
15	53	2246	2247	=
15	54	2248	2249	0
15	55	2250	2251	.
15	56	2252	2255	026
15	57	2256	2257	)
15	58	2258	2259	.
#Text=The  mean percent change in low-density lipoprotein cholesterol was -9.6% in the colesevelam group, compared with 2.1% in the placebo group (treatment difference, -11.7% [4.2]; P = 0.007); the respective mean percent changes in total cholesterol were -4.0% and 3.4% (treatment difference, -7.3% [3.0]; P = 0.019).
16	1	2260	2263	The
16	2	2264	2268	mean
16	3	2269	2276	percent
16	4	2277	2283	change
16	5	2284	2286	in
16	6	2287	2290	low
16	7	2291	2292	-
16	8	2293	2300	density
16	9	2301	2312	lipoprotein
16	10	2313	2324	cholesterol
16	11	2325	2328	was
16	12	2329	2330	-
16	13	2331	2332	9
16	14	2333	2334	.
16	15	2335	2336	6
16	16	2337	2338	%
16	17	2339	2341	in
16	18	2342	2345	the
16	19	2346	2357	colesevelam
16	20	2358	2363	group
16	21	2364	2365	,
16	22	2366	2374	compared
16	23	2375	2379	with
16	24	2380	2381	2
16	25	2382	2383	.
16	26	2384	2385	1
16	27	2386	2387	%
16	28	2388	2390	in
16	29	2391	2394	the
16	30	2395	2402	placebo
16	31	2403	2408	group
16	32	2409	2410	(
16	33	2411	2420	treatment
16	34	2421	2431	difference
16	35	2432	2433	,
16	36	2434	2435	-
16	37	2436	2438	11
16	38	2439	2440	.
16	39	2441	2442	7
16	40	2443	2444	%
16	41	2445	2446	[
16	42	2447	2448	4
16	43	2449	2450	.
16	44	2451	2452	2
16	45	2453	2454	]
16	46	2455	2456	;
16	47	2457	2458	P
16	48	2459	2460	=
16	49	2461	2462	0
16	50	2463	2464	.
16	51	2465	2468	007
16	52	2469	2470	)
16	53	2471	2472	;
16	54	2473	2476	the
16	55	2477	2487	respective
16	56	2488	2492	mean
16	57	2493	2500	percent
16	58	2501	2508	changes
16	59	2509	2511	in
16	60	2512	2517	total
16	61	2518	2529	cholesterol
16	62	2530	2534	were
16	63	2535	2536	-
16	64	2537	2538	4
16	65	2539	2540	.
16	66	2541	2542	0
16	67	2543	2544	%
16	68	2545	2548	and
16	69	2549	2550	3
16	70	2551	2552	.
16	71	2553	2554	4
16	72	2555	2556	%
16	73	2557	2558	(
16	74	2559	2568	treatment
16	75	2569	2579	difference
16	76	2580	2581	,
16	77	2582	2583	-
16	78	2584	2585	7
16	79	2586	2587	.
16	80	2588	2589	3
16	81	2590	2591	%
16	82	2592	2593	[
16	83	2594	2595	3
16	84	2596	2597	.
16	85	2598	2599	0
16	86	2600	2601	]
16	87	2602	2603	;
16	88	2604	2605	P
16	89	2606	2607	=
16	90	2608	2609	0
16	91	2610	2611	.
16	92	2612	2615	019
16	93	2616	2617	)
16	94	2618	2619	.
#Text=Colesevelam also was associated with significant decreases in the percent change  in apolipoprotein B (P = 0.003) and low-density lipoprotein particle concentration (P = 0.037).
17	1	2620	2631	Colesevelam
17	2	2632	2636	also
17	3	2637	2640	was
17	4	2641	2651	associated
17	5	2652	2656	with
17	6	2657	2668	significant
17	7	2669	2678	decreases
17	8	2679	2681	in
17	9	2682	2685	the
17	10	2686	2693	percent
17	11	2694	2700	change
17	12	2701	2703	in
17	13	2704	2718	apolipoprotein
17	14	2719	2720	B
17	15	2721	2722	(
17	16	2723	2724	P
17	17	2725	2726	=
17	18	2727	2728	0
17	19	2729	2730	.
17	20	2731	2734	003
17	21	2735	2736	)
17	22	2737	2740	and
17	23	2741	2744	low
17	24	2745	2746	-
17	25	2747	2754	density
17	26	2755	2766	lipoprotein
17	27	2767	2775	particle
17	28	2776	2789	concentration
17	29	2790	2791	(
17	30	2792	2793	P
17	31	2794	2795	=
17	32	2796	2797	0
17	33	2798	2799	.
17	34	2800	2803	037
17	35	2804	2805	)
17	36	2806	2807	.
#Text=The incidence of treatment-emergent adverse events (TEAEs) was similar in both groups, although treatment-related adverse events were more frequent in the colesevelam group than in the placebo group (29.0% vs 8.8%, respectively).
18	1	2808	2811	The
18	2	2812	2821	incidence
18	3	2822	2824	of
18	4	2825	2834	treatment
18	5	2835	2836	-
18	6	2837	2845	emergent
18	7	2846	2853	adverse
18	8	2854	2860	events
18	9	2861	2862	(
18	10	2863	2868	TEAEs
18	11	2869	2870	)
18	12	2871	2874	was
18	13	2875	2882	similar
18	14	2883	2885	in
18	15	2886	2890	both
18	16	2891	2897	groups
18	17	2898	2899	,
18	18	2900	2908	although
18	19	2909	2918	treatment
18	20	2919	2920	-
18	21	2921	2928	related
18	22	2929	2936	adverse
18	23	2937	2943	events
18	24	2944	2948	were
18	25	2949	2953	more
18	26	2954	2962	frequent
18	27	2963	2965	in
18	28	2966	2969	the
18	29	2970	2981	colesevelam
18	30	2982	2987	group
18	31	2988	2992	than
18	32	2993	2995	in
18	33	2996	2999	the
18	34	3000	3007	placebo
18	35	3008	3013	group
18	36	3014	3015	(
18	37	3016	3018	29
18	38	3019	3020	.
18	39	3021	3022	0
18	40	3023	3024	%
18	41	3025	3027	vs
18	42	3028	3029	8
18	43	3030	3031	.
18	44	3032	3033	8
18	45	3034	3035	%
18	46	3036	3037	,
18	47	3038	3050	respectively
18	48	3051	3052	)
18	49	3053	3054	.
#Text=The most frequent TEAEs in the colesevelam group were gastrointestinal disorders (22.6%), primarily constipation (19.4%), compared with an 8.8% incidence of gastrointestinal disorders (0% constipation) in the placebo  group.
19	1	3055	3058	The
19	2	3059	3063	most
19	3	3064	3072	frequent
19	4	3073	3078	TEAEs
19	5	3079	3081	in
19	6	3082	3085	the
19	7	3086	3097	colesevelam
19	8	3098	3103	group
19	9	3104	3108	were
19	10	3109	3125	gastrointestinal
19	11	3126	3135	disorders
19	12	3136	3137	(
19	13	3138	3140	22
19	14	3141	3142	.
19	15	3143	3144	6
19	16	3145	3146	%
19	17	3147	3148	)
19	18	3149	3150	,
19	19	3151	3160	primarily
19	20	3161	3173	constipation
19	21	3174	3175	(
19	22	3176	3178	19
19	23	3179	3180	.
19	24	3181	3182	4
19	25	3183	3184	%
19	26	3185	3186	)
19	27	3187	3188	,
19	28	3189	3197	compared
19	29	3198	3202	with
19	30	3203	3205	an
19	31	3206	3207	8
19	32	3208	3209	.
19	33	3210	3211	8
19	34	3212	3213	%
19	35	3214	3223	incidence
19	36	3224	3226	of
19	37	3227	3243	gastrointestinal
19	38	3244	3253	disorders
19	39	3254	3255	(
19	40	3256	3257	0
19	41	3258	3259	%
19	42	3260	3272	constipation
19	43	3273	3274	)
19	44	3275	3277	in
19	45	3278	3281	the
19	46	3282	3289	placebo
19	47	3290	3295	group
19	48	3296	3297	.
#Text=There were no significant changes in body weight or the occurrence of hypoglycemia between treatment groups.
20	1	3298	3303	There
20	2	3304	3308	were
20	3	3309	3311	no
20	4	3312	3323	significant
20	5	3324	3331	changes
20	6	3332	3334	in
20	7	3335	3339	body
20	8	3340	3346	weight
20	9	3347	3349	or
20	10	3350	3353	the
20	11	3354	3364	occurrence
20	12	3365	3367	of
20	13	3368	3380	hypoglycemia
20	14	3381	3388	between
20	15	3389	3398	treatment
20	16	3399	3405	groups
20	17	3406	3407	.
#Text=CONCLUSIONS: In these subjects with type 2 diabetes, 12 weeks of colesevelam treatment were associated with significant reductions in HbA(1c) and in fructosamine and postprandial glucose levels compared with placebo.
21	1	3408	3419	CONCLUSIONS
21	2	3420	3421	:
21	3	3422	3424	In
21	4	3425	3430	these
21	5	3431	3439	subjects
21	6	3440	3444	with
21	7	3445	3449	type
21	8	3450	3451	2
21	9	3452	3460	diabetes
21	10	3461	3462	,
21	11	3463	3465	12
21	12	3466	3471	weeks
21	13	3472	3474	of
21	14	3475	3486	colesevelam
21	15	3487	3496	treatment
21	16	3497	3501	were
21	17	3502	3512	associated
21	18	3513	3517	with
21	19	3518	3529	significant
21	20	3530	3540	reductions
21	21	3541	3543	in
21	22	3544	3547	HbA
21	23	3548	3549	(
21	24	3550	3552	1c
21	25	3553	3554	)
21	26	3555	3558	and
21	27	3559	3561	in
21	28	3562	3574	fructosamine
21	29	3575	3578	and
21	30	3579	3591	postprandial
21	31	3592	3599	glucose
21	32	3600	3606	levels
21	33	3607	3615	compared
21	34	3616	3620	with
21	35	3621	3628	placebo
21	36	3629	3630	.
#Text=The 2 groups  had a similar adverse-event profile, with the exception of an increased incidence of constipation in the colesevelam group.
22	1	3631	3634	The
22	2	3635	3636	2
22	3	3637	3643	groups
22	4	3644	3647	had
22	5	3648	3649	a
22	6	3650	3657	similar
22	7	3658	3665	adverse
22	8	3666	3667	-
22	9	3668	3673	event
22	10	3674	3681	profile
22	11	3682	3683	,
22	12	3684	3688	with
22	13	3689	3692	the
22	14	3693	3702	exception
22	15	3703	3705	of
22	16	3706	3708	an
22	17	3709	3718	increased
22	18	3719	3728	incidence
22	19	3729	3731	of
22	20	3732	3744	constipation
22	21	3745	3747	in
22	22	3748	3751	the
22	23	3752	3763	colesevelam
22	24	3764	3769	group
22	25	3770	3771	.
#Text=These results suggest that colesevelam  may improve both lipid control and glycemic control in patients with type 2 diabetes receiving oral antihyperglycemic medications.
23	1	3772	3777	These
23	2	3778	3785	results
23	3	3786	3793	suggest
23	4	3794	3798	that
23	5	3799	3810	colesevelam
23	6	3811	3814	may
23	7	3815	3822	improve
23	8	3823	3827	both
23	9	3828	3833	lipid
23	10	3834	3841	control
23	11	3842	3845	and
23	12	3846	3854	glycemic
23	13	3855	3862	control
23	14	3863	3865	in
23	15	3866	3874	patients
23	16	3875	3879	with
23	17	3880	3884	type
23	18	3885	3886	2
23	19	3887	3895	diabetes
23	20	3896	3905	receiving
23	21	3906	3910	oral
23	22	3911	3928	antihyperglycemic
23	23	3929	3940	medications
23	24	3941	3942	.
#Text=DOI: 10.1016/j.clinthera.2007.01.003  PMID: 17379048  [Indexed for MEDLINE]
24	1	3943	3946	DOI
24	2	3947	3948	:
24	3	3949	3951	10
24	4	3952	3953	.
24	5	3954	3958	1016
24	6	3959	3960	/
24	7	3961	3962	j
24	8	3963	3964	.
24	9	3965	3974	clinthera
24	10	3975	3976	.
24	11	3977	3981	2007
24	12	3982	3983	.
24	13	3984	3986	01
24	14	3987	3988	.
24	15	3989	3992	003
24	16	3993	3997	PMID
24	17	3998	3999	:
24	18	4000	4008	17379048
24	19	4009	4010	[
24	20	4011	4018	Indexed
24	21	4019	4022	for
24	22	4023	4030	MEDLINE
24	23	4031	4032	]
