#Text=Srp Arh Celok Lek.
1	1	0	3	Srp
1	2	4	7	Arh
1	3	8	13	Celok
1	4	14	17	Lek
1	5	18	19	.
#Text=2007 Jul-Aug;135(7-8):447-52.
2	1	20	24	2007
2	2	25	28	Jul
2	3	29	30	-
2	4	31	34	Aug
2	5	35	36	;
2	6	37	40	135
2	7	41	42	(
2	8	43	44	7
2	9	45	46	-
2	10	47	48	8
2	11	49	50	)
2	12	51	52	:
2	13	53	56	447
2	14	57	58	-
2	15	59	61	52
2	16	62	63	.
#Text=[The effect of metformin on fasting and postprandial insulin secretion in obese patients with diabetes mellitus type 2].
3	1	64	65	[
3	2	66	69	The
3	3	70	76	effect
3	4	77	79	of
3	5	80	89	metformin
3	6	90	92	on
3	7	93	100	fasting
3	8	101	104	and
3	9	105	117	postprandial
3	10	118	125	insulin
3	11	126	135	secretion
3	12	136	138	in
3	13	139	144	obese
3	14	145	153	patients
3	15	154	158	with
3	16	159	167	diabetes
3	17	168	176	mellitus
3	18	177	181	type
3	19	182	183	2
3	20	184	185	]
3	21	186	187	.
#Text=[Article in Serbian]  Vuković M, Lapcević M, Kalezić N, Gvozdenović BS.
4	1	188	189	[
4	2	190	197	Article
4	3	198	200	in
4	4	201	208	Serbian
4	5	209	210	]
4	6	211	217	Vukovi
4	7	218	219	ć
4	8	220	221	M
4	9	222	223	,
4	10	224	231	Lapcevi
4	11	232	233	ć
4	12	234	235	M
4	13	236	237	,
4	14	238	244	Kalezi
4	15	245	246	ć
4	16	247	248	N
4	17	249	250	,
4	18	251	261	Gvozdenovi
4	19	262	263	ć
4	20	264	266	BS
4	21	267	268	.
#Text=INTRODUCTION: The main causes of reduced glucose levels during metformin therapy  appear to be an increase in insulin action in peripheral tissues and reduced hepatic glucose output due to inhibition gluconeogenesis.
5	1	269	281	INTRODUCTION
5	2	282	283	:
5	3	284	287	The
5	4	288	292	main
5	5	293	299	causes
5	6	300	302	of
5	7	303	310	reduced
5	8	311	318	glucose
5	9	319	325	levels
5	10	326	332	during
5	11	333	342	metformin
5	12	343	350	therapy
5	13	351	357	appear
5	14	358	360	to
5	15	361	363	be
5	16	364	366	an
5	17	367	375	increase
5	18	376	378	in
5	19	379	386	insulin
5	20	387	393	action
5	21	394	396	in
5	22	397	407	peripheral
5	23	408	415	tissues
5	24	416	419	and
5	25	420	427	reduced
5	26	428	435	hepatic
5	27	436	443	glucose
5	28	444	450	output
5	29	451	454	due
5	30	455	457	to
5	31	458	468	inhibition
5	32	469	484	gluconeogenesis
5	33	485	486	.
#Text=OBJECTIVE: The purpose of the study was to establish the effect of metformin on fasting and postprandial insulin secretion.
6	1	487	496	OBJECTIVE
6	2	497	498	:
6	3	499	502	The
6	4	503	510	purpose
6	5	511	513	of
6	6	514	517	the
6	7	518	523	study
6	8	524	527	was
6	9	528	530	to
6	10	531	540	establish
6	11	541	544	the
6	12	545	551	effect
6	13	552	554	of
6	14	555	564	metformin
6	15	565	567	on
6	16	568	575	fasting
6	17	576	579	and
6	18	580	592	postprandial
6	19	593	600	insulin
6	20	601	610	secretion
6	21	611	612	.
#Text=METHOD: The study carried out was double blind, controlled, comparative, randomized, multicentric, including two groups of out-patient department (OPD) patients.
7	1	613	619	METHOD
7	2	620	621	:
7	3	622	625	The
7	4	626	631	study
7	5	632	639	carried
7	6	640	643	out
7	7	644	647	was
7	8	648	654	double
7	9	655	660	blind
7	10	661	662	,
7	11	663	673	controlled
7	12	674	675	,
7	13	676	687	comparative
7	14	688	689	,
7	15	690	700	randomized
7	16	701	702	,
7	17	703	715	multicentric
7	18	716	717	,
7	19	718	727	including
7	20	728	731	two
7	21	732	738	groups
7	22	739	741	of
7	23	742	745	out
7	24	746	747	-
7	25	748	755	patient
7	26	756	766	department
7	27	767	768	(
7	28	769	772	OPD
7	29	773	774	)
7	30	775	783	patients
7	31	784	785	.
#Text=43 patients were administered metformin (Tefor ICN Canada), and 46 patients were given placebo.
8	1	786	788	43
8	2	789	797	patients
8	3	798	802	were
8	4	803	815	administered
8	5	816	825	metformin
8	6	826	827	(
8	7	828	833	Tefor
8	8	834	837	ICN
8	9	838	844	Canada
8	10	845	846	)
8	11	847	848	,
8	12	849	852	and
8	13	853	855	46
8	14	856	864	patients
8	15	865	869	were
8	16	870	875	given
8	17	876	883	placebo
8	18	884	885	.
#Text=Patients enrolled in the study were newly diagnosed  with diabetes mellitus (DM) type 2, glycaemia < 12 mmol/l, and had the Body Mass  Index (BMI) > 30 kg/m2.
9	1	886	894	Patients
9	2	895	903	enrolled
9	3	904	906	in
9	4	907	910	the
9	5	911	916	study
9	6	917	921	were
9	7	922	927	newly
9	8	928	937	diagnosed
9	9	938	942	with
9	10	943	951	diabetes
9	11	952	960	mellitus
9	12	961	962	(
9	13	963	965	DM
9	14	966	967	)
9	15	968	972	type
9	16	973	974	2
9	17	975	976	,
9	18	977	986	glycaemia
9	19	987	988	<
9	20	989	991	12
9	21	992	996	mmol
9	22	997	998	/
9	23	999	1000	l
9	24	1001	1002	,
9	25	1003	1006	and
9	26	1007	1010	had
9	27	1011	1014	the
9	28	1015	1019	Body
9	29	1020	1024	Mass
9	30	1025	1030	Index
9	31	1031	1032	(
9	32	1033	1036	BMI
9	33	1037	1038	)
9	34	1039	1040	>
9	35	1041	1043	30
9	36	1044	1046	kg
9	37	1047	1048	/
9	38	1049	1051	m2
9	39	1052	1053	.
#Text=Before treatment, blood biochemistry was done: fasting and postprandial glycaemia, glycosylated haemoglobin (HbA1c) value, fasting and postprandial insulinaemia, blood lipids (total cholesterol, total triglycerides,  HDL cholesterol, and LDL cholesterol), and gamma glutaryl transferase (GGT) level.
10	1	1054	1060	Before
10	2	1061	1070	treatment
10	3	1071	1072	,
10	4	1073	1078	blood
10	5	1079	1091	biochemistry
10	6	1092	1095	was
10	7	1096	1100	done
10	8	1101	1102	:
10	9	1103	1110	fasting
10	10	1111	1114	and
10	11	1115	1127	postprandial
10	12	1128	1137	glycaemia
10	13	1138	1139	,
10	14	1140	1152	glycosylated
10	15	1153	1164	haemoglobin
10	16	1165	1166	(
10	17	1167	1172	HbA1c
10	18	1173	1174	)
10	19	1175	1180	value
10	20	1181	1182	,
10	21	1183	1190	fasting
10	22	1191	1194	and
10	23	1195	1207	postprandial
10	24	1208	1220	insulinaemia
10	25	1221	1222	,
10	26	1223	1228	blood
10	27	1229	1235	lipids
10	28	1236	1237	(
10	29	1238	1243	total
10	30	1244	1255	cholesterol
10	31	1256	1257	,
10	32	1258	1263	total
10	33	1264	1277	triglycerides
10	34	1278	1279	,
10	35	1280	1283	HDL
10	36	1284	1295	cholesterol
10	37	1296	1297	,
10	38	1298	1301	and
10	39	1302	1305	LDL
10	40	1306	1317	cholesterol
10	41	1318	1319	)
10	42	1320	1321	,
10	43	1322	1325	and
10	44	1326	1331	gamma
10	45	1332	1340	glutaryl
10	46	1341	1352	transferase
10	47	1353	1354	(
10	48	1355	1358	GGT
10	49	1359	1360	)
10	50	1361	1366	level
10	51	1367	1368	.
#Text=BMI was also established.
11	1	1369	1372	BMI
11	2	1373	1376	was
11	3	1377	1381	also
11	4	1382	1393	established
11	5	1394	1395	.
#Text=After 42 days of treatment, fasting and postprandial insulinaemia were tested again.
12	1	1396	1401	After
12	2	1402	1404	42
12	3	1405	1409	days
12	4	1410	1412	of
12	5	1413	1422	treatment
12	6	1423	1424	,
12	7	1425	1432	fasting
12	8	1433	1436	and
12	9	1437	1449	postprandial
12	10	1450	1462	insulinaemia
12	11	1463	1467	were
12	12	1468	1474	tested
12	13	1475	1480	again
12	14	1481	1482	.
#Text=Analysis of the effects of therapy,  and identification of co-variants for fasting and postprandial insulinaemia, were done by ANOVA two way and ANCOVA method.
13	1	1483	1491	Analysis
13	2	1492	1494	of
13	3	1495	1498	the
13	4	1499	1506	effects
13	5	1507	1509	of
13	6	1510	1517	therapy
13	7	1518	1519	,
13	8	1520	1523	and
13	9	1524	1538	identification
13	10	1539	1541	of
13	11	1542	1544	co
13	12	1545	1546	-
13	13	1547	1555	variants
13	14	1556	1559	for
13	15	1560	1567	fasting
13	16	1568	1571	and
13	17	1572	1584	postprandial
13	18	1585	1597	insulinaemia
13	19	1598	1599	,
13	20	1600	1604	were
13	21	1605	1609	done
13	22	1610	1612	by
13	23	1613	1618	ANOVA
13	24	1619	1622	two
13	25	1623	1626	way
13	26	1627	1630	and
13	27	1631	1637	ANCOVA
13	28	1638	1644	method
13	29	1645	1646	.
#Text=RESULTS: It was shown that metformin accompanied by diet, as compared to placebo  accompanied by diet, lowered the fasting insulinaemia value during six weeks of therapy in obese patients with DM type 2 (24.392 mU/l vs. 25.667 mU/l), interacting both with BMI pre-therapy, and interacting with fasting insulinaemia  pre-therapy (p < 0.001).
14	1	1647	1654	RESULTS
14	2	1655	1656	:
14	3	1657	1659	It
14	4	1660	1663	was
14	5	1664	1669	shown
14	6	1670	1674	that
14	7	1675	1684	metformin
14	8	1685	1696	accompanied
14	9	1697	1699	by
14	10	1700	1704	diet
14	11	1705	1706	,
14	12	1707	1709	as
14	13	1710	1718	compared
14	14	1719	1721	to
14	15	1722	1729	placebo
14	16	1730	1741	accompanied
14	17	1742	1744	by
14	18	1745	1749	diet
14	19	1750	1751	,
14	20	1752	1759	lowered
14	21	1760	1763	the
14	22	1764	1771	fasting
14	23	1772	1784	insulinaemia
14	24	1785	1790	value
14	25	1791	1797	during
14	26	1798	1801	six
14	27	1802	1807	weeks
14	28	1808	1810	of
14	29	1811	1818	therapy
14	30	1819	1821	in
14	31	1822	1827	obese
14	32	1828	1836	patients
14	33	1837	1841	with
14	34	1842	1844	DM
14	35	1845	1849	type
14	36	1850	1851	2
14	37	1852	1853	(
14	38	1854	1856	24
14	39	1857	1858	.
14	40	1859	1862	392
14	41	1863	1865	mU
14	42	1866	1867	/
14	43	1868	1869	l
14	44	1870	1872	vs
14	45	1873	1874	.
14	46	1875	1877	25
14	47	1878	1879	.
14	48	1880	1883	667
14	49	1884	1886	mU
14	50	1887	1888	/
14	51	1889	1890	l
14	52	1891	1892	)
14	53	1893	1894	,
14	54	1895	1906	interacting
14	55	1907	1911	both
14	56	1912	1916	with
14	57	1917	1920	BMI
14	58	1921	1924	pre
14	59	1925	1926	-
14	60	1927	1934	therapy
14	61	1935	1936	,
14	62	1937	1940	and
14	63	1941	1952	interacting
14	64	1953	1957	with
14	65	1958	1965	fasting
14	66	1966	1978	insulinaemia
14	67	1979	1982	pre
14	68	1983	1984	-
14	69	1985	1992	therapy
14	70	1993	1994	(
14	71	1995	1996	p
14	72	1997	1998	<
14	73	1999	2000	0
14	74	2001	2002	.
14	75	2003	2006	001
14	76	2007	2008	)
14	77	2009	2010	.
#Text=A significant effect of the interaction of covariants BMI and GGT was defined.
15	1	2011	2012	A
15	2	2013	2024	significant
15	3	2025	2031	effect
15	4	2032	2034	of
15	5	2035	2038	the
15	6	2039	2050	interaction
15	7	2051	2053	of
15	8	2054	2064	covariants
15	9	2065	2068	BMI
15	10	2069	2072	and
15	11	2073	2076	GGT
15	12	2077	2080	was
15	13	2081	2088	defined
15	14	2089	2090	.
#Text=As for the effect of therapy on postprandial insulinaemia, it was found that there was a high statistical significance of the  effect of BMI interacting with initial values for postprandial insulinaemia before therapy, and interacting with therapy (p < 0.01).
16	1	2091	2093	As
16	2	2094	2097	for
16	3	2098	2101	the
16	4	2102	2108	effect
16	5	2109	2111	of
16	6	2112	2119	therapy
16	7	2120	2122	on
16	8	2123	2135	postprandial
16	9	2136	2148	insulinaemia
16	10	2149	2150	,
16	11	2151	2153	it
16	12	2154	2157	was
16	13	2158	2163	found
16	14	2164	2168	that
16	15	2169	2174	there
16	16	2175	2178	was
16	17	2179	2180	a
16	18	2181	2185	high
16	19	2186	2197	statistical
16	20	2198	2210	significance
16	21	2211	2213	of
16	22	2214	2217	the
16	23	2218	2224	effect
16	24	2225	2227	of
16	25	2228	2231	BMI
16	26	2232	2243	interacting
16	27	2244	2248	with
16	28	2249	2256	initial
16	29	2257	2263	values
16	30	2264	2267	for
16	31	2268	2280	postprandial
16	32	2281	2293	insulinaemia
16	33	2294	2300	before
16	34	2301	2308	therapy
16	35	2309	2310	,
16	36	2311	2314	and
16	37	2315	2326	interacting
16	38	2327	2331	with
16	39	2332	2339	therapy
16	40	2340	2341	(
16	41	2342	2343	p
16	42	2344	2345	<
16	43	2346	2347	0
16	44	2348	2349	.
16	45	2350	2352	01
16	46	2353	2354	)
16	47	2355	2356	.
#Text=Adjusted mean values for postprandial insulinaemia after therapy in the placebo group were lower as compared to the metformin group (44.807 mU/l vs. 47.114 mU/l).
17	1	2357	2365	Adjusted
17	2	2366	2370	mean
17	3	2371	2377	values
17	4	2378	2381	for
17	5	2382	2394	postprandial
17	6	2395	2407	insulinaemia
17	7	2408	2413	after
17	8	2414	2421	therapy
17	9	2422	2424	in
17	10	2425	2428	the
17	11	2429	2436	placebo
17	12	2437	2442	group
17	13	2443	2447	were
17	14	2448	2453	lower
17	15	2454	2456	as
17	16	2457	2465	compared
17	17	2466	2468	to
17	18	2469	2472	the
17	19	2473	2482	metformin
17	20	2483	2488	group
17	21	2489	2490	(
17	22	2491	2493	44
17	23	2494	2495	.
17	24	2496	2499	807
17	25	2500	2502	mU
17	26	2503	2504	/
17	27	2505	2506	l
17	28	2507	2509	vs
17	29	2510	2511	.
17	30	2512	2514	47
17	31	2515	2516	.
17	32	2517	2520	114
17	33	2521	2523	mU
17	34	2524	2525	/
17	35	2526	2527	l
17	36	2528	2529	)
17	37	2530	2531	.
#Text=CONCLUSION: It can be concluded that, as compared to place- bo, metformin is more efficient in reducing insulin resistance in obese patients with DM type 2.
18	1	2532	2542	CONCLUSION
18	2	2543	2544	:
18	3	2545	2547	It
18	4	2548	2551	can
18	5	2552	2554	be
18	6	2555	2564	concluded
18	7	2565	2569	that
18	8	2570	2571	,
18	9	2572	2574	as
18	10	2575	2583	compared
18	11	2584	2586	to
18	12	2587	2592	place
18	13	2593	2594	-
18	14	2595	2597	bo
18	15	2598	2599	,
18	16	2600	2609	metformin
18	17	2610	2612	is
18	18	2613	2617	more
18	19	2618	2627	efficient
18	20	2628	2630	in
18	21	2631	2639	reducing
18	22	2640	2647	insulin
18	23	2648	2658	resistance
18	24	2659	2661	in
18	25	2662	2667	obese
18	26	2668	2676	patients
18	27	2677	2681	with
18	28	2682	2684	DM
18	29	2685	2689	type
18	30	2690	2691	2
18	31	2692	2693	.
#Text=In addition, as compared to placebo, metformin maintains more efficient productive insulin secretion, indicating that metformin protects the pancreas from beta cell depletion.
19	1	2694	2696	In
19	2	2697	2705	addition
19	3	2706	2707	,
19	4	2708	2710	as
19	5	2711	2719	compared
19	6	2720	2722	to
19	7	2723	2730	placebo
19	8	2731	2732	,
19	9	2733	2742	metformin
19	10	2743	2752	maintains
19	11	2753	2757	more
19	12	2758	2767	efficient
19	13	2768	2778	productive
19	14	2779	2786	insulin
19	15	2787	2796	secretion
19	16	2797	2798	,
19	17	2799	2809	indicating
19	18	2810	2814	that
19	19	2815	2824	metformin
19	20	2825	2833	protects
19	21	2834	2837	the
19	22	2838	2846	pancreas
19	23	2847	2851	from
19	24	2852	2856	beta
19	25	2857	2861	cell
19	26	2862	2871	depletion
19	27	2872	2873	.
#Text=PMID: 17929538  [Indexed for MEDLINE]
20	1	2874	2878	PMID
20	2	2879	2880	:
20	3	2881	2889	17929538
20	4	2890	2891	[
20	5	2892	2899	Indexed
20	6	2900	2903	for
20	7	2904	2911	MEDLINE
20	8	2912	2913	]
