#Text=Diabetes Obes Metab.
1	1	0	8	Diabetes
1	2	9	13	Obes
1	3	14	19	Metab
1	4	20	21	.
#Text=2017 Dec;19(12):1669-1680. doi: 10.1111/dom.12985.
2	1	22	26	2017
2	2	27	30	Dec
2	3	31	32	;
2	4	33	35	19
2	5	36	37	(
2	6	38	40	12
2	7	41	42	)
2	8	43	44	:
2	9	45	49	1669
2	10	50	51	-
2	11	52	56	1680
2	12	57	58	.
2	13	59	62	doi
2	14	63	64	:
2	15	65	67	10
2	16	68	69	.
2	17	70	74	1111
2	18	75	76	/
2	19	77	80	dom
2	20	81	82	.
2	21	83	88	12985
2	22	89	90	.
#Text=Epub 2017 Jul 25.
3	1	91	95	Epub
3	2	96	100	2017
3	3	101	104	Jul
3	4	105	107	25
3	5	108	109	.
#Text=Postprandial renal haemodynamic effect of lixisenatide vs once-daily insulin-glulisine in patients with type 2 diabetes on insulin-glargine: An 8-week, randomised, open-label trial.
4	1	110	122	Postprandial
4	2	123	128	renal
4	3	129	141	haemodynamic
4	4	142	148	effect
4	5	149	151	of
4	6	152	164	lixisenatide
4	7	165	167	vs
4	8	168	172	once
4	9	173	174	-
4	10	175	180	daily
4	11	181	188	insulin
4	12	189	190	-
4	13	191	200	glulisine
4	14	201	203	in
4	15	204	212	patients
4	16	213	217	with
4	17	218	222	type
4	18	223	224	2
4	19	225	233	diabetes
4	20	234	236	on
4	21	237	244	insulin
4	22	245	246	-
4	23	247	255	glargine
4	24	256	257	:
4	25	258	260	An
4	26	261	262	8
4	27	263	264	-
4	28	265	269	week
4	29	270	271	,
4	30	272	282	randomised
4	31	283	284	,
4	32	285	289	open
4	33	290	291	-
4	34	292	297	label
4	35	298	303	trial
4	36	304	305	.
#Text=Tonneijck L(1), Muskiet MHA(1), Smits MM(1), Hoekstra T(2)(3), Kramer MHH(1), Danser AHJ(4), Diamant M(1), Joles JA(5), van Raalte DH(1).
5	1	306	315	Tonneijck
5	2	316	317	L
5	3	318	319	(
5	4	320	321	1
5	5	322	323	)
5	6	324	325	,
5	7	326	333	Muskiet
5	8	334	337	MHA
5	9	338	339	(
5	10	340	341	1
5	11	342	343	)
5	12	344	345	,
5	13	346	351	Smits
5	14	352	354	MM
5	15	355	356	(
5	16	357	358	1
5	17	359	360	)
5	18	361	362	,
5	19	363	371	Hoekstra
5	20	372	373	T
5	21	374	375	(
5	22	376	377	2
5	23	378	379	)
5	24	380	381	(
5	25	382	383	3
5	26	384	385	)
5	27	386	387	,
5	28	388	394	Kramer
5	29	395	398	MHH
5	30	399	400	(
5	31	401	402	1
5	32	403	404	)
5	33	405	406	,
5	34	407	413	Danser
5	35	414	417	AHJ
5	36	418	419	(
5	37	420	421	4
5	38	422	423	)
5	39	424	425	,
5	40	426	433	Diamant
5	41	434	435	M
5	42	436	437	(
5	43	438	439	1
5	44	440	441	)
5	45	442	443	,
5	46	444	449	Joles
5	47	450	452	JA
5	48	453	454	(
5	49	455	456	5
5	50	457	458	)
5	51	459	460	,
5	52	461	464	van
5	53	465	471	Raalte
5	54	472	474	DH
5	55	475	476	(
5	56	477	478	1
5	57	479	480	)
5	58	481	482	.
#Text=Author information:  (1)Department of Internal Medicine, Diabetes Center, VU University Medical Center, Amsterdam, The Netherlands.
6	1	483	489	Author
6	2	490	501	information
6	3	502	503	:
6	4	504	505	(
6	5	506	507	1
6	6	508	509	)
6	7	510	520	Department
6	8	521	523	of
6	9	524	532	Internal
6	10	533	541	Medicine
6	11	542	543	,
6	12	544	552	Diabetes
6	13	553	559	Center
6	14	560	561	,
6	15	562	564	VU
6	16	565	575	University
6	17	576	583	Medical
6	18	584	590	Center
6	19	591	592	,
6	20	593	602	Amsterdam
6	21	603	604	,
6	22	605	608	The
6	23	609	620	Netherlands
6	24	621	622	.
#Text=(2)Department of Health Sciences and the EMGO Institute for Health and Care Research, VU University Amsterdam, Amsterdam, The Netherlands.
7	1	623	624	(
7	2	625	626	2
7	3	627	628	)
7	4	629	639	Department
7	5	640	642	of
7	6	643	649	Health
7	7	650	658	Sciences
7	8	659	662	and
7	9	663	666	the
7	10	667	671	EMGO
7	11	672	681	Institute
7	12	682	685	for
7	13	686	692	Health
7	14	693	696	and
7	15	697	701	Care
7	16	702	710	Research
7	17	711	712	,
7	18	713	715	VU
7	19	716	726	University
7	20	727	736	Amsterdam
7	21	737	738	,
7	22	739	748	Amsterdam
7	23	749	750	,
7	24	751	754	The
7	25	755	766	Netherlands
7	26	767	768	.
#Text=(3)Department of Epidemiology and Biostatistics, VU University Medical Center, Amsterdam, The Netherlands.
8	1	769	770	(
8	2	771	772	3
8	3	773	774	)
8	4	775	785	Department
8	5	786	788	of
8	6	789	801	Epidemiology
8	7	802	805	and
8	8	806	819	Biostatistics
8	9	820	821	,
8	10	822	824	VU
8	11	825	835	University
8	12	836	843	Medical
8	13	844	850	Center
8	14	851	852	,
8	15	853	862	Amsterdam
8	16	863	864	,
8	17	865	868	The
8	18	869	880	Netherlands
8	19	881	882	.
#Text=(4)Division of Pharmacology and Vascular Medicine, Department of Internal Medicine, Erasmus University Medical Center, Rotterdam, The Netherlands.
9	1	883	884	(
9	2	885	886	4
9	3	887	888	)
9	4	889	897	Division
9	5	898	900	of
9	6	901	913	Pharmacology
9	7	914	917	and
9	8	918	926	Vascular
9	9	927	935	Medicine
9	10	936	937	,
9	11	938	948	Department
9	12	949	951	of
9	13	952	960	Internal
9	14	961	969	Medicine
9	15	970	971	,
9	16	972	979	Erasmus
9	17	980	990	University
9	18	991	998	Medical
9	19	999	1005	Center
9	20	1006	1007	,
9	21	1008	1017	Rotterdam
9	22	1018	1019	,
9	23	1020	1023	The
9	24	1024	1035	Netherlands
9	25	1036	1037	.
#Text=(5)Department of Nephrology and Hypertension, University Medical Center, Utrecht, The Netherlands.
10	1	1038	1039	(
10	2	1040	1041	5
10	3	1042	1043	)
10	4	1044	1054	Department
10	5	1055	1057	of
10	6	1058	1068	Nephrology
10	7	1069	1072	and
10	8	1073	1085	Hypertension
10	9	1086	1087	,
10	10	1088	1098	University
10	11	1099	1106	Medical
10	12	1107	1113	Center
10	13	1114	1115	,
10	14	1116	1123	Utrecht
10	15	1124	1125	,
10	16	1126	1129	The
10	17	1130	1141	Netherlands
10	18	1142	1143	.
#Text=AIM: To determine whether lixisenatide, a prandial short-acting glucagon-like peptide receptor agonist (GLP-1RA), ameliorates postprandial glomerular hyperfiltration in patients with type 2 diabetes mellitus (T2DM) compared with insulin-glulisine (iGlu).
11	1	1144	1147	AIM
11	2	1148	1149	:
11	3	1150	1152	To
11	4	1153	1162	determine
11	5	1163	1170	whether
11	6	1171	1183	lixisenatide
11	7	1184	1185	,
11	8	1186	1187	a
11	9	1188	1196	prandial
11	10	1197	1202	short
11	11	1203	1204	-
11	12	1205	1211	acting
11	13	1212	1220	glucagon
11	14	1221	1222	-
11	15	1223	1227	like
11	16	1228	1235	peptide
11	17	1236	1244	receptor
11	18	1245	1252	agonist
11	19	1253	1254	(
11	20	1255	1258	GLP
11	21	1259	1260	-
11	22	1261	1264	1RA
11	23	1265	1266	)
11	24	1267	1268	,
11	25	1269	1280	ameliorates
11	26	1281	1293	postprandial
11	27	1294	1304	glomerular
11	28	1305	1320	hyperfiltration
11	29	1321	1323	in
11	30	1324	1332	patients
11	31	1333	1337	with
11	32	1338	1342	type
11	33	1343	1344	2
11	34	1345	1353	diabetes
11	35	1354	1362	mellitus
11	36	1363	1364	(
11	37	1365	1369	T2DM
11	38	1370	1371	)
11	39	1372	1380	compared
11	40	1381	1385	with
11	41	1386	1393	insulin
11	42	1394	1395	-
11	43	1396	1405	glulisine
11	44	1406	1407	(
11	45	1408	1412	iGlu
11	46	1413	1414	)
11	47	1415	1416	.
#Text=METHODS: Postprandial renal haemodynamic effects of 8-week treatment with lixisenatide 20 µg vs once-daily titrated iGlu were measured in 35 overweight patients with T2DM inadequately controlled on insulin-glargine, with or without metformin [mean ± SD age 62 ± 7 years, HbA1c 8.0% ± 0.9%, estimated glomerular filtration rate (GFR) 85 ± 12 mL/min/1.73 m2 , median (IQR) urinary albumin/creatinine ratio 1.5 (0.9-3.0) mg/mmol].
12	1	1417	1424	METHODS
12	2	1425	1426	:
12	3	1427	1439	Postprandial
12	4	1440	1445	renal
12	5	1446	1458	haemodynamic
12	6	1459	1466	effects
12	7	1467	1469	of
12	8	1470	1471	8
12	9	1472	1473	-
12	10	1474	1478	week
12	11	1479	1488	treatment
12	12	1489	1493	with
12	13	1494	1506	lixisenatide
12	14	1507	1509	20
12	15	1510	1511	µ
12	16	1512	1513	g
12	17	1514	1516	vs
12	18	1517	1521	once
12	19	1522	1523	-
12	20	1524	1529	daily
12	21	1530	1538	titrated
12	22	1539	1543	iGlu
12	23	1544	1548	were
12	24	1549	1557	measured
12	25	1558	1560	in
12	26	1561	1563	35
12	27	1564	1574	overweight
12	28	1575	1583	patients
12	29	1584	1588	with
12	30	1589	1593	T2DM
12	31	1594	1606	inadequately
12	32	1607	1617	controlled
12	33	1618	1620	on
12	34	1621	1628	insulin
12	35	1629	1630	-
12	36	1631	1639	glargine
12	37	1640	1641	,
12	38	1642	1646	with
12	39	1647	1649	or
12	40	1650	1657	without
12	41	1658	1667	metformin
12	42	1668	1669	[
12	43	1670	1674	mean
12	44	1675	1676	±
12	45	1677	1679	SD
12	46	1680	1683	age
12	47	1684	1686	62
12	48	1687	1688	±
12	49	1689	1690	7
12	50	1691	1696	years
12	51	1697	1698	,
12	52	1699	1704	HbA1c
12	53	1705	1706	8
12	54	1707	1708	.
12	55	1709	1710	0
12	56	1711	1712	%
12	57	1713	1714	±
12	58	1715	1716	0
12	59	1717	1718	.
12	60	1719	1720	9
12	61	1721	1722	%
12	62	1723	1724	,
12	63	1725	1734	estimated
12	64	1735	1745	glomerular
12	65	1746	1756	filtration
12	66	1757	1761	rate
12	67	1762	1763	(
12	68	1764	1767	GFR
12	69	1768	1769	)
12	70	1770	1772	85
12	71	1773	1774	±
12	72	1775	1777	12
12	73	1778	1780	mL
12	74	1781	1782	/
12	75	1783	1786	min
12	76	1787	1788	/
12	77	1789	1790	1
12	78	1791	1792	.
12	79	1793	1795	73
12	80	1796	1798	m2
12	81	1799	1800	,
12	82	1801	1807	median
12	83	1808	1809	(
12	84	1810	1813	IQR
12	85	1814	1815	)
12	86	1816	1823	urinary
12	87	1824	1831	albumin
12	88	1832	1833	/
12	89	1834	1844	creatinine
12	90	1845	1850	ratio
12	91	1851	1852	1
12	92	1853	1854	.
12	93	1855	1856	5
12	94	1857	1858	(
12	95	1859	1860	0
12	96	1861	1862	.
12	97	1863	1864	9
12	98	1865	1866	-
12	99	1867	1868	3
12	100	1869	1870	.
12	101	1871	1872	0
12	102	1873	1874	)
12	103	1875	1877	mg
12	104	1878	1879	/
12	105	1880	1884	mmol
12	106	1885	1886	]
12	107	1887	1888	.
#Text=After a standardised breakfast,  GFR (primary endpoint) and effective renal plasma flow (ERPF) were determined by  inulin and para-aminohippuric acid renal clearance, respectively, based on timed  urine sampling.
13	1	1889	1894	After
13	2	1895	1896	a
13	3	1897	1909	standardised
13	4	1910	1919	breakfast
13	5	1920	1921	,
13	6	1922	1925	GFR
13	7	1926	1927	(
13	8	1928	1935	primary
13	9	1936	1944	endpoint
13	10	1945	1946	)
13	11	1947	1950	and
13	12	1951	1960	effective
13	13	1961	1966	renal
13	14	1967	1973	plasma
13	15	1974	1978	flow
13	16	1979	1980	(
13	17	1981	1985	ERPF
13	18	1986	1987	)
13	19	1988	1992	were
13	20	1993	2003	determined
13	21	2004	2006	by
13	22	2007	2013	inulin
13	23	2014	2017	and
13	24	2018	2022	para
13	25	2023	2024	-
13	26	2025	2038	aminohippuric
13	27	2039	2043	acid
13	28	2044	2049	renal
13	29	2050	2059	clearance
13	30	2060	2061	,
13	31	2062	2074	respectively
13	32	2075	2076	,
13	33	2077	2082	based
13	34	2083	2085	on
13	35	2086	2091	timed
13	36	2092	2097	urine
13	37	2098	2106	sampling
13	38	2107	2108	.
#Text=Intrarenal haemodynamic functions were estimated using Gomez equations.
14	1	2109	2119	Intrarenal
14	2	2120	2132	haemodynamic
14	3	2133	2142	functions
14	4	2143	2147	were
14	5	2148	2157	estimated
14	6	2158	2163	using
14	7	2164	2169	Gomez
14	8	2170	2179	equations
14	9	2180	2181	.
#Text=RESULTS: Compared with iGlu, lixisenatide did not affect GFR [+0.1 mL/min/1.73 m2 (95% CI -9 to 9)], ERPF [-17 mL/min/1.73 m2 (-61 to 26)], other (intra-)renal haemodynamics or renal damage markers, but increased fractional sodium excretion  [+0.25% (0.09-0.41)] and urinary pH [+0.7 (0.3-1.2)].
15	1	2182	2189	RESULTS
15	2	2190	2191	:
15	3	2192	2200	Compared
15	4	2201	2205	with
15	5	2206	2210	iGlu
15	6	2211	2212	,
15	7	2213	2225	lixisenatide
15	8	2226	2229	did
15	9	2230	2233	not
15	10	2234	2240	affect
15	11	2241	2244	GFR
15	12	2245	2246	[
15	13	2247	2248	+
15	14	2249	2250	0
15	15	2251	2252	.
15	16	2253	2254	1
15	17	2255	2257	mL
15	18	2258	2259	/
15	19	2260	2263	min
15	20	2264	2265	/
15	21	2266	2267	1
15	22	2268	2269	.
15	23	2270	2272	73
15	24	2273	2275	m2
15	25	2276	2277	(
15	26	2278	2280	95
15	27	2281	2282	%
15	28	2283	2285	CI
15	29	2286	2287	-
15	30	2288	2289	9
15	31	2290	2292	to
15	32	2293	2294	9
15	33	2295	2296	)
15	34	2297	2298	]
15	35	2299	2300	,
15	36	2301	2305	ERPF
15	37	2306	2307	[
15	38	2308	2309	-
15	39	2310	2312	17
15	40	2313	2315	mL
15	41	2316	2317	/
15	42	2318	2321	min
15	43	2322	2323	/
15	44	2324	2325	1
15	45	2326	2327	.
15	46	2328	2330	73
15	47	2331	2333	m2
15	48	2334	2335	(
15	49	2336	2337	-
15	50	2338	2340	61
15	51	2341	2343	to
15	52	2344	2346	26
15	53	2347	2348	)
15	54	2349	2350	]
15	55	2351	2352	,
15	56	2353	2358	other
15	57	2359	2360	(
15	58	2361	2366	intra
15	59	2367	2368	-
15	60	2369	2370	)
15	61	2371	2376	renal
15	62	2377	2390	haemodynamics
15	63	2391	2393	or
15	64	2394	2399	renal
15	65	2400	2406	damage
15	66	2407	2414	markers
15	67	2415	2416	,
15	68	2417	2420	but
15	69	2421	2430	increased
15	70	2431	2441	fractional
15	71	2442	2448	sodium
15	72	2449	2458	excretion
15	73	2459	2460	[
15	74	2461	2462	+
15	75	2463	2464	0
15	76	2465	2466	.
15	77	2467	2469	25
15	78	2470	2471	%
15	79	2472	2473	(
15	80	2474	2475	0
15	81	2476	2477	.
15	82	2478	2480	09
15	83	2481	2482	-
15	84	2483	2484	0
15	85	2485	2486	.
15	86	2487	2489	41
15	87	2490	2491	)
15	88	2492	2493	]
15	89	2494	2497	and
15	90	2498	2505	urinary
15	91	2506	2508	pH
15	92	2509	2510	[
15	93	2511	2512	+
15	94	2513	2514	0
15	95	2515	2516	.
15	96	2517	2518	7
15	97	2519	2520	(
15	98	2521	2522	0
15	99	2523	2524	.
15	100	2525	2526	3
15	101	2527	2528	-
15	102	2529	2530	1
15	103	2531	2532	.
15	104	2533	2534	2
15	105	2535	2536	)
15	106	2537	2538	]
15	107	2539	2540	.
#Text=Plasma renin, angiotensin-II and aldosterone were unchanged.
16	1	2541	2547	Plasma
16	2	2548	2553	renin
16	3	2554	2555	,
16	4	2556	2567	angiotensin
16	5	2568	2569	-
16	6	2570	2572	II
16	7	2573	2576	and
16	8	2577	2588	aldosterone
16	9	2589	2593	were
16	10	2594	2603	unchanged
16	11	2604	2605	.
#Text=Lixisenatide and iGlu reduced HbA1c similarly, by 0.8% ± 0.1% and 0.6% ± 0.1%, respectively, while postprandial glucose was lower with lixisenatide (P = .002).
17	1	2606	2618	Lixisenatide
17	2	2619	2622	and
17	3	2623	2627	iGlu
17	4	2628	2635	reduced
17	5	2636	2641	HbA1c
17	6	2642	2651	similarly
17	7	2652	2653	,
17	8	2654	2656	by
17	9	2657	2658	0
17	10	2659	2660	.
17	11	2661	2662	8
17	12	2663	2664	%
17	13	2665	2666	±
17	14	2667	2668	0
17	15	2669	2670	.
17	16	2671	2672	1
17	17	2673	2674	%
17	18	2675	2678	and
17	19	2679	2680	0
17	20	2681	2682	.
17	21	2683	2684	6
17	22	2685	2686	%
17	23	2687	2688	±
17	24	2689	2690	0
17	25	2691	2692	.
17	26	2693	2694	1
17	27	2695	2696	%
17	28	2697	2698	,
17	29	2699	2711	respectively
17	30	2712	2713	,
17	31	2714	2719	while
17	32	2720	2732	postprandial
17	33	2733	2740	glucose
17	34	2741	2744	was
17	35	2745	2750	lower
17	36	2751	2755	with
17	37	2756	2768	lixisenatide
17	38	2769	2770	(
17	39	2771	2772	P
17	40	2773	2774	=
17	41	2775	2776	.
17	42	2777	2780	002
17	43	2781	2782	)
17	44	2783	2784	.
#Text=Compared with iGlu, lixisenatide  reduced bodyweight [-1.4 kg (-2.5 to -0.2)] and increased postprandial mean arterial pressure [+9 mm Hg (4-14)].
18	1	2785	2793	Compared
18	2	2794	2798	with
18	3	2799	2803	iGlu
18	4	2804	2805	,
18	5	2806	2818	lixisenatide
18	6	2819	2826	reduced
18	7	2827	2837	bodyweight
18	8	2838	2839	[
18	9	2840	2841	-
18	10	2842	2843	1
18	11	2844	2845	.
18	12	2846	2847	4
18	13	2848	2850	kg
18	14	2851	2852	(
18	15	2853	2854	-
18	16	2855	2856	2
18	17	2857	2858	.
18	18	2859	2860	5
18	19	2861	2863	to
18	20	2864	2865	-
18	21	2866	2867	0
18	22	2868	2869	.
18	23	2870	2871	2
18	24	2872	2873	)
18	25	2874	2875	]
18	26	2876	2879	and
18	27	2880	2889	increased
18	28	2890	2902	postprandial
18	29	2903	2907	mean
18	30	2908	2916	arterial
18	31	2917	2925	pressure
18	32	2926	2927	[
18	33	2928	2929	+
18	34	2930	2931	9
18	35	2932	2934	mm
18	36	2935	2937	Hg
18	37	2938	2939	(
18	38	2940	2941	4
18	39	2942	2943	-
18	40	2944	2946	14
18	41	2947	2948	)
18	42	2949	2950	]
18	43	2951	2952	.
#Text=CONCLUSION: Eight-week lixisenatide treatment does not affect postprandial (intra-)renal haemodynamics compared with iGlu when added to insulin-glargine in  patients with T2DM without overt nephropathy.
19	1	2953	2963	CONCLUSION
19	2	2964	2965	:
19	3	2966	2971	Eight
19	4	2972	2973	-
19	5	2974	2978	week
19	6	2979	2991	lixisenatide
19	7	2992	3001	treatment
19	8	3002	3006	does
19	9	3007	3010	not
19	10	3011	3017	affect
19	11	3018	3030	postprandial
19	12	3031	3032	(
19	13	3033	3038	intra
19	14	3039	3040	-
19	15	3041	3042	)
19	16	3043	3048	renal
19	17	3049	3062	haemodynamics
19	18	3063	3071	compared
19	19	3072	3076	with
19	20	3077	3081	iGlu
19	21	3082	3086	when
19	22	3087	3092	added
19	23	3093	3095	to
19	24	3096	3103	insulin
19	25	3104	3105	-
19	26	3106	3114	glargine
19	27	3115	3117	in
19	28	3118	3126	patients
19	29	3127	3131	with
19	30	3132	3136	T2DM
19	31	3137	3144	without
19	32	3145	3150	overt
19	33	3151	3162	nephropathy
19	34	3163	3164	.
#Text=Prolonged lixisenatide treatment has a sustained natriuretic effect, which is in contrast to previous reports on long-acting GLP-1RA, reduces body weight and increases postprandial blood pressure compared with iGlu.
20	1	3165	3174	Prolonged
20	2	3175	3187	lixisenatide
20	3	3188	3197	treatment
20	4	3198	3201	has
20	5	3202	3203	a
20	6	3204	3213	sustained
20	7	3214	3225	natriuretic
20	8	3226	3232	effect
20	9	3233	3234	,
20	10	3235	3240	which
20	11	3241	3243	is
20	12	3244	3246	in
20	13	3247	3255	contrast
20	14	3256	3258	to
20	15	3259	3267	previous
20	16	3268	3275	reports
20	17	3276	3278	on
20	18	3279	3283	long
20	19	3284	3285	-
20	20	3286	3292	acting
20	21	3293	3296	GLP
20	22	3297	3298	-
20	23	3299	3302	1RA
20	24	3303	3304	,
20	25	3305	3312	reduces
20	26	3313	3317	body
20	27	3318	3324	weight
20	28	3325	3328	and
20	29	3329	3338	increases
20	30	3339	3351	postprandial
20	31	3352	3357	blood
20	32	3358	3366	pressure
20	33	3367	3375	compared
20	34	3376	3380	with
20	35	3381	3385	iGlu
20	36	3386	3387	.
#Text=TRIAL REGISTRATION: ClinicalTrials.gov identifier NCT02276196.
21	1	3388	3393	TRIAL
21	2	3394	3406	REGISTRATION
21	3	3407	3408	:
21	4	3409	3423	ClinicalTrials
21	5	3424	3425	.
21	6	3426	3429	gov
21	7	3430	3440	identifier
21	8	3441	3452	NCT02276196
21	9	3453	3454	.
#Text=© 2017 John Wiley & Sons Ltd.  DOI: 10.1111/dom.12985  PMID: 28449402  [Indexed for MEDLINE]
22	1	3455	3456	©
22	2	3457	3461	2017
22	3	3462	3466	John
22	4	3467	3472	Wiley
22	5	3473	3474	&
22	6	3475	3479	Sons
22	7	3480	3483	Ltd
22	8	3484	3485	.
22	9	3486	3489	DOI
22	10	3490	3491	:
22	11	3492	3494	10
22	12	3495	3496	.
22	13	3497	3501	1111
22	14	3502	3503	/
22	15	3504	3507	dom
22	16	3508	3509	.
22	17	3510	3515	12985
22	18	3516	3520	PMID
22	19	3521	3522	:
22	20	3523	3531	28449402
22	21	3532	3533	[
22	22	3534	3541	Indexed
22	23	3542	3545	for
22	24	3546	3553	MEDLINE
22	25	3554	3555	]
