#Text=J Endocrinol Invest.
1	1	0	1	J
1	2	2	12	Endocrinol
1	3	13	19	Invest
1	4	20	21	.
#Text=2014 Dec;37(12):1211-8. doi: 10.1007/s40618-014-0154-x.
2	1	22	26	2014
2	2	27	30	Dec
2	3	31	32	;
2	4	33	35	37
2	5	36	37	(
2	6	38	40	12
2	7	41	42	)
2	8	43	44	:
2	9	45	49	1211
2	10	50	51	-
2	11	52	53	8
2	12	54	55	.
2	13	56	59	doi
2	14	60	61	:
2	15	62	64	10
2	16	65	66	.
2	17	67	71	1007
2	18	72	73	/
2	19	74	80	s40618
2	20	81	82	-
2	21	83	86	014
2	22	87	88	-
2	23	89	93	0154
2	24	94	95	-
2	25	96	97	x
2	26	98	99	.
#Text=Epub 2014 Aug 20.
3	1	100	104	Epub
3	2	105	109	2014
3	3	110	113	Aug
3	4	114	116	20
3	5	117	118	.
#Text=Comparative effects of metformin and pioglitazone on YKL-40 in type 2 diabetes: a randomized clinical trial.
4	1	119	130	Comparative
4	2	131	138	effects
4	3	139	141	of
4	4	142	151	metformin
4	5	152	155	and
4	6	156	168	pioglitazone
4	7	169	171	on
4	8	172	175	YKL
4	9	176	177	-
4	10	178	180	40
4	11	181	183	in
4	12	184	188	type
4	13	189	190	2
4	14	191	199	diabetes
4	15	200	201	:
4	16	202	203	a
4	17	204	214	randomized
4	18	215	223	clinical
4	19	224	229	trial
4	20	230	231	.
#Text=Esteghamati A(1), Rezvani S, Khajeh E, Ebadi M, Nakhjavani M, Noshad S.  Author information:  (1)Endocrinology and Metabolism Research Center (EMRC), School of Medicine, Vali-Asr Hospital, Tehran University of Medical Sciences, P.O.
5	1	232	243	Esteghamati
5	2	244	245	A
5	3	246	247	(
5	4	248	249	1
5	5	250	251	)
5	6	252	253	,
5	7	254	261	Rezvani
5	8	262	263	S
5	9	264	265	,
5	10	266	272	Khajeh
5	11	273	274	E
5	12	275	276	,
5	13	277	282	Ebadi
5	14	283	284	M
5	15	285	286	,
5	16	287	297	Nakhjavani
5	17	298	299	M
5	18	300	301	,
5	19	302	308	Noshad
5	20	309	310	S
5	21	311	312	.
5	22	313	319	Author
5	23	320	331	information
5	24	332	333	:
5	25	334	335	(
5	26	336	337	1
5	27	338	339	)
5	28	340	353	Endocrinology
5	29	354	357	and
5	30	358	368	Metabolism
5	31	369	377	Research
5	32	378	384	Center
5	33	385	386	(
5	34	387	391	EMRC
5	35	392	393	)
5	36	394	395	,
5	37	396	402	School
5	38	403	405	of
5	39	406	414	Medicine
5	40	415	416	,
5	41	417	421	Vali
5	42	422	423	-
5	43	424	427	Asr
5	44	428	436	Hospital
5	45	437	438	,
5	46	439	445	Tehran
5	47	446	456	University
5	48	457	459	of
5	49	460	467	Medical
5	50	468	476	Sciences
5	51	477	478	,
5	52	479	480	P
5	53	481	482	.
5	54	483	484	O
5	55	485	486	.
#Text=Box 13145-784, Tehran, Iran, esteghamati@tums.ac.ir.
6	1	487	490	Box
6	2	491	496	13145
6	3	497	498	-
6	4	499	502	784
6	5	503	504	,
6	6	505	511	Tehran
6	7	512	513	,
6	8	514	518	Iran
6	9	519	520	,
6	10	521	532	esteghamati
6	11	533	534	@
6	12	535	539	tums
6	13	540	541	.
6	14	542	544	ac
6	15	545	546	.
6	16	547	549	ir
6	17	550	551	.
#Text=PURPOSE: Metformin and pioglitazone are believed to exert their long-term benefits by means of amelioration of chronic low-grade inflammation, a key event  in development of diabetes and its long-term complications.
7	1	552	559	PURPOSE
7	2	560	561	:
7	3	562	571	Metformin
7	4	572	575	and
7	5	576	588	pioglitazone
7	6	589	592	are
7	7	593	601	believed
7	8	602	604	to
7	9	605	610	exert
7	10	611	616	their
7	11	617	621	long
7	12	622	623	-
7	13	624	628	term
7	14	629	637	benefits
7	15	638	640	by
7	16	641	646	means
7	17	647	649	of
7	18	650	662	amelioration
7	19	663	665	of
7	20	666	673	chronic
7	21	674	677	low
7	22	678	679	-
7	23	680	685	grade
7	24	686	698	inflammation
7	25	699	700	,
7	26	701	702	a
7	27	703	706	key
7	28	707	712	event
7	29	713	715	in
7	30	716	727	development
7	31	728	730	of
7	32	731	739	diabetes
7	33	740	743	and
7	34	744	747	its
7	35	748	752	long
7	36	753	754	-
7	37	755	759	term
7	38	760	773	complications
7	39	774	775	.
#Text=The present trial was designed to investigate the comparative efficacy of the two anti-diabetes medications on serum concentrations of YKL-40, a novel marker of inflammation.
8	1	776	779	The
8	2	780	787	present
8	3	788	793	trial
8	4	794	797	was
8	5	798	806	designed
8	6	807	809	to
8	7	810	821	investigate
8	8	822	825	the
8	9	826	837	comparative
8	10	838	846	efficacy
8	11	847	849	of
8	12	850	853	the
8	13	854	857	two
8	14	858	862	anti
8	15	863	864	-
8	16	865	873	diabetes
8	17	874	885	medications
8	18	886	888	on
8	19	889	894	serum
8	20	895	909	concentrations
8	21	910	912	of
8	22	913	916	YKL
8	23	917	918	-
8	24	919	921	40
8	25	922	923	,
8	26	924	925	a
8	27	926	931	novel
8	28	932	938	marker
8	29	939	941	of
8	30	942	954	inflammation
8	31	955	956	.
#Text=METHODS: In a parallel-group, open-label, randomized trial setting (ClinicalTrials.gov Identifier No.
9	1	957	964	METHODS
9	2	965	966	:
9	3	967	969	In
9	4	970	971	a
9	5	972	980	parallel
9	6	981	982	-
9	7	983	988	group
9	8	989	990	,
9	9	991	995	open
9	10	996	997	-
9	11	998	1003	label
9	12	1004	1005	,
9	13	1006	1016	randomized
9	14	1017	1022	trial
9	15	1023	1030	setting
9	16	1031	1032	(
9	17	1033	1047	ClinicalTrials
9	18	1048	1049	.
9	19	1050	1053	gov
9	20	1054	1064	Identifier
9	21	1065	1067	No
9	22	1068	1069	.
#Text=NCT01521624), 84 newly diagnosed, medication-naïve type 2 diabetes patients were assigned to metformin 1,000 mg daily (n = 42) or pioglitazone 30 mg daily (n = 42).
10	1	1070	1081	NCT01521624
10	2	1082	1083	)
10	3	1084	1085	,
10	4	1086	1088	84
10	5	1089	1094	newly
10	6	1095	1104	diagnosed
10	7	1105	1106	,
10	8	1107	1117	medication
10	9	1118	1119	-
10	10	1120	1122	na
10	11	1123	1124	ï
10	12	1125	1127	ve
10	13	1128	1132	type
10	14	1133	1134	2
10	15	1135	1143	diabetes
10	16	1144	1152	patients
10	17	1153	1157	were
10	18	1158	1166	assigned
10	19	1167	1169	to
10	20	1170	1179	metformin
10	21	1180	1181	1
10	22	1182	1183	,
10	23	1184	1187	000
10	24	1188	1190	mg
10	25	1191	1196	daily
10	26	1197	1198	(
10	27	1199	1200	n
10	28	1201	1202	=
10	29	1203	1205	42
10	30	1206	1207	)
10	31	1208	1210	or
10	32	1211	1223	pioglitazone
10	33	1224	1226	30
10	34	1227	1229	mg
10	35	1230	1235	daily
10	36	1236	1237	(
10	37	1238	1239	n
10	38	1240	1241	=
10	39	1242	1244	42
10	40	1245	1246	)
10	41	1247	1248	.
#Text=Serum concentrations of YKL-40, along with highly sensitive C-reactive protein, indices of glycemic control and lipid profile were measured at baseline and after 3 months.
11	1	1249	1254	Serum
11	2	1255	1269	concentrations
11	3	1270	1272	of
11	4	1273	1276	YKL
11	5	1277	1278	-
11	6	1279	1281	40
11	7	1282	1283	,
11	8	1284	1289	along
11	9	1290	1294	with
11	10	1295	1301	highly
11	11	1302	1311	sensitive
11	12	1312	1313	C
11	13	1314	1315	-
11	14	1316	1324	reactive
11	15	1325	1332	protein
11	16	1333	1334	,
11	17	1335	1342	indices
11	18	1343	1345	of
11	19	1346	1354	glycemic
11	20	1355	1362	control
11	21	1363	1366	and
11	22	1367	1372	lipid
11	23	1373	1380	profile
11	24	1381	1385	were
11	25	1386	1394	measured
11	26	1395	1397	at
11	27	1398	1406	baseline
11	28	1407	1410	and
11	29	1411	1416	after
11	30	1417	1418	3
11	31	1419	1425	months
11	32	1426	1427	.
#Text=RESULTS: In the analyzed sample (metformin = 40, pioglitazone = 42), both medications were equally effective with regard to control of hyperglycemia, and hsCRP reduction (p > 0.05).
12	1	1428	1435	RESULTS
12	2	1436	1437	:
12	3	1438	1440	In
12	4	1441	1444	the
12	5	1445	1453	analyzed
12	6	1454	1460	sample
12	7	1461	1462	(
12	8	1463	1472	metformin
12	9	1473	1474	=
12	10	1475	1477	40
12	11	1478	1479	,
12	12	1480	1492	pioglitazone
12	13	1493	1494	=
12	14	1495	1497	42
12	15	1498	1499	)
12	16	1500	1501	,
12	17	1502	1506	both
12	18	1507	1518	medications
12	19	1519	1523	were
12	20	1524	1531	equally
12	21	1532	1541	effective
12	22	1542	1546	with
12	23	1547	1553	regard
12	24	1554	1556	to
12	25	1557	1564	control
12	26	1565	1567	of
12	27	1568	1581	hyperglycemia
12	28	1582	1583	,
12	29	1584	1587	and
12	30	1588	1593	hsCRP
12	31	1594	1603	reduction
12	32	1604	1605	(
12	33	1606	1607	p
12	34	1608	1609	>
12	35	1610	1611	0
12	36	1612	1613	.
12	37	1614	1616	05
12	38	1617	1618	)
12	39	1619	1620	.
#Text=However, metformin caused a significant decline in weight (p = 0.005), BMI (p = 0.004), and total cholesterol levels (p = 0.028) of  the patients.
13	1	1621	1628	However
13	2	1629	1630	,
13	3	1631	1640	metformin
13	4	1641	1647	caused
13	5	1648	1649	a
13	6	1650	1661	significant
13	7	1662	1669	decline
13	8	1670	1672	in
13	9	1673	1679	weight
13	10	1680	1681	(
13	11	1682	1683	p
13	12	1684	1685	=
13	13	1686	1687	0
13	14	1688	1689	.
13	15	1690	1693	005
13	16	1694	1695	)
13	17	1696	1697	,
13	18	1698	1701	BMI
13	19	1702	1703	(
13	20	1704	1705	p
13	21	1706	1707	=
13	22	1708	1709	0
13	23	1710	1711	.
13	24	1712	1715	004
13	25	1716	1717	)
13	26	1718	1719	,
13	27	1720	1723	and
13	28	1724	1729	total
13	29	1730	1741	cholesterol
13	30	1742	1748	levels
13	31	1749	1750	(
13	32	1751	1752	p
13	33	1753	1754	=
13	34	1755	1756	0
13	35	1757	1758	.
13	36	1759	1762	028
13	37	1763	1764	)
13	38	1765	1767	of
13	39	1768	1771	the
13	40	1772	1780	patients
13	41	1781	1782	.
#Text=Metformin also significantly reduced YKL-40 concentrations after 3  months (1.90 ± 17 vs. 1.66 ± 0.15 µg/L, p = 0.019).
14	1	1783	1792	Metformin
14	2	1793	1797	also
14	3	1798	1811	significantly
14	4	1812	1819	reduced
14	5	1820	1823	YKL
14	6	1824	1825	-
14	7	1826	1828	40
14	8	1829	1843	concentrations
14	9	1844	1849	after
14	10	1850	1851	3
14	11	1852	1858	months
14	12	1859	1860	(
14	13	1861	1862	1
14	14	1863	1864	.
14	15	1865	1867	90
14	16	1868	1869	±
14	17	1870	1872	17
14	18	1873	1875	vs
14	19	1876	1877	.
14	20	1878	1879	1
14	21	1880	1881	.
14	22	1882	1884	66
14	23	1885	1886	±
14	24	1887	1888	0
14	25	1889	1890	.
14	26	1891	1893	15
14	27	1894	1895	µ
14	28	1896	1897	g
14	29	1898	1899	/
14	30	1900	1901	L
14	31	1902	1903	,
14	32	1904	1905	p
14	33	1906	1907	=
14	34	1908	1909	0
14	35	1910	1911	.
14	36	1912	1915	019
14	37	1916	1917	)
14	38	1918	1919	.
#Text=The amount of change in the pioglitazone arm did not reach statistical significance (2.18 ± 0.14 vs. 2.25 ± 0.16 µg/L, p = 0.687).
15	1	1920	1923	The
15	2	1924	1930	amount
15	3	1931	1933	of
15	4	1934	1940	change
15	5	1941	1943	in
15	6	1944	1947	the
15	7	1948	1960	pioglitazone
15	8	1961	1964	arm
15	9	1965	1968	did
15	10	1969	1972	not
15	11	1973	1978	reach
15	12	1979	1990	statistical
15	13	1991	2003	significance
15	14	2004	2005	(
15	15	2006	2007	2
15	16	2008	2009	.
15	17	2010	2012	18
15	18	2013	2014	±
15	19	2015	2016	0
15	20	2017	2018	.
15	21	2019	2021	14
15	22	2022	2024	vs
15	23	2025	2026	.
15	24	2027	2028	2
15	25	2029	2030	.
15	26	2031	2033	25
15	27	2034	2035	±
15	28	2036	2037	0
15	29	2038	2039	.
15	30	2040	2042	16
15	31	2043	2044	µ
15	32	2045	2046	g
15	33	2047	2048	/
15	34	2049	2050	L
15	35	2051	2052	,
15	36	2053	2054	p
15	37	2055	2056	=
15	38	2057	2058	0
15	39	2059	2060	.
15	40	2061	2064	687
15	41	2065	2066	)
15	42	2067	2068	.
#Text=When compared, metformin was significantly more effective  than pioglitazone with respect to YKL-40 reduction in both univariate (p = 0.020, effect size = 6.7%) and multivariate models (p = 0.047, effect size = 5.7%).
16	1	2069	2073	When
16	2	2074	2082	compared
16	3	2083	2084	,
16	4	2085	2094	metformin
16	5	2095	2098	was
16	6	2099	2112	significantly
16	7	2113	2117	more
16	8	2118	2127	effective
16	9	2128	2132	than
16	10	2133	2145	pioglitazone
16	11	2146	2150	with
16	12	2151	2158	respect
16	13	2159	2161	to
16	14	2162	2165	YKL
16	15	2166	2167	-
16	16	2168	2170	40
16	17	2171	2180	reduction
16	18	2181	2183	in
16	19	2184	2188	both
16	20	2189	2199	univariate
16	21	2200	2201	(
16	22	2202	2203	p
16	23	2204	2205	=
16	24	2206	2207	0
16	25	2208	2209	.
16	26	2210	2213	020
16	27	2214	2215	,
16	28	2216	2222	effect
16	29	2223	2227	size
16	30	2228	2229	=
16	31	2230	2231	6
16	32	2232	2233	.
16	33	2234	2235	7
16	34	2236	2237	%
16	35	2238	2239	)
16	36	2240	2243	and
16	37	2244	2256	multivariate
16	38	2257	2263	models
16	39	2264	2265	(
16	40	2266	2267	p
16	41	2268	2269	=
16	42	2270	2271	0
16	43	2272	2273	.
16	44	2274	2277	047
16	45	2278	2279	,
16	46	2280	2286	effect
16	47	2287	2291	size
16	48	2292	2293	=
16	49	2294	2295	5
16	50	2296	2297	.
16	51	2298	2299	7
16	52	2300	2301	%
16	53	2302	2303	)
16	54	2304	2305	.
#Text=CONCLUSIONS: Metformin is more effective in reduction of YKL-40 concentration in  short term and the effect seems to be independent of degree of glycemic control,  or hsCRP reduction.
17	1	2306	2317	CONCLUSIONS
17	2	2318	2319	:
17	3	2320	2329	Metformin
17	4	2330	2332	is
17	5	2333	2337	more
17	6	2338	2347	effective
17	7	2348	2350	in
17	8	2351	2360	reduction
17	9	2361	2363	of
17	10	2364	2367	YKL
17	11	2368	2369	-
17	12	2370	2372	40
17	13	2373	2386	concentration
17	14	2387	2389	in
17	15	2390	2395	short
17	16	2396	2400	term
17	17	2401	2404	and
17	18	2405	2408	the
17	19	2409	2415	effect
17	20	2416	2421	seems
17	21	2422	2424	to
17	22	2425	2427	be
17	23	2428	2439	independent
17	24	2440	2442	of
17	25	2443	2449	degree
17	26	2450	2452	of
17	27	2453	2461	glycemic
17	28	2462	2469	control
17	29	2470	2471	,
17	30	2472	2474	or
17	31	2475	2480	hsCRP
17	32	2481	2490	reduction
17	33	2491	2492	.
#Text=DOI: 10.1007/s40618-014-0154-x  PMID: 25138574  [Indexed for MEDLINE]
18	1	2493	2496	DOI
18	2	2497	2498	:
18	3	2499	2501	10
18	4	2502	2503	.
18	5	2504	2508	1007
18	6	2509	2510	/
18	7	2511	2517	s40618
18	8	2518	2519	-
18	9	2520	2523	014
18	10	2524	2525	-
18	11	2526	2530	0154
18	12	2531	2532	-
18	13	2533	2534	x
18	14	2535	2539	PMID
18	15	2540	2541	:
18	16	2542	2550	25138574
18	17	2551	2552	[
18	18	2553	2560	Indexed
18	19	2561	2564	for
18	20	2565	2572	MEDLINE
18	21	2573	2574	]
