#Text=J Diabetes.
1	1	0	1	J
1	2	2	10	Diabetes
1	3	11	12	.
#Text=2013 Mar;5(1):68-79. doi: 10.1111/j.1753-0407.2012.00223.x.
2	1	13	17	2013
2	2	18	21	Mar
2	3	22	23	;
2	4	24	25	5
2	5	26	27	(
2	6	28	29	1
2	7	30	31	)
2	8	32	33	:
2	9	34	36	68
2	10	37	38	-
2	11	39	41	79
2	12	42	43	.
2	13	44	47	doi
2	14	48	49	:
2	15	50	52	10
2	16	53	54	.
2	17	55	59	1111
2	18	60	61	/
2	19	62	63	j
2	20	64	65	.
2	21	66	70	1753
2	22	71	72	-
2	23	73	77	0407
2	24	78	79	.
2	25	80	84	2012
2	26	85	86	.
2	27	87	92	00223
2	28	93	94	.
2	29	95	96	x
2	30	97	98	.
#Text=Efficacy and safety of sitagliptin added to ongoing metformin and rosiglitazone combination therapy in a randomized placebo-controlled 54-week trial in patients  with type 2 diabetes.
3	1	99	107	Efficacy
3	2	108	111	and
3	3	112	118	safety
3	4	119	121	of
3	5	122	133	sitagliptin
3	6	134	139	added
3	7	140	142	to
3	8	143	150	ongoing
3	9	151	160	metformin
3	10	161	164	and
3	11	165	178	rosiglitazone
3	12	179	190	combination
3	13	191	198	therapy
3	14	199	201	in
3	15	202	203	a
3	16	204	214	randomized
3	17	215	222	placebo
3	18	223	224	-
3	19	225	235	controlled
3	20	236	238	54
3	21	239	240	-
3	22	241	245	week
3	23	246	251	trial
3	24	252	254	in
3	25	255	263	patients
3	26	264	268	with
3	27	269	273	type
3	28	274	275	2
3	29	276	284	diabetes
3	30	285	286	.
#Text=Dobs AS(1), Goldstein BJ, Aschner P, Horton ES, Umpierrez GE, Duran L, Hill JS, Chen Y, Golm GT, Langdon RB, Williams-Herman DE, Kaufman KD, Amatruda JM, Ferreira JC.
4	1	287	291	Dobs
4	2	292	294	AS
4	3	295	296	(
4	4	297	298	1
4	5	299	300	)
4	6	301	302	,
4	7	303	312	Goldstein
4	8	313	315	BJ
4	9	316	317	,
4	10	318	325	Aschner
4	11	326	327	P
4	12	328	329	,
4	13	330	336	Horton
4	14	337	339	ES
4	15	340	341	,
4	16	342	351	Umpierrez
4	17	352	354	GE
4	18	355	356	,
4	19	357	362	Duran
4	20	363	364	L
4	21	365	366	,
4	22	367	371	Hill
4	23	372	374	JS
4	24	375	376	,
4	25	377	381	Chen
4	26	382	383	Y
4	27	384	385	,
4	28	386	390	Golm
4	29	391	393	GT
4	30	394	395	,
4	31	396	403	Langdon
4	32	404	406	RB
4	33	407	408	,
4	34	409	417	Williams
4	35	418	419	-
4	36	420	426	Herman
4	37	427	429	DE
4	38	430	431	,
4	39	432	439	Kaufman
4	40	440	442	KD
4	41	443	444	,
4	42	445	453	Amatruda
4	43	454	456	JM
4	44	457	458	,
4	45	459	467	Ferreira
4	46	468	470	JC
4	47	471	472	.
#Text=Author information:  (1)Johns Hopkins University School of Medicine, Baltimore, MD, USA.
5	1	473	479	Author
5	2	480	491	information
5	3	492	493	:
5	4	494	495	(
5	5	496	497	1
5	6	498	499	)
5	7	500	505	Johns
5	8	506	513	Hopkins
5	9	514	524	University
5	10	525	531	School
5	11	532	534	of
5	12	535	543	Medicine
5	13	544	545	,
5	14	546	555	Baltimore
5	15	556	557	,
5	16	558	560	MD
5	17	561	562	,
5	18	563	566	USA
5	19	567	568	.
#Text=BACKGROUND: New therapeutic approaches are needed to improve glycemic control in  patients with type 2 diabetes (T2D), a progressive disorder that often requires combination therapy.
6	1	569	579	BACKGROUND
6	2	580	581	:
6	3	582	585	New
6	4	586	597	therapeutic
6	5	598	608	approaches
6	6	609	612	are
6	7	613	619	needed
6	8	620	622	to
6	9	623	630	improve
6	10	631	639	glycemic
6	11	640	647	control
6	12	648	650	in
6	13	651	659	patients
6	14	660	664	with
6	15	665	669	type
6	16	670	671	2
6	17	672	680	diabetes
6	18	681	682	(
6	19	683	686	T2D
6	20	687	688	)
6	21	689	690	,
6	22	691	692	a
6	23	693	704	progressive
6	24	705	713	disorder
6	25	714	718	that
6	26	719	724	often
6	27	725	733	requires
6	28	734	745	combination
6	29	746	753	therapy
6	30	754	755	.
#Text=The present study assessed the efficacy and safety of sitagliptin as add-on therapy to metformin and rosiglitazone in patients with T2D.
7	1	756	759	The
7	2	760	767	present
7	3	768	773	study
7	4	774	782	assessed
7	5	783	786	the
7	6	787	795	efficacy
7	7	796	799	and
7	8	800	806	safety
7	9	807	809	of
7	10	810	821	sitagliptin
7	11	822	824	as
7	12	825	828	add
7	13	829	830	-
7	14	831	833	on
7	15	834	841	therapy
7	16	842	844	to
7	17	845	854	metformin
7	18	855	858	and
7	19	859	872	rosiglitazone
7	20	873	875	in
7	21	876	884	patients
7	22	885	889	with
7	23	890	893	T2D
7	24	894	895	.
#Text=METHODS: The present study was a randomized double-blind placebo-controlled parallel-group 54-week study conducted at 41 sites across North and South America, Europe, and Asia in 278 patients with HbA1c ranging from ≥7.5% to ≤11.0% despite ongoing combination therapy with metformin (≥1500 mg/day) and rosiglitazone (≥4 mg/day).
8	1	896	903	METHODS
8	2	904	905	:
8	3	906	909	The
8	4	910	917	present
8	5	918	923	study
8	6	924	927	was
8	7	928	929	a
8	8	930	940	randomized
8	9	941	947	double
8	10	948	949	-
8	11	950	955	blind
8	12	956	963	placebo
8	13	964	965	-
8	14	966	976	controlled
8	15	977	985	parallel
8	16	986	987	-
8	17	988	993	group
8	18	994	996	54
8	19	997	998	-
8	20	999	1003	week
8	21	1004	1009	study
8	22	1010	1019	conducted
8	23	1020	1022	at
8	24	1023	1025	41
8	25	1026	1031	sites
8	26	1032	1038	across
8	27	1039	1044	North
8	28	1045	1048	and
8	29	1049	1054	South
8	30	1055	1062	America
8	31	1063	1064	,
8	32	1065	1071	Europe
8	33	1072	1073	,
8	34	1074	1077	and
8	35	1078	1082	Asia
8	36	1083	1085	in
8	37	1086	1089	278
8	38	1090	1098	patients
8	39	1099	1103	with
8	40	1104	1109	HbA1c
8	41	1110	1117	ranging
8	42	1118	1122	from
8	43	1123	1124	≥
8	44	1125	1126	7
8	45	1127	1128	.
8	46	1129	1130	5
8	47	1131	1132	%
8	48	1133	1135	to
8	49	1136	1137	≤
8	50	1138	1140	11
8	51	1141	1142	.
8	52	1143	1144	0
8	53	1145	1146	%
8	54	1147	1154	despite
8	55	1155	1162	ongoing
8	56	1163	1174	combination
8	57	1175	1182	therapy
8	58	1183	1187	with
8	59	1188	1197	metformin
8	60	1198	1199	(
8	61	1200	1201	≥
8	62	1202	1206	1500
8	63	1207	1209	mg
8	64	1210	1211	/
8	65	1212	1215	day
8	66	1216	1217	)
8	67	1218	1221	and
8	68	1222	1235	rosiglitazone
8	69	1236	1237	(
8	70	1238	1239	≥
8	71	1240	1241	4
8	72	1242	1244	mg
8	73	1245	1246	/
8	74	1247	1250	day
8	75	1251	1252	)
8	76	1253	1254	.
#Text=Patients were randomized (2:1) to receive sitagliptin  100 mg or placebo once daily.
9	1	1255	1263	Patients
9	2	1264	1268	were
9	3	1269	1279	randomized
9	4	1280	1281	(
9	5	1282	1283	2
9	6	1284	1285	:
9	7	1286	1287	1
9	8	1288	1289	)
9	9	1290	1292	to
9	10	1293	1300	receive
9	11	1301	1312	sitagliptin
9	12	1313	1316	100
9	13	1317	1319	mg
9	14	1320	1322	or
9	15	1323	1330	placebo
9	16	1331	1335	once
9	17	1336	1341	daily
9	18	1342	1343	.
#Text=The main outcome measure was change from baseline in HbA1c at Week 18.
10	1	1344	1347	The
10	2	1348	1352	main
10	3	1353	1360	outcome
10	4	1361	1368	measure
10	5	1369	1372	was
10	6	1373	1379	change
10	7	1380	1384	from
10	8	1385	1393	baseline
10	9	1394	1396	in
10	10	1397	1402	HbA1c
10	11	1403	1405	at
10	12	1406	1410	Week
10	13	1411	1413	18
10	14	1414	1415	.
#Text=RESULTS: Mean baseline HbA1c was 8.8%.
11	1	1416	1423	RESULTS
11	2	1424	1425	:
11	3	1426	1430	Mean
11	4	1431	1439	baseline
11	5	1440	1445	HbA1c
11	6	1446	1449	was
11	7	1450	1451	8
11	8	1452	1453	.
11	9	1454	1455	8
11	10	1456	1457	%
11	11	1458	1459	.
#Text=The mean placebo-adjusted change from baseline in HbA1c with sitagliptin treatment was -0.7% (P < 0.001) at Week 18 and -0.8% (P < 0.001) at Week 54.
12	1	1460	1463	The
12	2	1464	1468	mean
12	3	1469	1476	placebo
12	4	1477	1478	-
12	5	1479	1487	adjusted
12	6	1488	1494	change
12	7	1495	1499	from
12	8	1500	1508	baseline
12	9	1509	1511	in
12	10	1512	1517	HbA1c
12	11	1518	1522	with
12	12	1523	1534	sitagliptin
12	13	1535	1544	treatment
12	14	1545	1548	was
12	15	1549	1550	-
12	16	1551	1552	0
12	17	1553	1554	.
12	18	1555	1556	7
12	19	1557	1558	%
12	20	1559	1560	(
12	21	1561	1562	P
12	22	1563	1564	<
12	23	1565	1566	0
12	24	1567	1568	.
12	25	1569	1572	001
12	26	1573	1574	)
12	27	1575	1577	at
12	28	1578	1582	Week
12	29	1583	1585	18
12	30	1586	1589	and
12	31	1590	1591	-
12	32	1592	1593	0
12	33	1594	1595	.
12	34	1596	1597	8
12	35	1598	1599	%
12	36	1600	1601	(
12	37	1602	1603	P
12	38	1604	1605	<
12	39	1606	1607	0
12	40	1608	1609	.
12	41	1610	1613	001
12	42	1614	1615	)
12	43	1616	1618	at
12	44	1619	1623	Week
12	45	1624	1626	54
12	46	1627	1628	.
#Text=There were also significant (P < 0.001) reductions  in 2-h post-meal glucose and fasting plasma glucose compared with placebo at Weeks 18 and 54.
13	1	1629	1634	There
13	2	1635	1639	were
13	3	1640	1644	also
13	4	1645	1656	significant
13	5	1657	1658	(
13	6	1659	1660	P
13	7	1661	1662	<
13	8	1663	1664	0
13	9	1665	1666	.
13	10	1667	1670	001
13	11	1671	1672	)
13	12	1673	1683	reductions
13	13	1684	1686	in
13	14	1687	1688	2
13	15	1689	1690	-
13	16	1691	1692	h
13	17	1693	1697	post
13	18	1698	1699	-
13	19	1700	1704	meal
13	20	1705	1712	glucose
13	21	1713	1716	and
13	22	1717	1724	fasting
13	23	1725	1731	plasma
13	24	1732	1739	glucose
13	25	1740	1748	compared
13	26	1749	1753	with
13	27	1754	1761	placebo
13	28	1762	1764	at
13	29	1765	1770	Weeks
13	30	1771	1773	18
13	31	1774	1777	and
13	32	1778	1780	54
13	33	1781	1782	.
#Text=Significantly higher proportions of sitagliptin- than placebo-treated patients had HbA1c<7.0% at Weeks 18 (22% vs 9%; P = 0.003) and 54 (26% vs 14%; P = 0.015).
14	1	1783	1796	Significantly
14	2	1797	1803	higher
14	3	1804	1815	proportions
14	4	1816	1818	of
14	5	1819	1830	sitagliptin
14	6	1831	1832	-
14	7	1833	1837	than
14	8	1838	1845	placebo
14	9	1846	1847	-
14	10	1848	1855	treated
14	11	1856	1864	patients
14	12	1865	1868	had
14	13	1869	1874	HbA1c
14	14	1875	1876	<
14	15	1877	1878	7
14	16	1879	1880	.
14	17	1881	1882	0
14	18	1883	1884	%
14	19	1885	1887	at
14	20	1888	1893	Weeks
14	21	1894	1896	18
14	22	1897	1898	(
14	23	1899	1901	22
14	24	1902	1903	%
14	25	1904	1906	vs
14	26	1907	1908	9
14	27	1909	1910	%
14	28	1911	1912	;
14	29	1913	1914	P
14	30	1915	1916	=
14	31	1917	1918	0
14	32	1919	1920	.
14	33	1921	1924	003
14	34	1925	1926	)
14	35	1927	1930	and
14	36	1931	1933	54
14	37	1934	1935	(
14	38	1936	1938	26
14	39	1939	1940	%
14	40	1941	1943	vs
14	41	1944	1946	14
14	42	1947	1948	%
14	43	1949	1950	;
14	44	1951	1952	P
14	45	1953	1954	=
14	46	1955	1956	0
14	47	1957	1958	.
14	48	1959	1962	015
14	49	1963	1964	)
14	50	1965	1966	.
#Text=Changes in body weight and the rates of adverse events overall, hypoglycemia, and gastrointestinal adverse events were similar in the sitagliptin and placebo groups during the 54-week study.
15	1	1967	1974	Changes
15	2	1975	1977	in
15	3	1978	1982	body
15	4	1983	1989	weight
15	5	1990	1993	and
15	6	1994	1997	the
15	7	1998	2003	rates
15	8	2004	2006	of
15	9	2007	2014	adverse
15	10	2015	2021	events
15	11	2022	2029	overall
15	12	2030	2031	,
15	13	2032	2044	hypoglycemia
15	14	2045	2046	,
15	15	2047	2050	and
15	16	2051	2067	gastrointestinal
15	17	2068	2075	adverse
15	18	2076	2082	events
15	19	2083	2087	were
15	20	2088	2095	similar
15	21	2096	2098	in
15	22	2099	2102	the
15	23	2103	2114	sitagliptin
15	24	2115	2118	and
15	25	2119	2126	placebo
15	26	2127	2133	groups
15	27	2134	2140	during
15	28	2141	2144	the
15	29	2145	2147	54
15	30	2148	2149	-
15	31	2150	2154	week
15	32	2155	2160	study
15	33	2161	2162	.
#Text=CONCLUSIONS: In patients with T2D, the addition of sitagliptin for 54 weeks to ongoing therapy with metformin and rosiglitazone improved glycemic control and was generally well tolerated compared with placebo.
16	1	2163	2174	CONCLUSIONS
16	2	2175	2176	:
16	3	2177	2179	In
16	4	2180	2188	patients
16	5	2189	2193	with
16	6	2194	2197	T2D
16	7	2198	2199	,
16	8	2200	2203	the
16	9	2204	2212	addition
16	10	2213	2215	of
16	11	2216	2227	sitagliptin
16	12	2228	2231	for
16	13	2232	2234	54
16	14	2235	2240	weeks
16	15	2241	2243	to
16	16	2244	2251	ongoing
16	17	2252	2259	therapy
16	18	2260	2264	with
16	19	2265	2274	metformin
16	20	2275	2278	and
16	21	2279	2292	rosiglitazone
16	22	2293	2301	improved
16	23	2302	2310	glycemic
16	24	2311	2318	control
16	25	2319	2322	and
16	26	2323	2326	was
16	27	2327	2336	generally
16	28	2337	2341	well
16	29	2342	2351	tolerated
16	30	2352	2360	compared
16	31	2361	2365	with
16	32	2366	2373	placebo
16	33	2374	2375	.
#Text=© 2012 Ruijin Hospital, Shanghai Jiaotong University School of Medicine and Wiley Publishing Asia Pty Ltd.  DOI: 10.1111/j.1753-0407.2012.00223.x  PMID: 22742523  [Indexed for MEDLINE]
17	1	2376	2377	©
17	2	2378	2382	2012
17	3	2383	2389	Ruijin
17	4	2390	2398	Hospital
17	5	2399	2400	,
17	6	2401	2409	Shanghai
17	7	2410	2418	Jiaotong
17	8	2419	2429	University
17	9	2430	2436	School
17	10	2437	2439	of
17	11	2440	2448	Medicine
17	12	2449	2452	and
17	13	2453	2458	Wiley
17	14	2459	2469	Publishing
17	15	2470	2474	Asia
17	16	2475	2478	Pty
17	17	2479	2482	Ltd
17	18	2483	2484	.
17	19	2485	2488	DOI
17	20	2489	2490	:
17	21	2491	2493	10
17	22	2494	2495	.
17	23	2496	2500	1111
17	24	2501	2502	/
17	25	2503	2504	j
17	26	2505	2506	.
17	27	2507	2511	1753
17	28	2512	2513	-
17	29	2514	2518	0407
17	30	2519	2520	.
17	31	2521	2525	2012
17	32	2526	2527	.
17	33	2528	2533	00223
17	34	2534	2535	.
17	35	2536	2537	x
17	36	2538	2542	PMID
17	37	2543	2544	:
17	38	2545	2553	22742523
17	39	2554	2555	[
17	40	2556	2563	Indexed
17	41	2564	2567	for
17	42	2568	2575	MEDLINE
17	43	2576	2577	]
