#Text=Clin Ther.
1	1	0	4	Clin
1	2	5	9	Ther
1	3	10	11	.
#Text=2006 Oct;28(10):1556-68.
2	1	12	16	2006
2	2	17	20	Oct
2	3	21	22	;
2	4	23	25	28
2	5	26	27	(
2	6	28	30	10
2	7	31	32	)
2	8	33	34	:
2	9	35	39	1556
2	10	40	41	-
2	11	42	44	68
2	12	45	46	.
#Text=Efficacy and safety of the dipeptidyl peptidase-4 inhibitor sitagliptin added to  ongoing pioglitazone therapy in patients with type 2 diabetes: a 24-week, multicenter, randomized, double-blind, placebo-controlled, parallel-group study.
3	1	47	55	Efficacy
3	2	56	59	and
3	3	60	66	safety
3	4	67	69	of
3	5	70	73	the
3	6	74	84	dipeptidyl
3	7	85	94	peptidase
3	8	95	96	-
3	9	97	98	4
3	10	99	108	inhibitor
3	11	109	120	sitagliptin
3	12	121	126	added
3	13	127	129	to
3	14	130	137	ongoing
3	15	138	150	pioglitazone
3	16	151	158	therapy
3	17	159	161	in
3	18	162	170	patients
3	19	171	175	with
3	20	176	180	type
3	21	181	182	2
3	22	183	191	diabetes
3	23	192	193	:
3	24	194	195	a
3	25	196	198	24
3	26	199	200	-
3	27	201	205	week
3	28	206	207	,
3	29	208	219	multicenter
3	30	220	221	,
3	31	222	232	randomized
3	32	233	234	,
3	33	235	241	double
3	34	242	243	-
3	35	244	249	blind
3	36	250	251	,
3	37	252	259	placebo
3	38	260	261	-
3	39	262	272	controlled
3	40	273	274	,
3	41	275	283	parallel
3	42	284	285	-
3	43	286	291	group
3	44	292	297	study
3	45	298	299	.
#Text=Rosenstock J(1), Brazg R, Andryuk PJ, Lu K, Stein P; Sitagliptin Study 019 Group.
4	1	300	310	Rosenstock
4	2	311	312	J
4	3	313	314	(
4	4	315	316	1
4	5	317	318	)
4	6	319	320	,
4	7	321	326	Brazg
4	8	327	328	R
4	9	329	330	,
4	10	331	338	Andryuk
4	11	339	341	PJ
4	12	342	343	,
4	13	344	346	Lu
4	14	347	348	K
4	15	349	350	,
4	16	351	356	Stein
4	17	357	358	P
4	18	359	360	;
4	19	361	372	Sitagliptin
4	20	373	378	Study
4	21	379	382	019
4	22	383	388	Group
4	23	389	390	.
#Text=Author information:  (1)Dallas Diabetes and Endocrine Center, Dallas, Texas, USA.
5	1	391	397	Author
5	2	398	409	information
5	3	410	411	:
5	4	412	413	(
5	5	414	415	1
5	6	416	417	)
5	7	418	424	Dallas
5	8	425	433	Diabetes
5	9	434	437	and
5	10	438	447	Endocrine
5	11	448	454	Center
5	12	455	456	,
5	13	457	463	Dallas
5	14	464	465	,
5	15	466	471	Texas
5	16	472	473	,
5	17	474	477	USA
5	18	478	479	.
#Text=OBJECTIVE: The efficacy and tolerability of the dipeptidyl peptidase-4 inhibitor  sitagliptin added to ongoing pioglitazone therapy were assessed in patients with  type 2 diabetes and inadequate glycemic control (glycosylated hemoglobin [HbA(1c)] > or =7% and < or =10%) while receiving a stable dose of pioglitazone.
6	1	480	489	OBJECTIVE
6	2	490	491	:
6	3	492	495	The
6	4	496	504	efficacy
6	5	505	508	and
6	6	509	521	tolerability
6	7	522	524	of
6	8	525	528	the
6	9	529	539	dipeptidyl
6	10	540	549	peptidase
6	11	550	551	-
6	12	552	553	4
6	13	554	563	inhibitor
6	14	564	575	sitagliptin
6	15	576	581	added
6	16	582	584	to
6	17	585	592	ongoing
6	18	593	605	pioglitazone
6	19	606	613	therapy
6	20	614	618	were
6	21	619	627	assessed
6	22	628	630	in
6	23	631	639	patients
6	24	640	644	with
6	25	645	649	type
6	26	650	651	2
6	27	652	660	diabetes
6	28	661	664	and
6	29	665	675	inadequate
6	30	676	684	glycemic
6	31	685	692	control
6	32	693	694	(
6	33	695	707	glycosylated
6	34	708	718	hemoglobin
6	35	719	720	[
6	36	721	724	HbA
6	37	725	726	(
6	38	727	729	1c
6	39	730	731	)
6	40	732	733	]
6	41	734	735	>
6	42	736	738	or
6	43	739	740	=
6	44	741	742	7
6	45	743	744	%
6	46	745	748	and
6	47	749	750	<
6	48	751	753	or
6	49	754	755	=
6	50	756	758	10
6	51	759	760	%
6	52	761	762	)
6	53	763	768	while
6	54	769	778	receiving
6	55	779	780	a
6	56	781	787	stable
6	57	788	792	dose
6	58	793	795	of
6	59	796	808	pioglitazone
6	60	809	810	.
#Text=METHODS: This was a 24-week, multicenter, randomized, double-blind, placebo-controlled, parallel group study in patients aged > or =18 years (ClinicalTrials.
7	1	811	818	METHODS
7	2	819	820	:
7	3	821	825	This
7	4	826	829	was
7	5	830	831	a
7	6	832	834	24
7	7	835	836	-
7	8	837	841	week
7	9	842	843	,
7	10	844	855	multicenter
7	11	856	857	,
7	12	858	868	randomized
7	13	869	870	,
7	14	871	877	double
7	15	878	879	-
7	16	880	885	blind
7	17	886	887	,
7	18	888	895	placebo
7	19	896	897	-
7	20	898	908	controlled
7	21	909	910	,
7	22	911	919	parallel
7	23	920	925	group
7	24	926	931	study
7	25	932	934	in
7	26	935	943	patients
7	27	944	948	aged
7	28	949	950	>
7	29	951	953	or
7	30	954	955	=
7	31	956	958	18
7	32	959	964	years
7	33	965	966	(
7	34	967	981	ClinicalTrials
7	35	982	983	.
#Text=gov NCT00086502).
8	1	984	987	gov
8	2	988	999	NCT00086502
8	3	1000	1001	)
8	4	1002	1003	.
#Text=At screening, all patients began a diet/exercise program that continued throughout the study period.
9	1	1004	1006	At
9	2	1007	1016	screening
9	3	1017	1018	,
9	4	1019	1022	all
9	5	1023	1031	patients
9	6	1032	1037	began
9	7	1038	1039	a
9	8	1040	1044	diet
9	9	1045	1046	/
9	10	1047	1055	exercise
9	11	1056	1063	program
9	12	1064	1068	that
9	13	1069	1078	continued
9	14	1079	1089	throughout
9	15	1090	1093	the
9	16	1094	1099	study
9	17	1100	1106	period
9	18	1107	1108	.
#Text=Patients taking antihyperglycemic therapy other than pioglitazone underwent a washout of this therapy and entered an 8- to 14-week open-label pioglitazone dose-titration/stabilization period.
10	1	1109	1117	Patients
10	2	1118	1124	taking
10	3	1125	1142	antihyperglycemic
10	4	1143	1150	therapy
10	5	1151	1156	other
10	6	1157	1161	than
10	7	1162	1174	pioglitazone
10	8	1175	1184	underwent
10	9	1185	1186	a
10	10	1187	1194	washout
10	11	1195	1197	of
10	12	1198	1202	this
10	13	1203	1210	therapy
10	14	1211	1214	and
10	15	1215	1222	entered
10	16	1223	1225	an
10	17	1226	1227	8
10	18	1228	1229	-
10	19	1230	1232	to
10	20	1233	1235	14
10	21	1236	1237	-
10	22	1238	1242	week
10	23	1243	1247	open
10	24	1248	1249	-
10	25	1250	1255	label
10	26	1256	1268	pioglitazone
10	27	1269	1273	dose
10	28	1274	1275	-
10	29	1276	1285	titration
10	30	1286	1287	/
10	31	1288	1301	stabilization
10	32	1302	1308	period
10	33	1309	1310	.
#Text=Patients with an HbA(1c) > or =7% and < or =10% at the end of this period entered a 2-week, single-blind, placebo run-in period (total duration of run-in period, up to 21 weeks).
11	1	1311	1319	Patients
11	2	1320	1324	with
11	3	1325	1327	an
11	4	1328	1331	HbA
11	5	1332	1333	(
11	6	1334	1336	1c
11	7	1337	1338	)
11	8	1339	1340	>
11	9	1341	1343	or
11	10	1344	1345	=
11	11	1346	1347	7
11	12	1348	1349	%
11	13	1350	1353	and
11	14	1354	1355	<
11	15	1356	1358	or
11	16	1359	1360	=
11	17	1361	1363	10
11	18	1364	1365	%
11	19	1366	1368	at
11	20	1369	1372	the
11	21	1373	1376	end
11	22	1377	1379	of
11	23	1380	1384	this
11	24	1385	1391	period
11	25	1392	1399	entered
11	26	1400	1401	a
11	27	1402	1403	2
11	28	1404	1405	-
11	29	1406	1410	week
11	30	1411	1412	,
11	31	1413	1419	single
11	32	1420	1421	-
11	33	1422	1427	blind
11	34	1428	1429	,
11	35	1430	1437	placebo
11	36	1438	1441	run
11	37	1442	1443	-
11	38	1444	1446	in
11	39	1447	1453	period
11	40	1454	1455	(
11	41	1456	1461	total
11	42	1462	1470	duration
11	43	1471	1473	of
11	44	1474	1477	run
11	45	1478	1479	-
11	46	1480	1482	in
11	47	1483	1489	period
11	48	1490	1491	,
11	49	1492	1494	up
11	50	1495	1497	to
11	51	1498	1500	21
11	52	1501	1506	weeks
11	53	1507	1508	)
11	54	1509	1510	.
#Text=Patients who had been receiving pioglitazone monotherapy (30 or 45 mg/d) and had an HbA(1c) > or =7% and < or =10% entered the 2-week, single-blind, placebo run-in period directly.
12	1	1511	1519	Patients
12	2	1520	1523	who
12	3	1524	1527	had
12	4	1528	1532	been
12	5	1533	1542	receiving
12	6	1543	1555	pioglitazone
12	7	1556	1567	monotherapy
12	8	1568	1569	(
12	9	1570	1572	30
12	10	1573	1575	or
12	11	1576	1578	45
12	12	1579	1581	mg
12	13	1582	1583	/
12	14	1584	1585	d
12	15	1586	1587	)
12	16	1588	1591	and
12	17	1592	1595	had
12	18	1596	1598	an
12	19	1599	1602	HbA
12	20	1603	1604	(
12	21	1605	1607	1c
12	22	1608	1609	)
12	23	1610	1611	>
12	24	1612	1614	or
12	25	1615	1616	=
12	26	1617	1618	7
12	27	1619	1620	%
12	28	1621	1624	and
12	29	1625	1626	<
12	30	1627	1629	or
12	31	1630	1631	=
12	32	1632	1634	10
12	33	1635	1636	%
12	34	1637	1644	entered
12	35	1645	1648	the
12	36	1649	1650	2
12	37	1651	1652	-
12	38	1653	1657	week
12	39	1658	1659	,
12	40	1660	1666	single
12	41	1667	1668	-
12	42	1669	1674	blind
12	43	1675	1676	,
12	44	1677	1684	placebo
12	45	1685	1688	run
12	46	1689	1690	-
12	47	1691	1693	in
12	48	1694	1700	period
12	49	1701	1709	directly
12	50	1710	1711	.
#Text=Thus, at the time of randomization, all patients were receiving ongoing pioglitazone (30 or 45 mg/d).
13	1	1712	1716	Thus
13	2	1717	1718	,
13	3	1719	1721	at
13	4	1722	1725	the
13	5	1726	1730	time
13	6	1731	1733	of
13	7	1734	1747	randomization
13	8	1748	1749	,
13	9	1750	1753	all
13	10	1754	1762	patients
13	11	1763	1767	were
13	12	1768	1777	receiving
13	13	1778	1785	ongoing
13	14	1786	1798	pioglitazone
13	15	1799	1800	(
13	16	1801	1803	30
13	17	1804	1806	or
13	18	1807	1809	45
13	19	1810	1812	mg
13	20	1813	1814	/
13	21	1815	1816	d
13	22	1817	1818	)
13	23	1819	1820	.
#Text=Patients were randomized in a 1:1 ratio to receive  sitagliptin 100 mg once daily or placebo for 24 weeks.
14	1	1821	1829	Patients
14	2	1830	1834	were
14	3	1835	1845	randomized
14	4	1846	1848	in
14	5	1849	1850	a
14	6	1851	1852	1
14	7	1853	1854	:
14	8	1855	1856	1
14	9	1857	1862	ratio
14	10	1863	1865	to
14	11	1866	1873	receive
14	12	1874	1885	sitagliptin
14	13	1886	1889	100
14	14	1890	1892	mg
14	15	1893	1897	once
14	16	1898	1903	daily
14	17	1904	1906	or
14	18	1907	1914	placebo
14	19	1915	1918	for
14	20	1919	1921	24
14	21	1922	1927	weeks
14	22	1928	1929	.
#Text=The primary efficacy end point was the change from baseline in HbA(1c) at week 24.
15	1	1930	1933	The
15	2	1934	1941	primary
15	3	1942	1950	efficacy
15	4	1951	1954	end
15	5	1955	1960	point
15	6	1961	1964	was
15	7	1965	1968	the
15	8	1969	1975	change
15	9	1976	1980	from
15	10	1981	1989	baseline
15	11	1990	1992	in
15	12	1993	1996	HbA
15	13	1997	1998	(
15	14	1999	2001	1c
15	15	2002	2003	)
15	16	2004	2006	at
15	17	2007	2011	week
15	18	2012	2014	24
15	19	2015	2016	.
#Text=Secondary efficacy end  points included the change from baseline in fasting plasma glucose (FPG), insulin, and proinsulin; the Homeostasis Model Assessment beta-cell function and  insulin-resistance indexes; the proinsulin/ insulin ratio; the Quantitative Insulin Sensitivity Check Index; the percent changes from baseline in selected lipid parameters; the proportion of patients meeting the American Diabetes Association HbA(1c), goal of <7.0%; the proportion of patients requiring metformin rescue therapy; and the time to the initiation of rescue therapy.
16	1	2017	2026	Secondary
16	2	2027	2035	efficacy
16	3	2036	2039	end
16	4	2040	2046	points
16	5	2047	2055	included
16	6	2056	2059	the
16	7	2060	2066	change
16	8	2067	2071	from
16	9	2072	2080	baseline
16	10	2081	2083	in
16	11	2084	2091	fasting
16	12	2092	2098	plasma
16	13	2099	2106	glucose
16	14	2107	2108	(
16	15	2109	2112	FPG
16	16	2113	2114	)
16	17	2115	2116	,
16	18	2117	2124	insulin
16	19	2125	2126	,
16	20	2127	2130	and
16	21	2131	2141	proinsulin
16	22	2142	2143	;
16	23	2144	2147	the
16	24	2148	2159	Homeostasis
16	25	2160	2165	Model
16	26	2166	2176	Assessment
16	27	2177	2181	beta
16	28	2182	2183	-
16	29	2184	2188	cell
16	30	2189	2197	function
16	31	2198	2201	and
16	32	2202	2209	insulin
16	33	2210	2211	-
16	34	2212	2222	resistance
16	35	2223	2230	indexes
16	36	2231	2232	;
16	37	2233	2236	the
16	38	2237	2247	proinsulin
16	39	2248	2249	/
16	40	2250	2257	insulin
16	41	2258	2263	ratio
16	42	2264	2265	;
16	43	2266	2269	the
16	44	2270	2282	Quantitative
16	45	2283	2290	Insulin
16	46	2291	2302	Sensitivity
16	47	2303	2308	Check
16	48	2309	2314	Index
16	49	2315	2316	;
16	50	2317	2320	the
16	51	2321	2328	percent
16	52	2329	2336	changes
16	53	2337	2341	from
16	54	2342	2350	baseline
16	55	2351	2353	in
16	56	2354	2362	selected
16	57	2363	2368	lipid
16	58	2369	2379	parameters
16	59	2380	2381	;
16	60	2382	2385	the
16	61	2386	2396	proportion
16	62	2397	2399	of
16	63	2400	2408	patients
16	64	2409	2416	meeting
16	65	2417	2420	the
16	66	2421	2429	American
16	67	2430	2438	Diabetes
16	68	2439	2450	Association
16	69	2451	2454	HbA
16	70	2455	2456	(
16	71	2457	2459	1c
16	72	2460	2461	)
16	73	2462	2463	,
16	74	2464	2468	goal
16	75	2469	2471	of
16	76	2472	2473	<
16	77	2474	2475	7
16	78	2476	2477	.
16	79	2478	2479	0
16	80	2480	2481	%
16	81	2482	2483	;
16	82	2484	2487	the
16	83	2488	2498	proportion
16	84	2499	2501	of
16	85	2502	2510	patients
16	86	2511	2520	requiring
16	87	2521	2530	metformin
16	88	2531	2537	rescue
16	89	2538	2545	therapy
16	90	2546	2547	;
16	91	2548	2551	and
16	92	2552	2555	the
16	93	2556	2560	time
16	94	2561	2563	to
16	95	2564	2567	the
16	96	2568	2578	initiation
16	97	2579	2581	of
16	98	2582	2588	rescue
16	99	2589	2596	therapy
16	100	2597	2598	.
#Text=RESULTS: One hundred seventy-five patients were randomized to receive sitagliptin, and 178 were randomized to receive placebo.
17	1	2599	2606	RESULTS
17	2	2607	2608	:
17	3	2609	2612	One
17	4	2613	2620	hundred
17	5	2621	2628	seventy
17	6	2629	2630	-
17	7	2631	2635	five
17	8	2636	2644	patients
17	9	2645	2649	were
17	10	2650	2660	randomized
17	11	2661	2663	to
17	12	2664	2671	receive
17	13	2672	2683	sitagliptin
17	14	2684	2685	,
17	15	2686	2689	and
17	16	2690	2693	178
17	17	2694	2698	were
17	18	2699	2709	randomized
17	19	2710	2712	to
17	20	2713	2720	receive
17	21	2721	2728	placebo
17	22	2729	2730	.
#Text=The mean (SD) baseline HbAlc value was 8.1% (0.8) in the sitagliptin group and 8.0% (0.8) in the placebo group.
18	1	2731	2734	The
18	2	2735	2739	mean
18	3	2740	2741	(
18	4	2742	2744	SD
18	5	2745	2746	)
18	6	2747	2755	baseline
18	7	2756	2761	HbAlc
18	8	2762	2767	value
18	9	2768	2771	was
18	10	2772	2773	8
18	11	2774	2775	.
18	12	2776	2777	1
18	13	2778	2779	%
18	14	2780	2781	(
18	15	2782	2783	0
18	16	2784	2785	.
18	17	2786	2787	8
18	18	2788	2789	)
18	19	2790	2792	in
18	20	2793	2796	the
18	21	2797	2808	sitagliptin
18	22	2809	2814	group
18	23	2815	2818	and
18	24	2819	2820	8
18	25	2821	2822	.
18	26	2823	2824	0
18	27	2825	2826	%
18	28	2827	2828	(
18	29	2829	2830	0
18	30	2831	2832	.
18	31	2833	2834	8
18	32	2835	2836	)
18	33	2837	2839	in
18	34	2840	2843	the
18	35	2844	2851	placebo
18	36	2852	2857	group
18	37	2858	2859	.
#Text=After 24 weeks, sitagliptin added to pioglitazone therapy was associated with significant reductions compared with placebo in HbA(1c) (between-treatment difference in least squares [LS] mean change from baseline.
19	1	2860	2865	After
19	2	2866	2868	24
19	3	2869	2874	weeks
19	4	2875	2876	,
19	5	2877	2888	sitagliptin
19	6	2889	2894	added
19	7	2895	2897	to
19	8	2898	2910	pioglitazone
19	9	2911	2918	therapy
19	10	2919	2922	was
19	11	2923	2933	associated
19	12	2934	2938	with
19	13	2939	2950	significant
19	14	2951	2961	reductions
19	15	2962	2970	compared
19	16	2971	2975	with
19	17	2976	2983	placebo
19	18	2984	2986	in
19	19	2987	2990	HbA
19	20	2991	2992	(
19	21	2993	2995	1c
19	22	2996	2997	)
19	23	2998	2999	(
19	24	3000	3007	between
19	25	3008	3009	-
19	26	3010	3019	treatment
19	27	3020	3030	difference
19	28	3031	3033	in
19	29	3034	3039	least
19	30	3040	3047	squares
19	31	3048	3049	[
19	32	3050	3052	LS
19	33	3053	3054	]
19	34	3055	3059	mean
19	35	3060	3066	change
19	36	3067	3071	from
19	37	3072	3080	baseline
19	38	3081	3082	.
#Text=-0.70 %; 95 % CI, -0.85 to -0.54; P < 0.001) and FPG (-17.7 mg/dL; 95% CI, -24.3 to -11.0; P < 0.001).
20	1	3083	3084	-
20	2	3085	3086	0
20	3	3087	3088	.
20	4	3089	3091	70
20	5	3092	3093	%
20	6	3094	3095	;
20	7	3096	3098	95
20	8	3099	3100	%
20	9	3101	3103	CI
20	10	3104	3105	,
20	11	3106	3107	-
20	12	3108	3109	0
20	13	3110	3111	.
20	14	3112	3114	85
20	15	3115	3117	to
20	16	3118	3119	-
20	17	3120	3121	0
20	18	3122	3123	.
20	19	3124	3126	54
20	20	3127	3128	;
20	21	3129	3130	P
20	22	3131	3132	<
20	23	3133	3134	0
20	24	3135	3136	.
20	25	3137	3140	001
20	26	3141	3142	)
20	27	3143	3146	and
20	28	3147	3150	FPG
20	29	3151	3152	(
20	30	3153	3154	-
20	31	3155	3157	17
20	32	3158	3159	.
20	33	3160	3161	7
20	34	3162	3164	mg
20	35	3165	3166	/
20	36	3167	3169	dL
20	37	3170	3171	;
20	38	3172	3174	95
20	39	3175	3176	%
20	40	3177	3179	CI
20	41	3180	3181	,
20	42	3182	3183	-
20	43	3184	3186	24
20	44	3187	3188	.
20	45	3189	3190	3
20	46	3191	3193	to
20	47	3194	3195	-
20	48	3196	3198	11
20	49	3199	3200	.
20	50	3201	3202	0
20	51	3203	3204	;
20	52	3205	3206	P
20	53	3207	3208	<
20	54	3209	3210	0
20	55	3211	3212	.
20	56	3213	3216	001
20	57	3217	3218	)
20	58	3219	3220	.
#Text=Mean HbA(1c) values at end point were 7.2% (0.9) and 7.8% (1.1) in the respective treatment groups, and the proportions of patients reaching a target HbA(1c) of <7.0% were 45.4% and 23.0% (P < 0.001).
21	1	3221	3225	Mean
21	2	3226	3229	HbA
21	3	3230	3231	(
21	4	3232	3234	1c
21	5	3235	3236	)
21	6	3237	3243	values
21	7	3244	3246	at
21	8	3247	3250	end
21	9	3251	3256	point
21	10	3257	3261	were
21	11	3262	3263	7
21	12	3264	3265	.
21	13	3266	3267	2
21	14	3268	3269	%
21	15	3270	3271	(
21	16	3272	3273	0
21	17	3274	3275	.
21	18	3276	3277	9
21	19	3278	3279	)
21	20	3280	3283	and
21	21	3284	3285	7
21	22	3286	3287	.
21	23	3288	3289	8
21	24	3290	3291	%
21	25	3292	3293	(
21	26	3294	3295	1
21	27	3296	3297	.
21	28	3298	3299	1
21	29	3300	3301	)
21	30	3302	3304	in
21	31	3305	3308	the
21	32	3309	3319	respective
21	33	3320	3329	treatment
21	34	3330	3336	groups
21	35	3337	3338	,
21	36	3339	3342	and
21	37	3343	3346	the
21	38	3347	3358	proportions
21	39	3359	3361	of
21	40	3362	3370	patients
21	41	3371	3379	reaching
21	42	3380	3381	a
21	43	3382	3388	target
21	44	3389	3392	HbA
21	45	3393	3394	(
21	46	3395	3397	1c
21	47	3398	3399	)
21	48	3400	3402	of
21	49	3403	3404	<
21	50	3405	3406	7
21	51	3407	3408	.
21	52	3409	3410	0
21	53	3411	3412	%
21	54	3413	3417	were
21	55	3418	3420	45
21	56	3421	3422	.
21	57	3423	3424	4
21	58	3425	3426	%
21	59	3427	3430	and
21	60	3431	3433	23
21	61	3434	3435	.
21	62	3436	3437	0
21	63	3438	3439	%
21	64	3440	3441	(
21	65	3442	3443	P
21	66	3444	3445	<
21	67	3446	3447	0
21	68	3448	3449	.
21	69	3450	3453	001
21	70	3454	3455	)
21	71	3456	3457	.
#Text=Significant reductions in fasting serum proinsulin levels and the proinsulin/insulin ratio were seen with sitagliptin treatment compared with placebo (both, P < 0.01).
22	1	3458	3469	Significant
22	2	3470	3480	reductions
22	3	3481	3483	in
22	4	3484	3491	fasting
22	5	3492	3497	serum
22	6	3498	3508	proinsulin
22	7	3509	3515	levels
22	8	3516	3519	and
22	9	3520	3523	the
22	10	3524	3534	proinsulin
22	11	3535	3536	/
22	12	3537	3544	insulin
22	13	3545	3550	ratio
22	14	3551	3555	were
22	15	3556	3560	seen
22	16	3561	3565	with
22	17	3566	3577	sitagliptin
22	18	3578	3587	treatment
22	19	3588	3596	compared
22	20	3597	3601	with
22	21	3602	3609	placebo
22	22	3610	3611	(
22	23	3612	3616	both
22	24	3617	3618	,
22	25	3619	3620	P
22	26	3621	3622	<
22	27	3623	3624	0
22	28	3625	3626	.
22	29	3627	3629	01
22	30	3630	3631	)
22	31	3632	3633	.
#Text=Sitagliptin was generally well tolerated, with no increased risk of hypoglycemia compared with placebo (2 vs 0 patients, respectively).
23	1	3634	3645	Sitagliptin
23	2	3646	3649	was
23	3	3650	3659	generally
23	4	3660	3664	well
23	5	3665	3674	tolerated
23	6	3675	3676	,
23	7	3677	3681	with
23	8	3682	3684	no
23	9	3685	3694	increased
23	10	3695	3699	risk
23	11	3700	3702	of
23	12	3703	3715	hypoglycemia
23	13	3716	3724	compared
23	14	3725	3729	with
23	15	3730	3737	placebo
23	16	3738	3739	(
23	17	3740	3741	2
23	18	3742	3744	vs
23	19	3745	3746	0
23	20	3747	3755	patients
23	21	3756	3757	,
23	22	3758	3770	respectively
23	23	3771	3772	)
23	24	3773	3774	.
#Text=DOI: 10.1016/j.clinthera.2006.10.007  PMID: 17157112  [Indexed for MEDLINE]
24	1	3775	3778	DOI
24	2	3779	3780	:
24	3	3781	3783	10
24	4	3784	3785	.
24	5	3786	3790	1016
24	6	3791	3792	/
24	7	3793	3794	j
24	8	3795	3796	.
24	9	3797	3806	clinthera
24	10	3807	3808	.
24	11	3809	3813	2006
24	12	3814	3815	.
24	13	3816	3818	10
24	14	3819	3820	.
24	15	3821	3824	007
24	16	3825	3829	PMID
24	17	3830	3831	:
24	18	3832	3840	17157112
24	19	3841	3842	[
24	20	3843	3850	Indexed
24	21	3851	3854	for
24	22	3855	3862	MEDLINE
24	23	3863	3864	]
