#Text=Diabetes Care.
1	1	0	8	Diabetes
1	2	9	13	Care
1	3	14	15	.
#Text=2014;37(3):740-50. doi: 10.2337/dc13-0467.
2	1	16	20	2014
2	2	21	22	;
2	3	23	25	37
2	4	26	27	(
2	5	28	29	3
2	6	30	31	)
2	7	32	33	:
2	8	34	37	740
2	9	38	39	-
2	10	40	42	50
2	11	43	44	.
2	12	45	48	doi
2	13	49	50	:
2	14	51	53	10
2	15	54	55	.
2	16	56	60	2337
2	17	61	62	/
2	18	63	67	dc13
2	19	68	69	-
2	20	70	74	0467
2	21	75	76	.
#Text=Epub 2013 Oct 21.
3	1	77	81	Epub
3	2	82	86	2013
3	3	87	90	Oct
3	4	91	93	21
3	5	94	95	.
#Text=Dapagliflozin is effective as add-on therapy to sitagliptin with or without metformin: a 24-week, multicenter, randomized, double-blind, placebo-controlled study.
4	1	96	109	Dapagliflozin
4	2	110	112	is
4	3	113	122	effective
4	4	123	125	as
4	5	126	129	add
4	6	130	131	-
4	7	132	134	on
4	8	135	142	therapy
4	9	143	145	to
4	10	146	157	sitagliptin
4	11	158	162	with
4	12	163	165	or
4	13	166	173	without
4	14	174	183	metformin
4	15	184	185	:
4	16	186	187	a
4	17	188	190	24
4	18	191	192	-
4	19	193	197	week
4	20	198	199	,
4	21	200	211	multicenter
4	22	212	213	,
4	23	214	224	randomized
4	24	225	226	,
4	25	227	233	double
4	26	234	235	-
4	27	236	241	blind
4	28	242	243	,
4	29	244	251	placebo
4	30	252	253	-
4	31	254	264	controlled
4	32	265	270	study
4	33	271	272	.
#Text=Jabbour SA(1), Hardy E, Sugg J, Parikh S; Study 10 Group.
5	1	273	280	Jabbour
5	2	281	283	SA
5	3	284	285	(
5	4	286	287	1
5	5	288	289	)
5	6	290	291	,
5	7	292	297	Hardy
5	8	298	299	E
5	9	300	301	,
5	10	302	306	Sugg
5	11	307	308	J
5	12	309	310	,
5	13	311	317	Parikh
5	14	318	319	S
5	15	320	321	;
5	16	322	327	Study
5	17	328	330	10
5	18	331	336	Group
5	19	337	338	.
#Text=Collaborators: Cuadrado J, Aizenberg D, Mociulsky J, Maffei L, Sinay IR, Fretes JO, Baccaro CE, Aimone D, Alvarisqueta A, Cantero MC, Hermida SG, Sposetti G, Lorenzatti AL, Lúquez C, Saavedra SS, Hamann A, Tangerding G, Kosch C, Rose L, Züechner D, Wendisch U, Keuthage W, Mölle A, Büttner C, Hennig D, Herrera Marmolejo M, González Gálvez G, Caracas Portilla NA, Aguilar Salinas CA, Sánchez  Arriaga LF, Pasternak D, Wojnowski L, Derezinski T, Babol I, Pomiecko W, Romanczuk P, Pazdziora J, Krzyzagórska E, Strojek K, Ponikowska I, Skudlarski D,  Winogrodzka-Pulchny B, Bodalia B, Tam D, Adler M, Conn P, Butler M, Caldwell ID,  Saul PA, Takhar A, McNally D, Butcher G, Harvey P, Turner W, Chapman G, Gillings  S, Jabbour SA, Bernstein RI, Broker RE, Buth DK, Downey HJ, Gabriel JD, Heidbrier EW, Hill JM, Kaye WA, Mulford MI, Pragalos AA, Riff DS, Tamayo RE, Tannoury G, Adams MR, Gallen J, Andrawis NS, Barreto A, Gilliard LM, Johnson MK, Knopke CG 3rd, Miller SS, Powell SJ, Rodstein SR, Helmer T, Schumacher DR, Shachar SB, Speer J, Streja DA, Brusco OA Jr, Cuevas ES, Ganong KD, Hoekstra JA, Ibarra S, Mills RE, Pettyjohn FS, Rosenstock J, Rothman JG, Warren MW, Webster BR, Patel AB, Gabra NW, Patel BK, Hubach EA, Bidair M, Hassman DR, Michlin B, Nabours WC, Sotolongo R, Arcuri Kimzey N, Edris M, Hazan LL, Jimenez F, Freedman D, Claassen  DA, Sugimoto D, Marcus A, Corder CN, Szczesny M, McCarthy E, Makam SK, Venereo J, Sewell M, Ibraheem MA, Sligh TS.
6	1	339	352	Collaborators
6	2	353	354	:
6	3	355	363	Cuadrado
6	4	364	365	J
6	5	366	367	,
6	6	368	377	Aizenberg
6	7	378	379	D
6	8	380	381	,
6	9	382	391	Mociulsky
6	10	392	393	J
6	11	394	395	,
6	12	396	402	Maffei
6	13	403	404	L
6	14	405	406	,
6	15	407	412	Sinay
6	16	413	415	IR
6	17	416	417	,
6	18	418	424	Fretes
6	19	425	427	JO
6	20	428	429	,
6	21	430	437	Baccaro
6	22	438	440	CE
6	23	441	442	,
6	24	443	449	Aimone
6	25	450	451	D
6	26	452	453	,
6	27	454	466	Alvarisqueta
6	28	467	468	A
6	29	469	470	,
6	30	471	478	Cantero
6	31	479	481	MC
6	32	482	483	,
6	33	484	491	Hermida
6	34	492	494	SG
6	35	495	496	,
6	36	497	505	Sposetti
6	37	506	507	G
6	38	508	509	,
6	39	510	520	Lorenzatti
6	40	521	523	AL
6	41	524	525	,
6	42	526	527	L
6	43	528	529	ú
6	44	530	534	quez
6	45	535	536	C
6	46	537	538	,
6	47	539	547	Saavedra
6	48	548	550	SS
6	49	551	552	,
6	50	553	559	Hamann
6	51	560	561	A
6	52	562	563	,
6	53	564	574	Tangerding
6	54	575	576	G
6	55	577	578	,
6	56	579	584	Kosch
6	57	585	586	C
6	58	587	588	,
6	59	589	593	Rose
6	60	594	595	L
6	61	596	597	,
6	62	598	599	Z
6	63	600	601	ü
6	64	602	608	echner
6	65	609	610	D
6	66	611	612	,
6	67	613	621	Wendisch
6	68	622	623	U
6	69	624	625	,
6	70	626	634	Keuthage
6	71	635	636	W
6	72	637	638	,
6	73	639	640	M
6	74	641	642	ö
6	75	643	646	lle
6	76	647	648	A
6	77	649	650	,
6	78	651	652	B
6	79	653	654	ü
6	80	655	660	ttner
6	81	661	662	C
6	82	663	664	,
6	83	665	671	Hennig
6	84	672	673	D
6	85	674	675	,
6	86	676	683	Herrera
6	87	684	693	Marmolejo
6	88	694	695	M
6	89	696	697	,
6	90	698	702	Gonz
6	91	703	704	á
6	92	705	708	lez
6	93	709	710	G
6	94	711	712	á
6	95	713	717	lvez
6	96	718	719	G
6	97	720	721	,
6	98	722	729	Caracas
6	99	730	738	Portilla
6	100	739	741	NA
6	101	742	743	,
6	102	744	751	Aguilar
6	103	752	759	Salinas
6	104	760	762	CA
6	105	763	764	,
6	106	765	766	S
6	107	767	768	á
6	108	769	774	nchez
6	109	775	782	Arriaga
6	110	783	785	LF
6	111	786	787	,
6	112	788	797	Pasternak
6	113	798	799	D
6	114	800	801	,
6	115	802	811	Wojnowski
6	116	812	813	L
6	117	814	815	,
6	118	816	826	Derezinski
6	119	827	828	T
6	120	829	830	,
6	121	831	836	Babol
6	122	837	838	I
6	123	839	840	,
6	124	841	849	Pomiecko
6	125	850	851	W
6	126	852	853	,
6	127	854	863	Romanczuk
6	128	864	865	P
6	129	866	867	,
6	130	868	877	Pazdziora
6	131	878	879	J
6	132	880	881	,
6	133	882	889	Krzyzag
6	134	890	891	ó
6	135	892	896	rska
6	136	897	898	E
6	137	899	900	,
6	138	901	908	Strojek
6	139	909	910	K
6	140	911	912	,
6	141	913	923	Ponikowska
6	142	924	925	I
6	143	926	927	,
6	144	928	938	Skudlarski
6	145	939	940	D
6	146	941	942	,
6	147	943	954	Winogrodzka
6	148	955	956	-
6	149	957	964	Pulchny
6	150	965	966	B
6	151	967	968	,
6	152	969	976	Bodalia
6	153	977	978	B
6	154	979	980	,
6	155	981	984	Tam
6	156	985	986	D
6	157	987	988	,
6	158	989	994	Adler
6	159	995	996	M
6	160	997	998	,
6	161	999	1003	Conn
6	162	1004	1005	P
6	163	1006	1007	,
6	164	1008	1014	Butler
6	165	1015	1016	M
6	166	1017	1018	,
6	167	1019	1027	Caldwell
6	168	1028	1030	ID
6	169	1031	1032	,
6	170	1033	1037	Saul
6	171	1038	1040	PA
6	172	1041	1042	,
6	173	1043	1049	Takhar
6	174	1050	1051	A
6	175	1052	1053	,
6	176	1054	1061	McNally
6	177	1062	1063	D
6	178	1064	1065	,
6	179	1066	1073	Butcher
6	180	1074	1075	G
6	181	1076	1077	,
6	182	1078	1084	Harvey
6	183	1085	1086	P
6	184	1087	1088	,
6	185	1089	1095	Turner
6	186	1096	1097	W
6	187	1098	1099	,
6	188	1100	1107	Chapman
6	189	1108	1109	G
6	190	1110	1111	,
6	191	1112	1120	Gillings
6	192	1121	1122	S
6	193	1123	1124	,
6	194	1125	1132	Jabbour
6	195	1133	1135	SA
6	196	1136	1137	,
6	197	1138	1147	Bernstein
6	198	1148	1150	RI
6	199	1151	1152	,
6	200	1153	1159	Broker
6	201	1160	1162	RE
6	202	1163	1164	,
6	203	1165	1169	Buth
6	204	1170	1172	DK
6	205	1173	1174	,
6	206	1175	1181	Downey
6	207	1182	1184	HJ
6	208	1185	1186	,
6	209	1187	1194	Gabriel
6	210	1195	1197	JD
6	211	1198	1199	,
6	212	1200	1209	Heidbrier
6	213	1210	1212	EW
6	214	1213	1214	,
6	215	1215	1219	Hill
6	216	1220	1222	JM
6	217	1223	1224	,
6	218	1225	1229	Kaye
6	219	1230	1232	WA
6	220	1233	1234	,
6	221	1235	1242	Mulford
6	222	1243	1245	MI
6	223	1246	1247	,
6	224	1248	1256	Pragalos
6	225	1257	1259	AA
6	226	1260	1261	,
6	227	1262	1266	Riff
6	228	1267	1269	DS
6	229	1270	1271	,
6	230	1272	1278	Tamayo
6	231	1279	1281	RE
6	232	1282	1283	,
6	233	1284	1292	Tannoury
6	234	1293	1294	G
6	235	1295	1296	,
6	236	1297	1302	Adams
6	237	1303	1305	MR
6	238	1306	1307	,
6	239	1308	1314	Gallen
6	240	1315	1316	J
6	241	1317	1318	,
6	242	1319	1327	Andrawis
6	243	1328	1330	NS
6	244	1331	1332	,
6	245	1333	1340	Barreto
6	246	1341	1342	A
6	247	1343	1344	,
6	248	1345	1353	Gilliard
6	249	1354	1356	LM
6	250	1357	1358	,
6	251	1359	1366	Johnson
6	252	1367	1369	MK
6	253	1370	1371	,
6	254	1372	1378	Knopke
6	255	1379	1381	CG
6	256	1382	1385	3rd
6	257	1386	1387	,
6	258	1388	1394	Miller
6	259	1395	1397	SS
6	260	1398	1399	,
6	261	1400	1406	Powell
6	262	1407	1409	SJ
6	263	1410	1411	,
6	264	1412	1420	Rodstein
6	265	1421	1423	SR
6	266	1424	1425	,
6	267	1426	1432	Helmer
6	268	1433	1434	T
6	269	1435	1436	,
6	270	1437	1447	Schumacher
6	271	1448	1450	DR
6	272	1451	1452	,
6	273	1453	1460	Shachar
6	274	1461	1463	SB
6	275	1464	1465	,
6	276	1466	1471	Speer
6	277	1472	1473	J
6	278	1474	1475	,
6	279	1476	1482	Streja
6	280	1483	1485	DA
6	281	1486	1487	,
6	282	1488	1494	Brusco
6	283	1495	1497	OA
6	284	1498	1500	Jr
6	285	1501	1502	,
6	286	1503	1509	Cuevas
6	287	1510	1512	ES
6	288	1513	1514	,
6	289	1515	1521	Ganong
6	290	1522	1524	KD
6	291	1525	1526	,
6	292	1527	1535	Hoekstra
6	293	1536	1538	JA
6	294	1539	1540	,
6	295	1541	1547	Ibarra
6	296	1548	1549	S
6	297	1550	1551	,
6	298	1552	1557	Mills
6	299	1558	1560	RE
6	300	1561	1562	,
6	301	1563	1572	Pettyjohn
6	302	1573	1575	FS
6	303	1576	1577	,
6	304	1578	1588	Rosenstock
6	305	1589	1590	J
6	306	1591	1592	,
6	307	1593	1600	Rothman
6	308	1601	1603	JG
6	309	1604	1605	,
6	310	1606	1612	Warren
6	311	1613	1615	MW
6	312	1616	1617	,
6	313	1618	1625	Webster
6	314	1626	1628	BR
6	315	1629	1630	,
6	316	1631	1636	Patel
6	317	1637	1639	AB
6	318	1640	1641	,
6	319	1642	1647	Gabra
6	320	1648	1650	NW
6	321	1651	1652	,
6	322	1653	1658	Patel
6	323	1659	1661	BK
6	324	1662	1663	,
6	325	1664	1670	Hubach
6	326	1671	1673	EA
6	327	1674	1675	,
6	328	1676	1682	Bidair
6	329	1683	1684	M
6	330	1685	1686	,
6	331	1687	1694	Hassman
6	332	1695	1697	DR
6	333	1698	1699	,
6	334	1700	1707	Michlin
6	335	1708	1709	B
6	336	1710	1711	,
6	337	1712	1719	Nabours
6	338	1720	1722	WC
6	339	1723	1724	,
6	340	1725	1734	Sotolongo
6	341	1735	1736	R
6	342	1737	1738	,
6	343	1739	1745	Arcuri
6	344	1746	1752	Kimzey
6	345	1753	1754	N
6	346	1755	1756	,
6	347	1757	1762	Edris
6	348	1763	1764	M
6	349	1765	1766	,
6	350	1767	1772	Hazan
6	351	1773	1775	LL
6	352	1776	1777	,
6	353	1778	1785	Jimenez
6	354	1786	1787	F
6	355	1788	1789	,
6	356	1790	1798	Freedman
6	357	1799	1800	D
6	358	1801	1802	,
6	359	1803	1811	Claassen
6	360	1812	1814	DA
6	361	1815	1816	,
6	362	1817	1825	Sugimoto
6	363	1826	1827	D
6	364	1828	1829	,
6	365	1830	1836	Marcus
6	366	1837	1838	A
6	367	1839	1840	,
6	368	1841	1847	Corder
6	369	1848	1850	CN
6	370	1851	1852	,
6	371	1853	1861	Szczesny
6	372	1862	1863	M
6	373	1864	1865	,
6	374	1866	1874	McCarthy
6	375	1875	1876	E
6	376	1877	1878	,
6	377	1879	1884	Makam
6	378	1885	1887	SK
6	379	1888	1889	,
6	380	1890	1897	Venereo
6	381	1898	1899	J
6	382	1900	1901	,
6	383	1902	1908	Sewell
6	384	1909	1910	M
6	385	1911	1912	,
6	386	1913	1921	Ibraheem
6	387	1922	1924	MA
6	388	1925	1926	,
6	389	1927	1932	Sligh
6	390	1933	1935	TS
6	391	1936	1937	.
#Text=Author information:  (1)Corresponding author: Serge A. Jabbour, serge.jabbour@jefferson.edu.
7	1	1938	1944	Author
7	2	1945	1956	information
7	3	1957	1958	:
7	4	1959	1960	(
7	5	1961	1962	1
7	6	1963	1964	)
7	7	1965	1978	Corresponding
7	8	1979	1985	author
7	9	1986	1987	:
7	10	1988	1993	Serge
7	11	1994	1995	A
7	12	1996	1997	.
7	13	1998	2005	Jabbour
7	14	2006	2007	,
7	15	2008	2013	serge
7	16	2014	2015	.
7	17	2016	2023	jabbour
7	18	2024	2025	@
7	19	2026	2035	jefferson
7	20	2036	2037	.
7	21	2038	2041	edu
7	22	2042	2043	.
#Text=Comment in     Expert Opin Pharmacother.
8	1	2044	2051	Comment
8	2	2052	2054	in
8	3	2055	2061	Expert
8	4	2062	2066	Opin
8	5	2067	2079	Pharmacother
8	6	2080	2081	.
#Text=2014 Aug;15(11):1631-5.
9	1	2082	2086	2014
9	2	2087	2090	Aug
9	3	2091	2092	;
9	4	2093	2095	15
9	5	2096	2097	(
9	6	2098	2100	11
9	7	2101	2102	)
9	8	2103	2104	:
9	9	2105	2109	1631
9	10	2110	2111	-
9	11	2112	2113	5
9	12	2114	2115	.
#Text=OBJECTIVE: To assess the efficacy and safety of dapagliflozin as add-on therapy in patients with type 2 diabetes who were inadequately controlled with a dipeptidyl peptidase-4 inhibitor with or without metformin.
10	1	2116	2125	OBJECTIVE
10	2	2126	2127	:
10	3	2128	2130	To
10	4	2131	2137	assess
10	5	2138	2141	the
10	6	2142	2150	efficacy
10	7	2151	2154	and
10	8	2155	2161	safety
10	9	2162	2164	of
10	10	2165	2178	dapagliflozin
10	11	2179	2181	as
10	12	2182	2185	add
10	13	2186	2187	-
10	14	2188	2190	on
10	15	2191	2198	therapy
10	16	2199	2201	in
10	17	2202	2210	patients
10	18	2211	2215	with
10	19	2216	2220	type
10	20	2221	2222	2
10	21	2223	2231	diabetes
10	22	2232	2235	who
10	23	2236	2240	were
10	24	2241	2253	inadequately
10	25	2254	2264	controlled
10	26	2265	2269	with
10	27	2270	2271	a
10	28	2272	2282	dipeptidyl
10	29	2283	2292	peptidase
10	30	2293	2294	-
10	31	2295	2296	4
10	32	2297	2306	inhibitor
10	33	2307	2311	with
10	34	2312	2314	or
10	35	2315	2322	without
10	36	2323	2332	metformin
10	37	2333	2334	.
#Text=RESEARCH DESIGN AND METHODS: In this 24-week, multicenter, randomized, double-blind, placebo-controlled, parallel-group, phase 3 study with a 24-week blinded extension period, 432 patients were randomized to receive dapagliflozin 10 mg/day or placebo added to sitagliptin (100 mg/day) ± metformin (≥1,500 mg/day).
11	1	2335	2343	RESEARCH
11	2	2344	2350	DESIGN
11	3	2351	2354	AND
11	4	2355	2362	METHODS
11	5	2363	2364	:
11	6	2365	2367	In
11	7	2368	2372	this
11	8	2373	2375	24
11	9	2376	2377	-
11	10	2378	2382	week
11	11	2383	2384	,
11	12	2385	2396	multicenter
11	13	2397	2398	,
11	14	2399	2409	randomized
11	15	2410	2411	,
11	16	2412	2418	double
11	17	2419	2420	-
11	18	2421	2426	blind
11	19	2427	2428	,
11	20	2429	2436	placebo
11	21	2437	2438	-
11	22	2439	2449	controlled
11	23	2450	2451	,
11	24	2452	2460	parallel
11	25	2461	2462	-
11	26	2463	2468	group
11	27	2469	2470	,
11	28	2471	2476	phase
11	29	2477	2478	3
11	30	2479	2484	study
11	31	2485	2489	with
11	32	2490	2491	a
11	33	2492	2494	24
11	34	2495	2496	-
11	35	2497	2501	week
11	36	2502	2509	blinded
11	37	2510	2519	extension
11	38	2520	2526	period
11	39	2527	2528	,
11	40	2529	2532	432
11	41	2533	2541	patients
11	42	2542	2546	were
11	43	2547	2557	randomized
11	44	2558	2560	to
11	45	2561	2568	receive
11	46	2569	2582	dapagliflozin
11	47	2583	2585	10
11	48	2586	2588	mg
11	49	2589	2590	/
11	50	2591	2594	day
11	51	2595	2597	or
11	52	2598	2605	placebo
11	53	2606	2611	added
11	54	2612	2614	to
11	55	2615	2626	sitagliptin
11	56	2627	2628	(
11	57	2629	2632	100
11	58	2633	2635	mg
11	59	2636	2637	/
11	60	2638	2641	day
11	61	2642	2643	)
11	62	2644	2645	±
11	63	2646	2655	metformin
11	64	2656	2657	(
11	65	2658	2659	≥
11	66	2660	2661	1
11	67	2662	2663	,
11	68	2664	2667	500
11	69	2668	2670	mg
11	70	2671	2672	/
11	71	2673	2676	day
11	72	2677	2678	)
11	73	2679	2680	.
#Text=RESULTS: Baseline HbA1c and FPG levels were 7.9% (63.0 mmol/mol) and 162.2 mg/dL  (9.0 mmol/L) for the dapagliflozin group and 8.0% (64.0 mmol/mol) and 163 mg/dL (9.0 mmol/L) for placebo.
12	1	2681	2688	RESULTS
12	2	2689	2690	:
12	3	2691	2699	Baseline
12	4	2700	2705	HbA1c
12	5	2706	2709	and
12	6	2710	2713	FPG
12	7	2714	2720	levels
12	8	2721	2725	were
12	9	2726	2727	7
12	10	2728	2729	.
12	11	2730	2731	9
12	12	2732	2733	%
12	13	2734	2735	(
12	14	2736	2738	63
12	15	2739	2740	.
12	16	2741	2742	0
12	17	2743	2747	mmol
12	18	2748	2749	/
12	19	2750	2753	mol
12	20	2754	2755	)
12	21	2756	2759	and
12	22	2760	2763	162
12	23	2764	2765	.
12	24	2766	2767	2
12	25	2768	2770	mg
12	26	2771	2772	/
12	27	2773	2775	dL
12	28	2776	2777	(
12	29	2778	2779	9
12	30	2780	2781	.
12	31	2782	2783	0
12	32	2784	2788	mmol
12	33	2789	2790	/
12	34	2791	2792	L
12	35	2793	2794	)
12	36	2795	2798	for
12	37	2799	2802	the
12	38	2803	2816	dapagliflozin
12	39	2817	2822	group
12	40	2823	2826	and
12	41	2827	2828	8
12	42	2829	2830	.
12	43	2831	2832	0
12	44	2833	2834	%
12	45	2835	2836	(
12	46	2837	2839	64
12	47	2840	2841	.
12	48	2842	2843	0
12	49	2844	2848	mmol
12	50	2849	2850	/
12	51	2851	2854	mol
12	52	2855	2856	)
12	53	2857	2860	and
12	54	2861	2864	163
12	55	2865	2867	mg
12	56	2868	2869	/
12	57	2870	2872	dL
12	58	2873	2874	(
12	59	2875	2876	9
12	60	2877	2878	.
12	61	2879	2880	0
12	62	2881	2885	mmol
12	63	2886	2887	/
12	64	2888	2889	L
12	65	2890	2891	)
12	66	2892	2895	for
12	67	2896	2903	placebo
12	68	2904	2905	.
#Text=At week 24, dapagliflozin significantly reduced mean HbA1c levels (-0.5% [-4.9 mmol/mol]) versus placebo (0.0% [+0.4 mmol/mol]).
13	1	2906	2908	At
13	2	2909	2913	week
13	3	2914	2916	24
13	4	2917	2918	,
13	5	2919	2932	dapagliflozin
13	6	2933	2946	significantly
13	7	2947	2954	reduced
13	8	2955	2959	mean
13	9	2960	2965	HbA1c
13	10	2966	2972	levels
13	11	2973	2974	(
13	12	2975	2976	-
13	13	2977	2978	0
13	14	2979	2980	.
13	15	2981	2982	5
13	16	2983	2984	%
13	17	2985	2986	[
13	18	2987	2988	-
13	19	2989	2990	4
13	20	2991	2992	.
13	21	2993	2994	9
13	22	2995	2999	mmol
13	23	3000	3001	/
13	24	3002	3005	mol
13	25	3006	3007	]
13	26	3008	3009	)
13	27	3010	3016	versus
13	28	3017	3024	placebo
13	29	3025	3026	(
13	30	3027	3028	0
13	31	3029	3030	.
13	32	3031	3032	0
13	33	3033	3034	%
13	34	3035	3036	[
13	35	3037	3038	+
13	36	3039	3040	0
13	37	3041	3042	.
13	38	3043	3044	4
13	39	3045	3049	mmol
13	40	3050	3051	/
13	41	3052	3055	mol
13	42	3056	3057	]
13	43	3058	3059	)
13	44	3060	3061	.
#Text=Dapagliflozin reduced body weight versus placebo (-2.1 and -0.3 kg) and reduced HbA1c levels in patients with baseline values ≥8.0% (-0.8% [8.7 mmol/mol] and 0.0% [0.3 mmol/mol]) and fasting plasma glucose levels (-24.1 mg/dL [-1.3 mmol/L] and 3.8 mg/dL [0.2 mmol/L]).
14	1	3062	3075	Dapagliflozin
14	2	3076	3083	reduced
14	3	3084	3088	body
14	4	3089	3095	weight
14	5	3096	3102	versus
14	6	3103	3110	placebo
14	7	3111	3112	(
14	8	3113	3114	-
14	9	3115	3116	2
14	10	3117	3118	.
14	11	3119	3120	1
14	12	3121	3124	and
14	13	3125	3126	-
14	14	3127	3128	0
14	15	3129	3130	.
14	16	3131	3132	3
14	17	3133	3135	kg
14	18	3136	3137	)
14	19	3138	3141	and
14	20	3142	3149	reduced
14	21	3150	3155	HbA1c
14	22	3156	3162	levels
14	23	3163	3165	in
14	24	3166	3174	patients
14	25	3175	3179	with
14	26	3180	3188	baseline
14	27	3189	3195	values
14	28	3196	3197	≥
14	29	3198	3199	8
14	30	3200	3201	.
14	31	3202	3203	0
14	32	3204	3205	%
14	33	3206	3207	(
14	34	3208	3209	-
14	35	3210	3211	0
14	36	3212	3213	.
14	37	3214	3215	8
14	38	3216	3217	%
14	39	3218	3219	[
14	40	3220	3221	8
14	41	3222	3223	.
14	42	3224	3225	7
14	43	3226	3230	mmol
14	44	3231	3232	/
14	45	3233	3236	mol
14	46	3237	3238	]
14	47	3239	3242	and
14	48	3243	3244	0
14	49	3245	3246	.
14	50	3247	3248	0
14	51	3249	3250	%
14	52	3251	3252	[
14	53	3253	3254	0
14	54	3255	3256	.
14	55	3257	3258	3
14	56	3259	3263	mmol
14	57	3264	3265	/
14	58	3266	3269	mol
14	59	3270	3271	]
14	60	3272	3273	)
14	61	3274	3277	and
14	62	3278	3285	fasting
14	63	3286	3292	plasma
14	64	3293	3300	glucose
14	65	3301	3307	levels
14	66	3308	3309	(
14	67	3310	3311	-
14	68	3312	3314	24
14	69	3315	3316	.
14	70	3317	3318	1
14	71	3319	3321	mg
14	72	3322	3323	/
14	73	3324	3326	dL
14	74	3327	3328	[
14	75	3329	3330	-
14	76	3331	3332	1
14	77	3333	3334	.
14	78	3335	3336	3
14	79	3337	3341	mmol
14	80	3342	3343	/
14	81	3344	3345	L
14	82	3346	3347	]
14	83	3348	3351	and
14	84	3352	3353	3
14	85	3354	3355	.
14	86	3356	3357	8
14	87	3358	3360	mg
14	88	3361	3362	/
14	89	3363	3365	dL
14	90	3366	3367	[
14	91	3368	3369	0
14	92	3370	3371	.
14	93	3372	3373	2
14	94	3374	3378	mmol
14	95	3379	3380	/
14	96	3381	3382	L
14	97	3383	3384	]
14	98	3385	3386	)
14	99	3387	3388	.
#Text=Similar results were observed when data were stratified by background therapy.
15	1	3389	3396	Similar
15	2	3397	3404	results
15	3	3405	3409	were
15	4	3410	3418	observed
15	5	3419	3423	when
15	6	3424	3428	data
15	7	3429	3433	were
15	8	3434	3444	stratified
15	9	3445	3447	by
15	10	3448	3458	background
15	11	3459	3466	therapy
15	12	3467	3468	.
#Text=Glycemic and weight benefits observed at week 24 were maintained through week 48.
16	1	3469	3477	Glycemic
16	2	3478	3481	and
16	3	3482	3488	weight
16	4	3489	3497	benefits
16	5	3498	3506	observed
16	6	3507	3509	at
16	7	3510	3514	week
16	8	3515	3517	24
16	9	3518	3522	were
16	10	3523	3533	maintained
16	11	3534	3541	through
16	12	3542	3546	week
16	13	3547	3549	48
16	14	3550	3551	.
#Text=Changes from baseline in systolic blood pressure at week 8 were not significantly different between treatment groups.
17	1	3552	3559	Changes
17	2	3560	3564	from
17	3	3565	3573	baseline
17	4	3574	3576	in
17	5	3577	3585	systolic
17	6	3586	3591	blood
17	7	3592	3600	pressure
17	8	3601	3603	at
17	9	3604	3608	week
17	10	3609	3610	8
17	11	3611	3615	were
17	12	3616	3619	not
17	13	3620	3633	significantly
17	14	3634	3643	different
17	15	3644	3651	between
17	16	3652	3661	treatment
17	17	3662	3668	groups
17	18	3669	3670	.
#Text=Over 48 weeks, fewer patients receiving dapagliflozin were discontinued or rescued for failing to achieve glycemic targets compared with placebo.
18	1	3671	3675	Over
18	2	3676	3678	48
18	3	3679	3684	weeks
18	4	3685	3686	,
18	5	3687	3692	fewer
18	6	3693	3701	patients
18	7	3702	3711	receiving
18	8	3712	3725	dapagliflozin
18	9	3726	3730	were
18	10	3731	3743	discontinued
18	11	3744	3746	or
18	12	3747	3754	rescued
18	13	3755	3758	for
18	14	3759	3766	failing
18	15	3767	3769	to
18	16	3770	3777	achieve
18	17	3778	3786	glycemic
18	18	3787	3794	targets
18	19	3795	3803	compared
18	20	3804	3808	with
18	21	3809	3816	placebo
18	22	3817	3818	.
#Text=Adverse events were balanced between groups, and discontinuation rates were low.
19	1	3819	3826	Adverse
19	2	3827	3833	events
19	3	3834	3838	were
19	4	3839	3847	balanced
19	5	3848	3855	between
19	6	3856	3862	groups
19	7	3863	3864	,
19	8	3865	3868	and
19	9	3869	3884	discontinuation
19	10	3885	3890	rates
19	11	3891	3895	were
19	12	3896	3899	low
19	13	3900	3901	.
#Text=At week  48, signs and symptoms suggestive of genital infection were more frequent with dapagliflozin (9.8%) than with placebo (0.4%).
20	1	3902	3904	At
20	2	3905	3909	week
20	3	3910	3912	48
20	4	3913	3914	,
20	5	3915	3920	signs
20	6	3921	3924	and
20	7	3925	3933	symptoms
20	8	3934	3944	suggestive
20	9	3945	3947	of
20	10	3948	3955	genital
20	11	3956	3965	infection
20	12	3966	3970	were
20	13	3971	3975	more
20	14	3976	3984	frequent
20	15	3985	3989	with
20	16	3990	4003	dapagliflozin
20	17	4004	4005	(
20	18	4006	4007	9
20	19	4008	4009	.
20	20	4010	4011	8
20	21	4012	4013	%
20	22	4014	4015	)
20	23	4016	4020	than
20	24	4021	4025	with
20	25	4026	4033	placebo
20	26	4034	4035	(
20	27	4036	4037	0
20	28	4038	4039	.
20	29	4040	4041	4
20	30	4042	4043	%
20	31	4044	4045	)
20	32	4046	4047	.
#Text=Signs and symptoms suggestive of urinary tract infection were balanced between dapagliflozin (6.7%) and placebo (6.2%).
21	1	4048	4053	Signs
21	2	4054	4057	and
21	3	4058	4066	symptoms
21	4	4067	4077	suggestive
21	5	4078	4080	of
21	6	4081	4088	urinary
21	7	4089	4094	tract
21	8	4095	4104	infection
21	9	4105	4109	were
21	10	4110	4118	balanced
21	11	4119	4126	between
21	12	4127	4140	dapagliflozin
21	13	4141	4142	(
21	14	4143	4144	6
21	15	4145	4146	.
21	16	4147	4148	7
21	17	4149	4150	%
21	18	4151	4152	)
21	19	4153	4156	and
21	20	4157	4164	placebo
21	21	4165	4166	(
21	22	4167	4168	6
21	23	4169	4170	.
21	24	4171	4172	2
21	25	4173	4174	%
21	26	4175	4176	)
21	27	4177	4178	.
#Text=CONCLUSIONS: These results suggest that in patients with type 2 diabetes, inadequately controlled on sitagliptin with or without metformin, add-on treatment with dapagliflozin provides additional clinical benefit and is well tolerated.
22	1	4179	4190	CONCLUSIONS
22	2	4191	4192	:
22	3	4193	4198	These
22	4	4199	4206	results
22	5	4207	4214	suggest
22	6	4215	4219	that
22	7	4220	4222	in
22	8	4223	4231	patients
22	9	4232	4236	with
22	10	4237	4241	type
22	11	4242	4243	2
22	12	4244	4252	diabetes
22	13	4253	4254	,
22	14	4255	4267	inadequately
22	15	4268	4278	controlled
22	16	4279	4281	on
22	17	4282	4293	sitagliptin
22	18	4294	4298	with
22	19	4299	4301	or
22	20	4302	4309	without
22	21	4310	4319	metformin
22	22	4320	4321	,
22	23	4322	4325	add
22	24	4326	4327	-
22	25	4328	4330	on
22	26	4331	4340	treatment
22	27	4341	4345	with
22	28	4346	4359	dapagliflozin
22	29	4360	4368	provides
22	30	4369	4379	additional
22	31	4380	4388	clinical
22	32	4389	4396	benefit
22	33	4397	4400	and
22	34	4401	4403	is
22	35	4404	4408	well
22	36	4409	4418	tolerated
22	37	4419	4420	.
#Text=DOI: 10.2337/dc13-0467  PMID: 24144654  [Indexed for MEDLINE]
23	1	4421	4424	DOI
23	2	4425	4426	:
23	3	4427	4429	10
23	4	4430	4431	.
23	5	4432	4436	2337
23	6	4437	4438	/
23	7	4439	4443	dc13
23	8	4444	4445	-
23	9	4446	4450	0467
23	10	4451	4455	PMID
23	11	4456	4457	:
23	12	4458	4466	24144654
23	13	4467	4468	[
23	14	4469	4476	Indexed
23	15	4477	4480	for
23	16	4481	4488	MEDLINE
23	17	4489	4490	]
