#Text=Diabetes Res Clin Pract.
1	1	0	8	Diabetes
1	2	9	12	Res
1	3	13	17	Clin
1	4	18	23	Pract
1	5	24	25	.
#Text=2011 Oct;94(1):33-8. doi: 10.1016/j.diabres.2011.07.003.
2	1	26	30	2011
2	2	31	34	Oct
2	3	35	36	;
2	4	37	39	94
2	5	40	41	(
2	6	42	43	1
2	7	44	45	)
2	8	46	47	:
2	9	48	50	33
2	10	51	52	-
2	11	53	54	8
2	12	55	56	.
2	13	57	60	doi
2	14	61	62	:
2	15	63	65	10
2	16	66	67	.
2	17	68	72	1016
2	18	73	74	/
2	19	75	76	j
2	20	77	78	.
2	21	79	86	diabres
2	22	87	88	.
2	23	89	93	2011
2	24	94	95	.
2	25	96	98	07
2	26	99	100	.
2	27	101	104	003
2	28	105	106	.
#Text=Epub 2011 Jul 28.
3	1	107	111	Epub
3	2	112	116	2011
3	3	117	120	Jul
3	4	121	123	28
3	5	124	125	.
#Text=Effect of folic acid supplementation on biochemical indices in overweight and obese men with type 2 diabetes.
4	1	126	132	Effect
4	2	133	135	of
4	3	136	141	folic
4	4	142	146	acid
4	5	147	162	supplementation
4	6	163	165	on
4	7	166	177	biochemical
4	8	178	185	indices
4	9	186	188	in
4	10	189	199	overweight
4	11	200	203	and
4	12	204	209	obese
4	13	210	213	men
4	14	214	218	with
4	15	219	223	type
4	16	224	225	2
4	17	226	234	diabetes
4	18	235	236	.
#Text=Gargari BP(1), Aghamohammadi V, Aliasgharzadeh A.
5	1	237	244	Gargari
5	2	245	247	BP
5	3	248	249	(
5	4	250	251	1
5	5	252	253	)
5	6	254	255	,
5	7	256	269	Aghamohammadi
5	8	270	271	V
5	9	272	273	,
5	10	274	288	Aliasgharzadeh
5	11	289	290	A
5	12	291	292	.
#Text=Author information:  (1)Nutritional Research Center, Department of Biochemistry & Nutrition, Faculty of Health & Nutrition, Tabriz University of Medical Sciences, Tabriz, Iran.
6	1	293	299	Author
6	2	300	311	information
6	3	312	313	:
6	4	314	315	(
6	5	316	317	1
6	6	318	319	)
6	7	320	331	Nutritional
6	8	332	340	Research
6	9	341	347	Center
6	10	348	349	,
6	11	350	360	Department
6	12	361	363	of
6	13	364	376	Biochemistry
6	14	377	378	&
6	15	379	388	Nutrition
6	16	389	390	,
6	17	391	398	Faculty
6	18	399	401	of
6	19	402	408	Health
6	20	409	410	&
6	21	411	420	Nutrition
6	22	421	422	,
6	23	423	429	Tabriz
6	24	430	440	University
6	25	441	443	of
6	26	444	451	Medical
6	27	452	460	Sciences
6	28	461	462	,
6	29	463	469	Tabriz
6	30	470	471	,
6	31	472	476	Iran
6	32	477	478	.
#Text=bahrampg@yahoo.com  AIMS: This study performed to determine the effects of folate supplementation on  indices of glycemic control, insulin resistance and lipid profile in overweight and obese men with type 2 diabetes under metformin (at least 1500 mg daily) treatment.
7	1	479	487	bahrampg
7	2	488	489	@
7	3	490	495	yahoo
7	4	496	497	.
7	5	498	501	com
7	6	502	506	AIMS
7	7	507	508	:
7	8	509	513	This
7	9	514	519	study
7	10	520	529	performed
7	11	530	532	to
7	12	533	542	determine
7	13	543	546	the
7	14	547	554	effects
7	15	555	557	of
7	16	558	564	folate
7	17	565	580	supplementation
7	18	581	583	on
7	19	584	591	indices
7	20	592	594	of
7	21	595	603	glycemic
7	22	604	611	control
7	23	612	613	,
7	24	614	621	insulin
7	25	622	632	resistance
7	26	633	636	and
7	27	637	642	lipid
7	28	643	650	profile
7	29	651	653	in
7	30	654	664	overweight
7	31	665	668	and
7	32	669	674	obese
7	33	675	678	men
7	34	679	683	with
7	35	684	688	type
7	36	689	690	2
7	37	691	699	diabetes
7	38	700	705	under
7	39	706	715	metformin
7	40	716	717	(
7	41	718	720	at
7	42	721	726	least
7	43	727	731	1500
7	44	732	734	mg
7	45	735	740	daily
7	46	741	742	)
7	47	743	752	treatment
7	48	753	754	.
#Text=METHODS: The study was a double-blind randomized controlled clinical trial.
8	1	755	762	METHODS
8	2	763	764	:
8	3	765	768	The
8	4	769	774	study
8	5	775	778	was
8	6	779	780	a
8	7	781	787	double
8	8	788	789	-
8	9	790	795	blind
8	10	796	806	randomized
8	11	807	817	controlled
8	12	818	826	clinical
8	13	827	832	trial
8	14	833	834	.
#Text=Forty-eight overweight and obese men (aged 58.2±8.9 years; BMI=28.6±2.9 kg/m(2))  with type 2 diabetes participated in the study.
9	1	835	840	Forty
9	2	841	842	-
9	3	843	848	eight
9	4	849	859	overweight
9	5	860	863	and
9	6	864	869	obese
9	7	870	873	men
9	8	874	875	(
9	9	876	880	aged
9	10	881	883	58
9	11	884	885	.
9	12	886	887	2
9	13	888	889	±
9	14	890	891	8
9	15	892	893	.
9	16	894	895	9
9	17	896	901	years
9	18	902	903	;
9	19	904	907	BMI
9	20	908	909	=
9	21	910	912	28
9	22	913	914	.
9	23	915	916	6
9	24	917	918	±
9	25	919	920	2
9	26	921	922	.
9	27	923	924	9
9	28	925	927	kg
9	29	928	929	/
9	30	930	931	m
9	31	932	933	(
9	32	934	935	2
9	33	936	937	)
9	34	938	939	)
9	35	940	944	with
9	36	945	949	type
9	37	950	951	2
9	38	952	960	diabetes
9	39	961	973	participated
9	40	974	976	in
9	41	977	980	the
9	42	981	986	study
9	43	987	988	.
#Text=Patients were divided randomly into two groups of folic acid (5 mg/d) and placebo.
10	1	989	997	Patients
10	2	998	1002	were
10	3	1003	1010	divided
10	4	1011	1019	randomly
10	5	1020	1024	into
10	6	1025	1028	two
10	7	1029	1035	groups
10	8	1036	1038	of
10	9	1039	1044	folic
10	10	1045	1049	acid
10	11	1050	1051	(
10	12	1052	1053	5
10	13	1054	1056	mg
10	14	1057	1058	/
10	15	1059	1060	d
10	16	1061	1062	)
10	17	1063	1066	and
10	18	1067	1074	placebo
10	19	1075	1076	.
#Text=All patients received the tablets for eight weeks.
11	1	1077	1080	All
11	2	1081	1089	patients
11	3	1090	1098	received
11	4	1099	1102	the
11	5	1103	1110	tablets
11	6	1111	1114	for
11	7	1115	1120	eight
11	8	1121	1126	weeks
11	9	1127	1128	.
#Text=RESULTS: Supplementation with folic acid led to 8% decrease in HbA1C (p=0.048), 7.5% in fasting blood glucose (p=0.051), 16.2% in serum insulin (p=0.021), 20.5%  in insulin resistance (p=0.041) and 21.2% in plasma homocysteine (p=0.000).
12	1	1129	1136	RESULTS
12	2	1137	1138	:
12	3	1139	1154	Supplementation
12	4	1155	1159	with
12	5	1160	1165	folic
12	6	1166	1170	acid
12	7	1171	1174	led
12	8	1175	1177	to
12	9	1178	1179	8
12	10	1180	1181	%
12	11	1182	1190	decrease
12	12	1191	1193	in
12	13	1194	1199	HbA1C
12	14	1200	1201	(
12	15	1202	1203	p
12	16	1204	1205	=
12	17	1206	1207	0
12	18	1208	1209	.
12	19	1210	1213	048
12	20	1214	1215	)
12	21	1216	1217	,
12	22	1218	1219	7
12	23	1220	1221	.
12	24	1222	1223	5
12	25	1224	1225	%
12	26	1226	1228	in
12	27	1229	1236	fasting
12	28	1237	1242	blood
12	29	1243	1250	glucose
12	30	1251	1252	(
12	31	1253	1254	p
12	32	1255	1256	=
12	33	1257	1258	0
12	34	1259	1260	.
12	35	1261	1264	051
12	36	1265	1266	)
12	37	1267	1268	,
12	38	1269	1271	16
12	39	1272	1273	.
12	40	1274	1275	2
12	41	1276	1277	%
12	42	1278	1280	in
12	43	1281	1286	serum
12	44	1287	1294	insulin
12	45	1295	1296	(
12	46	1297	1298	p
12	47	1299	1300	=
12	48	1301	1302	0
12	49	1303	1304	.
12	50	1305	1308	021
12	51	1309	1310	)
12	52	1311	1312	,
12	53	1313	1315	20
12	54	1316	1317	.
12	55	1318	1319	5
12	56	1320	1321	%
12	57	1322	1324	in
12	58	1325	1332	insulin
12	59	1333	1343	resistance
12	60	1344	1345	(
12	61	1346	1347	p
12	62	1348	1349	=
12	63	1350	1351	0
12	64	1352	1353	.
12	65	1354	1357	041
12	66	1358	1359	)
12	67	1360	1363	and
12	68	1364	1366	21
12	69	1367	1368	.
12	70	1369	1370	2
12	71	1371	1372	%
12	72	1373	1375	in
12	73	1376	1382	plasma
12	74	1383	1395	homocysteine
12	75	1396	1397	(
12	76	1398	1399	p
12	77	1400	1401	=
12	78	1402	1403	0
12	79	1404	1405	.
12	80	1406	1409	000
12	81	1410	1411	)
12	82	1412	1413	.
#Text=A significant increase in serum folate and B12 levels (19% and 17.3%, p=0.000, respectively) were observed in the folic acid group, whereas no significant changes occurred in the placebo group.
13	1	1414	1415	A
13	2	1416	1427	significant
13	3	1428	1436	increase
13	4	1437	1439	in
13	5	1440	1445	serum
13	6	1446	1452	folate
13	7	1453	1456	and
13	8	1457	1460	B12
13	9	1461	1467	levels
13	10	1468	1469	(
13	11	1470	1472	19
13	12	1473	1474	%
13	13	1475	1478	and
13	14	1479	1481	17
13	15	1482	1483	.
13	16	1484	1485	3
13	17	1486	1487	%
13	18	1488	1489	,
13	19	1490	1491	p
13	20	1492	1493	=
13	21	1494	1495	0
13	22	1496	1497	.
13	23	1498	1501	000
13	24	1502	1503	,
13	25	1504	1516	respectively
13	26	1517	1518	)
13	27	1519	1523	were
13	28	1524	1532	observed
13	29	1533	1535	in
13	30	1536	1539	the
13	31	1540	1545	folic
13	32	1546	1550	acid
13	33	1551	1556	group
13	34	1557	1558	,
13	35	1559	1566	whereas
13	36	1567	1569	no
13	37	1570	1581	significant
13	38	1582	1589	changes
13	39	1590	1598	occurred
13	40	1599	1601	in
13	41	1602	1605	the
13	42	1606	1613	placebo
13	43	1614	1619	group
13	44	1620	1621	.
#Text=Also, in the folic acid and placebo groups, there were no significant changes in body weight.
14	1	1622	1626	Also
14	2	1627	1628	,
14	3	1629	1631	in
14	4	1632	1635	the
14	5	1636	1641	folic
14	6	1642	1646	acid
14	7	1647	1650	and
14	8	1651	1658	placebo
14	9	1659	1665	groups
14	10	1666	1667	,
14	11	1668	1673	there
14	12	1674	1678	were
14	13	1679	1681	no
14	14	1682	1693	significant
14	15	1694	1701	changes
14	16	1702	1704	in
14	17	1705	1709	body
14	18	1710	1716	weight
14	19	1717	1718	.
#Text=CONCLUSIONS: Folic acid supplementation lowered plasma level of homocysteine, improved glycemic control and insulin resistance in patients with type 2 diabetes.
15	1	1719	1730	CONCLUSIONS
15	2	1731	1732	:
15	3	1733	1738	Folic
15	4	1739	1743	acid
15	5	1744	1759	supplementation
15	6	1760	1767	lowered
15	7	1768	1774	plasma
15	8	1775	1780	level
15	9	1781	1783	of
15	10	1784	1796	homocysteine
15	11	1797	1798	,
15	12	1799	1807	improved
15	13	1808	1816	glycemic
15	14	1817	1824	control
15	15	1825	1828	and
15	16	1829	1836	insulin
15	17	1837	1847	resistance
15	18	1848	1850	in
15	19	1851	1859	patients
15	20	1860	1864	with
15	21	1865	1869	type
15	22	1870	1871	2
15	23	1872	1880	diabetes
15	24	1881	1882	.
#Text=Copyright © 2011 Elsevier Ireland Ltd. All rights reserved.
16	1	1883	1892	Copyright
16	2	1893	1894	©
16	3	1895	1899	2011
16	4	1900	1908	Elsevier
16	5	1909	1916	Ireland
16	6	1917	1920	Ltd
16	7	1921	1922	.
16	8	1923	1926	All
16	9	1927	1933	rights
16	10	1934	1942	reserved
16	11	1943	1944	.
#Text=DOI: 10.1016/j.diabres.2011.07.003  PMID: 21802161  [Indexed for MEDLINE]
17	1	1945	1948	DOI
17	2	1949	1950	:
17	3	1951	1953	10
17	4	1954	1955	.
17	5	1956	1960	1016
17	6	1961	1962	/
17	7	1963	1964	j
17	8	1965	1966	.
17	9	1967	1974	diabres
17	10	1975	1976	.
17	11	1977	1981	2011
17	12	1982	1983	.
17	13	1984	1986	07
17	14	1987	1988	.
17	15	1989	1992	003
17	16	1993	1997	PMID
17	17	1998	1999	:
17	18	2000	2008	21802161
17	19	2009	2010	[
17	20	2011	2018	Indexed
17	21	2019	2022	for
17	22	2023	2030	MEDLINE
17	23	2031	2032	]
