#Text=Diabetes Obes Metab.
1	1	0	8	Diabetes
1	2	9	13	Obes
1	3	14	19	Metab
1	4	20	21	.
#Text=2005 Mar;7(2):189-92.
2	1	22	26	2005
2	2	27	30	Mar
2	3	31	32	;
2	4	33	34	7
2	5	35	36	(
2	6	37	38	2
2	7	39	40	)
2	8	41	42	:
2	9	43	46	189
2	10	47	48	-
2	11	49	51	92
2	12	52	53	.
#Text=Effects of metformin on the body composition in subjects with risk factors for type 2 diabetes.
3	1	54	61	Effects
3	2	62	64	of
3	3	65	74	metformin
3	4	75	77	on
3	5	78	81	the
3	6	82	86	body
3	7	87	98	composition
3	8	99	101	in
3	9	102	110	subjects
3	10	111	115	with
3	11	116	120	risk
3	12	121	128	factors
3	13	129	132	for
3	14	133	137	type
3	15	138	139	2
3	16	140	148	diabetes
3	17	149	150	.
#Text=Rodríguez-Moctezuma JR(1), Robles-López G, López-Carmona JM, Gutiérrez-Rosas MJ.
4	1	151	155	Rodr
4	2	156	157	í
4	3	158	162	guez
4	4	163	164	-
4	5	165	174	Moctezuma
4	6	175	177	JR
4	7	178	179	(
4	8	180	181	1
4	9	182	183	)
4	10	184	185	,
4	11	186	192	Robles
4	12	193	194	-
4	13	195	196	L
4	14	197	198	ó
4	15	199	202	pez
4	16	203	204	G
4	17	205	206	,
4	18	207	208	L
4	19	209	210	ó
4	20	211	214	pez
4	21	215	216	-
4	22	217	224	Carmona
4	23	225	227	JM
4	24	228	229	,
4	25	230	234	Guti
4	26	235	236	é
4	27	237	241	rrez
4	28	242	243	-
4	29	244	249	Rosas
4	30	250	252	MJ
4	31	253	254	.
#Text=Author information:  (1)Hospital General Regional 72, Instituto Mexicano del Seguro Social, Mexico.
5	1	255	261	Author
5	2	262	273	information
5	3	274	275	:
5	4	276	277	(
5	5	278	279	1
5	6	280	281	)
5	7	282	290	Hospital
5	8	291	298	General
5	9	299	307	Regional
5	10	308	310	72
5	11	311	312	,
5	12	313	322	Instituto
5	13	323	331	Mexicano
5	14	332	335	del
5	15	336	342	Seguro
5	16	343	349	Social
5	17	350	351	,
5	18	352	358	Mexico
5	19	359	360	.
#Text=rodmoc@prodigy.net.mx  OBJECTIVES: To measure the effect of metformin on the body composition, insulin resistance and sensitivity in subjects with risk factors for type 2 diabetes mellitus (type 2 DM).
6	1	361	367	rodmoc
6	2	368	369	@
6	3	370	377	prodigy
6	4	378	379	.
6	5	380	383	net
6	6	384	385	.
6	7	386	388	mx
6	8	389	399	OBJECTIVES
6	9	400	401	:
6	10	402	404	To
6	11	405	412	measure
6	12	413	416	the
6	13	417	423	effect
6	14	424	426	of
6	15	427	436	metformin
6	16	437	439	on
6	17	440	443	the
6	18	444	448	body
6	19	449	460	composition
6	20	461	462	,
6	21	463	470	insulin
6	22	471	481	resistance
6	23	482	485	and
6	24	486	497	sensitivity
6	25	498	500	in
6	26	501	509	subjects
6	27	510	514	with
6	28	515	519	risk
6	29	520	527	factors
6	30	528	531	for
6	31	532	536	type
6	32	537	538	2
6	33	539	547	diabetes
6	34	548	556	mellitus
6	35	557	558	(
6	36	559	563	type
6	37	564	565	2
6	38	566	568	DM
6	39	569	570	)
6	40	571	572	.
#Text=DESIGN: Placebo-controlled clinical trial.
7	1	573	579	DESIGN
7	2	580	581	:
7	3	582	589	Placebo
7	4	590	591	-
7	5	592	602	controlled
7	6	603	611	clinical
7	7	612	617	trial
7	8	618	619	.
#Text=MATERIAL AND METHODS: Twenty-three subjects with risk factors for type 2 DM were  randomly assigned to receive 850 mg of metformin or a placebo twice a day for 2 months.
8	1	620	628	MATERIAL
8	2	629	632	AND
8	3	633	640	METHODS
8	4	641	642	:
8	5	643	649	Twenty
8	6	650	651	-
8	7	652	657	three
8	8	658	666	subjects
8	9	667	671	with
8	10	672	676	risk
8	11	677	684	factors
8	12	685	688	for
8	13	689	693	type
8	14	694	695	2
8	15	696	698	DM
8	16	699	703	were
8	17	704	712	randomly
8	18	713	721	assigned
8	19	722	724	to
8	20	725	732	receive
8	21	733	736	850
8	22	737	739	mg
8	23	740	742	of
8	24	743	752	metformin
8	25	753	755	or
8	26	756	757	a
8	27	758	765	placebo
8	28	766	771	twice
8	29	772	773	a
8	30	774	777	day
8	31	778	781	for
8	32	782	783	2
8	33	784	790	months
8	34	791	792	.
#Text=Before and after the treatment, the body mass index and waist/hip ratio were calculated, the body composition was measured through bioelectric impedance  and the fasting levels of blood glucose, insulin, triglycerides and cholesterol were measured.
9	1	793	799	Before
9	2	800	803	and
9	3	804	809	after
9	4	810	813	the
9	5	814	823	treatment
9	6	824	825	,
9	7	826	829	the
9	8	830	834	body
9	9	835	839	mass
9	10	840	845	index
9	11	846	849	and
9	12	850	855	waist
9	13	856	857	/
9	14	858	861	hip
9	15	862	867	ratio
9	16	868	872	were
9	17	873	883	calculated
9	18	884	885	,
9	19	886	889	the
9	20	890	894	body
9	21	895	906	composition
9	22	907	910	was
9	23	911	919	measured
9	24	920	927	through
9	25	928	939	bioelectric
9	26	940	949	impedance
9	27	950	953	and
9	28	954	957	the
9	29	958	965	fasting
9	30	966	972	levels
9	31	973	975	of
9	32	976	981	blood
9	33	982	989	glucose
9	34	990	991	,
9	35	992	999	insulin
9	36	1000	1001	,
9	37	1002	1015	triglycerides
9	38	1016	1019	and
9	39	1020	1031	cholesterol
9	40	1032	1036	were
9	41	1037	1045	measured
9	42	1046	1047	.
#Text=The level of insulin resistance was calculated by the homeostatic  model and the level of sensitivity by the quantitative insulin sensitivity check  index method.
10	1	1048	1051	The
10	2	1052	1057	level
10	3	1058	1060	of
10	4	1061	1068	insulin
10	5	1069	1079	resistance
10	6	1080	1083	was
10	7	1084	1094	calculated
10	8	1095	1097	by
10	9	1098	1101	the
10	10	1102	1113	homeostatic
10	11	1114	1119	model
10	12	1120	1123	and
10	13	1124	1127	the
10	14	1128	1133	level
10	15	1134	1136	of
10	16	1137	1148	sensitivity
10	17	1149	1151	by
10	18	1152	1155	the
10	19	1156	1168	quantitative
10	20	1169	1176	insulin
10	21	1177	1188	sensitivity
10	22	1189	1194	check
10	23	1195	1200	index
10	24	1201	1207	method
10	25	1208	1209	.
#Text=The Wilcoxon rank test was used.
11	1	1210	1213	The
11	2	1214	1222	Wilcoxon
11	3	1223	1227	rank
11	4	1228	1232	test
11	5	1233	1236	was
11	6	1237	1241	used
11	7	1242	1243	.
#Text=RESULTS: Twenty-one subjects completed the study, 12 of the metformin group and nine of the placebo group.
12	1	1244	1251	RESULTS
12	2	1252	1253	:
12	3	1254	1260	Twenty
12	4	1261	1262	-
12	5	1263	1266	one
12	6	1267	1275	subjects
12	7	1276	1285	completed
12	8	1286	1289	the
12	9	1290	1295	study
12	10	1296	1297	,
12	11	1298	1300	12
12	12	1301	1303	of
12	13	1304	1307	the
12	14	1308	1317	metformin
12	15	1318	1323	group
12	16	1324	1327	and
12	17	1328	1332	nine
12	18	1333	1335	of
12	19	1336	1339	the
12	20	1340	1347	placebo
12	21	1348	1353	group
12	22	1354	1355	.
#Text=In the metformin group, there was a decrease in fat weight from 25.9 +/- 9.4 to 20.8 +/- 9.2 kg, p < 0.01, an increase in lean weight from 57.05 +/- 13.6 to 61.9 +/- 16.5 kg, p < 0.01, an increase in basal metabolism from 1735 +/- 413 to 1878 +/- 505 calories/day, p < 0.05 and an increase in body water, p < 0.05.
13	1	1356	1358	In
13	2	1359	1362	the
13	3	1363	1372	metformin
13	4	1373	1378	group
13	5	1379	1380	,
13	6	1381	1386	there
13	7	1387	1390	was
13	8	1391	1392	a
13	9	1393	1401	decrease
13	10	1402	1404	in
13	11	1405	1408	fat
13	12	1409	1415	weight
13	13	1416	1420	from
13	14	1421	1423	25
13	15	1424	1425	.
13	16	1426	1427	9
13	17	1428	1429	+
13	18	1430	1431	/
13	19	1432	1433	-
13	20	1434	1435	9
13	21	1436	1437	.
13	22	1438	1439	4
13	23	1440	1442	to
13	24	1443	1445	20
13	25	1446	1447	.
13	26	1448	1449	8
13	27	1450	1451	+
13	28	1452	1453	/
13	29	1454	1455	-
13	30	1456	1457	9
13	31	1458	1459	.
13	32	1460	1461	2
13	33	1462	1464	kg
13	34	1465	1466	,
13	35	1467	1468	p
13	36	1469	1470	<
13	37	1471	1472	0
13	38	1473	1474	.
13	39	1475	1477	01
13	40	1478	1479	,
13	41	1480	1482	an
13	42	1483	1491	increase
13	43	1492	1494	in
13	44	1495	1499	lean
13	45	1500	1506	weight
13	46	1507	1511	from
13	47	1512	1514	57
13	48	1515	1516	.
13	49	1517	1519	05
13	50	1520	1521	+
13	51	1522	1523	/
13	52	1524	1525	-
13	53	1526	1528	13
13	54	1529	1530	.
13	55	1531	1532	6
13	56	1533	1535	to
13	57	1536	1538	61
13	58	1539	1540	.
13	59	1541	1542	9
13	60	1543	1544	+
13	61	1545	1546	/
13	62	1547	1548	-
13	63	1549	1551	16
13	64	1552	1553	.
13	65	1554	1555	5
13	66	1556	1558	kg
13	67	1559	1560	,
13	68	1561	1562	p
13	69	1563	1564	<
13	70	1565	1566	0
13	71	1567	1568	.
13	72	1569	1571	01
13	73	1572	1573	,
13	74	1574	1576	an
13	75	1577	1585	increase
13	76	1586	1588	in
13	77	1589	1594	basal
13	78	1595	1605	metabolism
13	79	1606	1610	from
13	80	1611	1615	1735
13	81	1616	1617	+
13	82	1618	1619	/
13	83	1620	1621	-
13	84	1622	1625	413
13	85	1626	1628	to
13	86	1629	1633	1878
13	87	1634	1635	+
13	88	1636	1637	/
13	89	1638	1639	-
13	90	1640	1643	505
13	91	1644	1652	calories
13	92	1653	1654	/
13	93	1655	1658	day
13	94	1659	1660	,
13	95	1661	1662	p
13	96	1663	1664	<
13	97	1665	1666	0
13	98	1667	1668	.
13	99	1669	1671	05
13	100	1672	1675	and
13	101	1676	1678	an
13	102	1679	1687	increase
13	103	1688	1690	in
13	104	1691	1695	body
13	105	1696	1701	water
13	106	1702	1703	,
13	107	1704	1705	p
13	108	1706	1707	<
13	109	1708	1709	0
13	110	1710	1711	.
13	111	1712	1714	05
13	112	1715	1716	.
#Text=There was no significant decrease in insulin resistance.
14	1	1717	1722	There
14	2	1723	1726	was
14	3	1727	1729	no
14	4	1730	1741	significant
14	5	1742	1750	decrease
14	6	1751	1753	in
14	7	1754	1761	insulin
14	8	1762	1772	resistance
14	9	1773	1774	.
#Text=In the placebo group, the blood glucose increased from 84.7 +/- 13 to 96.7 +/- 16 mg/dl, p < 0.05.
15	1	1775	1777	In
15	2	1778	1781	the
15	3	1782	1789	placebo
15	4	1790	1795	group
15	5	1796	1797	,
15	6	1798	1801	the
15	7	1802	1807	blood
15	8	1808	1815	glucose
15	9	1816	1825	increased
15	10	1826	1830	from
15	11	1831	1833	84
15	12	1834	1835	.
15	13	1836	1837	7
15	14	1838	1839	+
15	15	1840	1841	/
15	16	1842	1843	-
15	17	1844	1846	13
15	18	1847	1849	to
15	19	1850	1852	96
15	20	1853	1854	.
15	21	1855	1856	7
15	22	1857	1858	+
15	23	1859	1860	/
15	24	1861	1862	-
15	25	1863	1865	16
15	26	1866	1868	mg
15	27	1869	1870	/
15	28	1871	1873	dl
15	29	1874	1875	,
15	30	1876	1877	p
15	31	1878	1879	<
15	32	1880	1881	0
15	33	1882	1883	.
15	34	1884	1886	05
15	35	1887	1888	.
#Text=There were no significant modifications in lipids.
16	1	1889	1894	There
16	2	1895	1899	were
16	3	1900	1902	no
16	4	1903	1914	significant
16	5	1915	1928	modifications
16	6	1929	1931	in
16	7	1932	1938	lipids
16	8	1939	1940	.
#Text=CONCLUSIONS: The administration of metformin for 2 months improves the parameters of body composition and insulin dynamics in subjects with risk factors for type 2 DM.
17	1	1941	1952	CONCLUSIONS
17	2	1953	1954	:
17	3	1955	1958	The
17	4	1959	1973	administration
17	5	1974	1976	of
17	6	1977	1986	metformin
17	7	1987	1990	for
17	8	1991	1992	2
17	9	1993	1999	months
17	10	2000	2008	improves
17	11	2009	2012	the
17	12	2013	2023	parameters
17	13	2024	2026	of
17	14	2027	2031	body
17	15	2032	2043	composition
17	16	2044	2047	and
17	17	2048	2055	insulin
17	18	2056	2064	dynamics
17	19	2065	2067	in
17	20	2068	2076	subjects
17	21	2077	2081	with
17	22	2082	2086	risk
17	23	2087	2094	factors
17	24	2095	2098	for
17	25	2099	2103	type
17	26	2104	2105	2
17	27	2106	2108	DM
17	28	2109	2110	.
#Text=DOI: 10.1111/j.1463-1326.2004.00385.x  PMID: 15715892  [Indexed for MEDLINE]
18	1	2111	2114	DOI
18	2	2115	2116	:
18	3	2117	2119	10
18	4	2120	2121	.
18	5	2122	2126	1111
18	6	2127	2128	/
18	7	2129	2130	j
18	8	2131	2132	.
18	9	2133	2137	1463
18	10	2138	2139	-
18	11	2140	2144	1326
18	12	2145	2146	.
18	13	2147	2151	2004
18	14	2152	2153	.
18	15	2154	2159	00385
18	16	2160	2161	.
18	17	2162	2163	x
18	18	2164	2168	PMID
18	19	2169	2170	:
18	20	2171	2179	15715892
18	21	2180	2181	[
18	22	2182	2189	Indexed
18	23	2190	2193	for
18	24	2194	2201	MEDLINE
18	25	2202	2203	]
