#Text=Clin Ther.
1	1	0	4	Clin
1	2	5	9	Ther
1	3	10	11	.
#Text=2007 Nov;29(11):2349-64.
2	1	12	16	2007
2	2	17	20	Nov
2	3	21	22	;
2	4	23	25	29
2	5	26	27	(
2	6	28	30	11
2	7	31	32	)
2	8	33	34	:
2	9	35	39	2349
2	10	40	41	-
2	11	42	44	64
2	12	45	46	.
#Text=Mealtime 50/50 basal + prandial insulin analogue mixture with a basal insulin analogue, both plus metformin, in the achievement of target HbA1c and pre- and postprandial blood glucose levels in patients with type 2 diabetes: a multinational, 24-week, randomized, open-label, parallel-group comparison.
3	1	47	55	Mealtime
3	2	56	58	50
3	3	59	60	/
3	4	61	63	50
3	5	64	69	basal
3	6	70	71	+
3	7	72	80	prandial
3	8	81	88	insulin
3	9	89	97	analogue
3	10	98	105	mixture
3	11	106	110	with
3	12	111	112	a
3	13	113	118	basal
3	14	119	126	insulin
3	15	127	135	analogue
3	16	136	137	,
3	17	138	142	both
3	18	143	147	plus
3	19	148	157	metformin
3	20	158	159	,
3	21	160	162	in
3	22	163	166	the
3	23	167	178	achievement
3	24	179	181	of
3	25	182	188	target
3	26	189	194	HbA1c
3	27	195	198	and
3	28	199	202	pre
3	29	203	204	-
3	30	205	208	and
3	31	209	221	postprandial
3	32	222	227	blood
3	33	228	235	glucose
3	34	236	242	levels
3	35	243	245	in
3	36	246	254	patients
3	37	255	259	with
3	38	260	264	type
3	39	265	266	2
3	40	267	275	diabetes
3	41	276	277	:
3	42	278	279	a
3	43	280	293	multinational
3	44	294	295	,
3	45	296	298	24
3	46	299	300	-
3	47	301	305	week
3	48	306	307	,
3	49	308	318	randomized
3	50	319	320	,
3	51	321	325	open
3	52	326	327	-
3	53	328	333	label
3	54	334	335	,
3	55	336	344	parallel
3	56	345	346	-
3	57	347	352	group
3	58	353	363	comparison
3	59	364	365	.
#Text=Robbins DC(1), Beisswenger PJ, Ceriello A, Goldberg RB, Moses RG, Pagkalos EM, Milicevic Z, Jones CA, Sarwat S, Tan MH.
4	1	366	373	Robbins
4	2	374	376	DC
4	3	377	378	(
4	4	379	380	1
4	5	381	382	)
4	6	383	384	,
4	7	385	396	Beisswenger
4	8	397	399	PJ
4	9	400	401	,
4	10	402	410	Ceriello
4	11	411	412	A
4	12	413	414	,
4	13	415	423	Goldberg
4	14	424	426	RB
4	15	427	428	,
4	16	429	434	Moses
4	17	435	437	RG
4	18	438	439	,
4	19	440	448	Pagkalos
4	20	449	451	EM
4	21	452	453	,
4	22	454	463	Milicevic
4	23	464	465	Z
4	24	466	467	,
4	25	468	473	Jones
4	26	474	476	CA
4	27	477	478	,
4	28	479	485	Sarwat
4	29	486	487	S
4	30	488	489	,
4	31	490	493	Tan
4	32	494	496	MH
4	33	497	498	.
#Text=Author information:  (1)Diabetes and Endocrine Platform Team, Eli Lilly and Company, Indianapolis, IN  46285, USA.
5	1	499	505	Author
5	2	506	517	information
5	3	518	519	:
5	4	520	521	(
5	5	522	523	1
5	6	524	525	)
5	7	526	534	Diabetes
5	8	535	538	and
5	9	539	548	Endocrine
5	10	549	557	Platform
5	11	558	562	Team
5	12	563	564	,
5	13	565	568	Eli
5	14	569	574	Lilly
5	15	575	578	and
5	16	579	586	Company
5	17	587	588	,
5	18	589	601	Indianapolis
5	19	602	603	,
5	20	604	606	IN
5	21	607	612	46285
5	22	613	614	,
5	23	615	618	USA
5	24	619	620	.
#Text=BACKGROUND: In people without diabetes, approximately 50% of daily insulin secretion is basal and the remainder is postprandial.
6	1	621	631	BACKGROUND
6	2	632	633	:
6	3	634	636	In
6	4	637	643	people
6	5	644	651	without
6	6	652	660	diabetes
6	7	661	662	,
6	8	663	676	approximately
6	9	677	679	50
6	10	680	681	%
6	11	682	684	of
6	12	685	690	daily
6	13	691	698	insulin
6	14	699	708	secretion
6	15	709	711	is
6	16	712	717	basal
6	17	718	721	and
6	18	722	725	the
6	19	726	735	remainder
6	20	736	738	is
6	21	739	751	postprandial
6	22	752	753	.
#Text=Hence, it would be expected that insulin replacement therapy in a 50/50 ratio with each meal would mimic physiologic insulin secretion better than treatment with once-daily basal insulin in patients with diabetes mellitus.
7	1	754	759	Hence
7	2	760	761	,
7	3	762	764	it
7	4	765	770	would
7	5	771	773	be
7	6	774	782	expected
7	7	783	787	that
7	8	788	795	insulin
7	9	796	807	replacement
7	10	808	815	therapy
7	11	816	818	in
7	12	819	820	a
7	13	821	823	50
7	14	824	825	/
7	15	826	828	50
7	16	829	834	ratio
7	17	835	839	with
7	18	840	844	each
7	19	845	849	meal
7	20	850	855	would
7	21	856	861	mimic
7	22	862	873	physiologic
7	23	874	881	insulin
7	24	882	891	secretion
7	25	892	898	better
7	26	899	903	than
7	27	904	913	treatment
7	28	914	918	with
7	29	919	923	once
7	30	924	925	-
7	31	926	931	daily
7	32	932	937	basal
7	33	938	945	insulin
7	34	946	948	in
7	35	949	957	patients
7	36	958	962	with
7	37	963	971	diabetes
7	38	972	980	mellitus
7	39	981	982	.
#Text=Using lispro mix (LM) 50/50 before meals may  be a logical approach to achieving glycemic targets (glycosylated hemoglobin [HbA(lc)] and pre- and postprandial blood glucose [BG] concentrations) in these patients.
8	1	983	988	Using
8	2	989	995	lispro
8	3	996	999	mix
8	4	1000	1001	(
8	5	1002	1004	LM
8	6	1005	1006	)
8	7	1007	1009	50
8	8	1010	1011	/
8	9	1012	1014	50
8	10	1015	1021	before
8	11	1022	1027	meals
8	12	1028	1031	may
8	13	1032	1034	be
8	14	1035	1036	a
8	15	1037	1044	logical
8	16	1045	1053	approach
8	17	1054	1056	to
8	18	1057	1066	achieving
8	19	1067	1075	glycemic
8	20	1076	1083	targets
8	21	1084	1085	(
8	22	1086	1098	glycosylated
8	23	1099	1109	hemoglobin
8	24	1110	1111	[
8	25	1112	1115	HbA
8	26	1116	1117	(
8	27	1118	1120	lc
8	28	1121	1122	)
8	29	1123	1124	]
8	30	1125	1128	and
8	31	1129	1132	pre
8	32	1133	1134	-
8	33	1135	1138	and
8	34	1139	1151	postprandial
8	35	1152	1157	blood
8	36	1158	1165	glucose
8	37	1166	1167	[
8	38	1168	1170	BG
8	39	1171	1172	]
8	40	1173	1187	concentrations
8	41	1188	1189	)
8	42	1190	1192	in
8	43	1193	1198	these
8	44	1199	1207	patients
8	45	1208	1209	.
#Text=OBJECTIVE: The aim of this study was to test the hypothesis that treatment with a premixed insulin analogue containing 50/50 basal + prandial insulins administered before each meal would achieve lower overall and mealtime glycemic control than once-daily basal insulin analogue, both plus metformin (Met), in patients with type 2 diabetes mellitus.
9	1	1210	1219	OBJECTIVE
9	2	1220	1221	:
9	3	1222	1225	The
9	4	1226	1229	aim
9	5	1230	1232	of
9	6	1233	1237	this
9	7	1238	1243	study
9	8	1244	1247	was
9	9	1248	1250	to
9	10	1251	1255	test
9	11	1256	1259	the
9	12	1260	1270	hypothesis
9	13	1271	1275	that
9	14	1276	1285	treatment
9	15	1286	1290	with
9	16	1291	1292	a
9	17	1293	1301	premixed
9	18	1302	1309	insulin
9	19	1310	1318	analogue
9	20	1319	1329	containing
9	21	1330	1332	50
9	22	1333	1334	/
9	23	1335	1337	50
9	24	1338	1343	basal
9	25	1344	1345	+
9	26	1346	1354	prandial
9	27	1355	1363	insulins
9	28	1364	1376	administered
9	29	1377	1383	before
9	30	1384	1388	each
9	31	1389	1393	meal
9	32	1394	1399	would
9	33	1400	1407	achieve
9	34	1408	1413	lower
9	35	1414	1421	overall
9	36	1422	1425	and
9	37	1426	1434	mealtime
9	38	1435	1443	glycemic
9	39	1444	1451	control
9	40	1452	1456	than
9	41	1457	1461	once
9	42	1462	1463	-
9	43	1464	1469	daily
9	44	1470	1475	basal
9	45	1476	1483	insulin
9	46	1484	1492	analogue
9	47	1493	1494	,
9	48	1495	1499	both
9	49	1500	1504	plus
9	50	1505	1514	metformin
9	51	1515	1516	(
9	52	1517	1520	Met
9	53	1521	1522	)
9	54	1523	1524	,
9	55	1525	1527	in
9	56	1528	1536	patients
9	57	1537	1541	with
9	58	1542	1546	type
9	59	1547	1548	2
9	60	1549	1557	diabetes
9	61	1558	1566	mellitus
9	62	1567	1568	.
#Text=METHODS: This 24-week, randomized, open-label, parallel-group trial was conducted at 38 sites across Australia, Greece, India, The Netherlands, Poland, Puerto Rico, and the United States.
10	1	1569	1576	METHODS
10	2	1577	1578	:
10	3	1579	1583	This
10	4	1584	1586	24
10	5	1587	1588	-
10	6	1589	1593	week
10	7	1594	1595	,
10	8	1596	1606	randomized
10	9	1607	1608	,
10	10	1609	1613	open
10	11	1614	1615	-
10	12	1616	1621	label
10	13	1622	1623	,
10	14	1624	1632	parallel
10	15	1633	1634	-
10	16	1635	1640	group
10	17	1641	1646	trial
10	18	1647	1650	was
10	19	1651	1660	conducted
10	20	1661	1663	at
10	21	1664	1666	38
10	22	1667	1672	sites
10	23	1673	1679	across
10	24	1680	1689	Australia
10	25	1690	1691	,
10	26	1692	1698	Greece
10	27	1699	1700	,
10	28	1701	1706	India
10	29	1707	1708	,
10	30	1709	1712	The
10	31	1713	1724	Netherlands
10	32	1725	1726	,
10	33	1727	1733	Poland
10	34	1734	1735	,
10	35	1736	1742	Puerto
10	36	1743	1747	Rico
10	37	1748	1749	,
10	38	1750	1753	and
10	39	1754	1757	the
10	40	1758	1764	United
10	41	1765	1771	States
10	42	1772	1773	.
#Text=Male and female patients aged 35 to 75 years with type 2 diabetes mellitus and an HbA(1c) level of 6.5% to 11.0%, who were receiving metformin and/or a sulfonylurea with a stable dose of 0 to 2 daily insulin injections over the previous 3 months were eligible.
11	1	1774	1778	Male
11	2	1779	1782	and
11	3	1783	1789	female
11	4	1790	1798	patients
11	5	1799	1803	aged
11	6	1804	1806	35
11	7	1807	1809	to
11	8	1810	1812	75
11	9	1813	1818	years
11	10	1819	1823	with
11	11	1824	1828	type
11	12	1829	1830	2
11	13	1831	1839	diabetes
11	14	1840	1848	mellitus
11	15	1849	1852	and
11	16	1853	1855	an
11	17	1856	1859	HbA
11	18	1860	1861	(
11	19	1862	1864	1c
11	20	1865	1866	)
11	21	1867	1872	level
11	22	1873	1875	of
11	23	1876	1877	6
11	24	1878	1879	.
11	25	1880	1881	5
11	26	1882	1883	%
11	27	1884	1886	to
11	28	1887	1889	11
11	29	1890	1891	.
11	30	1892	1893	0
11	31	1894	1895	%
11	32	1896	1897	,
11	33	1898	1901	who
11	34	1902	1906	were
11	35	1907	1916	receiving
11	36	1917	1926	metformin
11	37	1927	1930	and
11	38	1931	1932	/
11	39	1933	1935	or
11	40	1936	1937	a
11	41	1938	1950	sulfonylurea
11	42	1951	1955	with
11	43	1956	1957	a
11	44	1958	1964	stable
11	45	1965	1969	dose
11	46	1970	1972	of
11	47	1973	1974	0
11	48	1975	1977	to
11	49	1978	1979	2
11	50	1980	1985	daily
11	51	1986	1993	insulin
11	52	1994	2004	injections
11	53	2005	2009	over
11	54	2010	2013	the
11	55	2014	2022	previous
11	56	2023	2024	3
11	57	2025	2031	months
11	58	2032	2036	were
11	59	2037	2045	eligible
11	60	2046	2047	.
#Text=Patients were randomly assigned to receive LM50/50 (50% insulin lispro protamine suspension [ILPS] and 50% lispro) TID plus metformin (to a maximally tolerated daily dosage  of 500-1000 mg BID) (LM50/50 + Met) or insulin glargine QD at bedtime plus metformin (500-1000 mg BID) (G + Met) for 24 weeks.
12	1	2048	2056	Patients
12	2	2057	2061	were
12	3	2062	2070	randomly
12	4	2071	2079	assigned
12	5	2080	2082	to
12	6	2083	2090	receive
12	7	2091	2095	LM50
12	8	2096	2097	/
12	9	2098	2100	50
12	10	2101	2102	(
12	11	2103	2105	50
12	12	2106	2107	%
12	13	2108	2115	insulin
12	14	2116	2122	lispro
12	15	2123	2132	protamine
12	16	2133	2143	suspension
12	17	2144	2145	[
12	18	2146	2150	ILPS
12	19	2151	2152	]
12	20	2153	2156	and
12	21	2157	2159	50
12	22	2160	2161	%
12	23	2162	2168	lispro
12	24	2169	2170	)
12	25	2171	2174	TID
12	26	2175	2179	plus
12	27	2180	2189	metformin
12	28	2190	2191	(
12	29	2192	2194	to
12	30	2195	2196	a
12	31	2197	2206	maximally
12	32	2207	2216	tolerated
12	33	2217	2222	daily
12	34	2223	2229	dosage
12	35	2230	2232	of
12	36	2233	2236	500
12	37	2237	2238	-
12	38	2239	2243	1000
12	39	2244	2246	mg
12	40	2247	2250	BID
12	41	2251	2252	)
12	42	2253	2254	(
12	43	2255	2259	LM50
12	44	2260	2261	/
12	45	2262	2264	50
12	46	2265	2266	+
12	47	2267	2270	Met
12	48	2271	2272	)
12	49	2273	2275	or
12	50	2276	2283	insulin
12	51	2284	2292	glargine
12	52	2293	2295	QD
12	53	2296	2298	at
12	54	2299	2306	bedtime
12	55	2307	2311	plus
12	56	2312	2321	metformin
12	57	2322	2323	(
12	58	2324	2327	500
12	59	2328	2329	-
12	60	2330	2334	1000
12	61	2335	2337	mg
12	62	2338	2341	BID
12	63	2342	2343	)
12	64	2344	2345	(
12	65	2346	2347	G
12	66	2348	2349	+
12	67	2350	2353	Met
12	68	2354	2355	)
12	69	2356	2359	for
12	70	2360	2362	24
12	71	2363	2368	weeks
12	72	2369	2370	.
#Text=With LM50/50 + Met, the insulin dose was titrated to target a fasting BG (FBG) level of <6.7 mmol/L (<120 mg/dL) and a 2-hour post-prandial BG (PPBG) level of <8.0 mmol/L (<144 mg/dL); those who did not reach the FBG target would be switched from presupper LM50/50 to LM75/25 (75% ILPS, 25% lispro).
13	1	2371	2375	With
13	2	2376	2380	LM50
13	3	2381	2382	/
13	4	2383	2385	50
13	5	2386	2387	+
13	6	2388	2391	Met
13	7	2392	2393	,
13	8	2394	2397	the
13	9	2398	2405	insulin
13	10	2406	2410	dose
13	11	2411	2414	was
13	12	2415	2423	titrated
13	13	2424	2426	to
13	14	2427	2433	target
13	15	2434	2435	a
13	16	2436	2443	fasting
13	17	2444	2446	BG
13	18	2447	2448	(
13	19	2449	2452	FBG
13	20	2453	2454	)
13	21	2455	2460	level
13	22	2461	2463	of
13	23	2464	2465	<
13	24	2466	2467	6
13	25	2468	2469	.
13	26	2470	2471	7
13	27	2472	2476	mmol
13	28	2477	2478	/
13	29	2479	2480	L
13	30	2481	2482	(
13	31	2483	2484	<
13	32	2485	2488	120
13	33	2489	2491	mg
13	34	2492	2493	/
13	35	2494	2496	dL
13	36	2497	2498	)
13	37	2499	2502	and
13	38	2503	2504	a
13	39	2505	2506	2
13	40	2507	2508	-
13	41	2509	2513	hour
13	42	2514	2518	post
13	43	2519	2520	-
13	44	2521	2529	prandial
13	45	2530	2532	BG
13	46	2533	2534	(
13	47	2535	2539	PPBG
13	48	2540	2541	)
13	49	2542	2547	level
13	50	2548	2550	of
13	51	2551	2552	<
13	52	2553	2554	8
13	53	2555	2556	.
13	54	2557	2558	0
13	55	2559	2563	mmol
13	56	2564	2565	/
13	57	2566	2567	L
13	58	2568	2569	(
13	59	2570	2571	<
13	60	2572	2575	144
13	61	2576	2578	mg
13	62	2579	2580	/
13	63	2581	2583	dL
13	64	2584	2585	)
13	65	2586	2587	;
13	66	2588	2593	those
13	67	2594	2597	who
13	68	2598	2601	did
13	69	2602	2605	not
13	70	2606	2611	reach
13	71	2612	2615	the
13	72	2616	2619	FBG
13	73	2620	2626	target
13	74	2627	2632	would
13	75	2633	2635	be
13	76	2636	2644	switched
13	77	2645	2649	from
13	78	2650	2659	presupper
13	79	2660	2664	LM50
13	80	2665	2666	/
13	81	2667	2669	50
13	82	2670	2672	to
13	83	2673	2677	LM75
13	84	2678	2679	/
13	85	2680	2682	25
13	86	2683	2684	(
13	87	2685	2687	75
13	88	2688	2689	%
13	89	2690	2694	ILPS
13	90	2695	2696	,
13	91	2697	2699	25
13	92	2700	2701	%
13	93	2702	2708	lispro
13	94	2709	2710	)
13	95	2711	2712	.
#Text=RESULTS: A total of 315 patients were randomized and received treatment (158 women, 157 men; mean age, 57.7 years; mean body mass index, 32.1 kg/m2; LM50/50 + Met, 157 patients; G + Met, 158 patients).
14	1	2713	2720	RESULTS
14	2	2721	2722	:
14	3	2723	2724	A
14	4	2725	2730	total
14	5	2731	2733	of
14	6	2734	2737	315
14	7	2738	2746	patients
14	8	2747	2751	were
14	9	2752	2762	randomized
14	10	2763	2766	and
14	11	2767	2775	received
14	12	2776	2785	treatment
14	13	2786	2787	(
14	14	2788	2791	158
14	15	2792	2797	women
14	16	2798	2799	,
14	17	2800	2803	157
14	18	2804	2807	men
14	19	2808	2809	;
14	20	2810	2814	mean
14	21	2815	2818	age
14	22	2819	2820	,
14	23	2821	2823	57
14	24	2824	2825	.
14	25	2826	2827	7
14	26	2828	2833	years
14	27	2834	2835	;
14	28	2836	2840	mean
14	29	2841	2845	body
14	30	2846	2850	mass
14	31	2851	2856	index
14	32	2857	2858	,
14	33	2859	2861	32
14	34	2862	2863	.
14	35	2864	2865	1
14	36	2866	2868	kg
14	37	2869	2870	/
14	38	2871	2873	m2
14	39	2874	2875	;
14	40	2876	2880	LM50
14	41	2881	2882	/
14	42	2883	2885	50
14	43	2886	2887	+
14	44	2888	2891	Met
14	45	2892	2893	,
14	46	2894	2897	157
14	47	2898	2906	patients
14	48	2907	2908	;
14	49	2909	2910	G
14	50	2911	2912	+
14	51	2913	2916	Met
14	52	2917	2918	,
14	53	2919	2922	158
14	54	2923	2931	patients
14	55	2932	2933	)
14	56	2934	2935	.
#Text=At 24 weeks, the mean (SD)HbA(1c) level was significantly lower in the LM50/50 + Met group than in the G + Met group (7.1% [0.9%] vs 7.5% [1.0%]; P<0.001), and the proportion who reached an HbA(1c) target of < or = 7.0% was greater (88 [56.1%] vs 63 [39.9%]; P = 0.005).
15	1	2936	2938	At
15	2	2939	2941	24
15	3	2942	2947	weeks
15	4	2948	2949	,
15	5	2950	2953	the
15	6	2954	2958	mean
15	7	2959	2960	(
15	8	2961	2963	SD
15	9	2964	2965	)
15	10	2966	2969	HbA
15	11	2970	2971	(
15	12	2972	2974	1c
15	13	2975	2976	)
15	14	2977	2982	level
15	15	2983	2986	was
15	16	2987	3000	significantly
15	17	3001	3006	lower
15	18	3007	3009	in
15	19	3010	3013	the
15	20	3014	3018	LM50
15	21	3019	3020	/
15	22	3021	3023	50
15	23	3024	3025	+
15	24	3026	3029	Met
15	25	3030	3035	group
15	26	3036	3040	than
15	27	3041	3043	in
15	28	3044	3047	the
15	29	3048	3049	G
15	30	3050	3051	+
15	31	3052	3055	Met
15	32	3056	3061	group
15	33	3062	3063	(
15	34	3064	3065	7
15	35	3066	3067	.
15	36	3068	3069	1
15	37	3070	3071	%
15	38	3072	3073	[
15	39	3074	3075	0
15	40	3076	3077	.
15	41	3078	3079	9
15	42	3080	3081	%
15	43	3082	3083	]
15	44	3084	3086	vs
15	45	3087	3088	7
15	46	3089	3090	.
15	47	3091	3092	5
15	48	3093	3094	%
15	49	3095	3096	[
15	50	3097	3098	1
15	51	3099	3100	.
15	52	3101	3102	0
15	53	3103	3104	%
15	54	3105	3106	]
15	55	3107	3108	;
15	56	3109	3110	P
15	57	3111	3112	<
15	58	3113	3114	0
15	59	3115	3116	.
15	60	3117	3120	001
15	61	3121	3122	)
15	62	3123	3124	,
15	63	3125	3128	and
15	64	3129	3132	the
15	65	3133	3143	proportion
15	66	3144	3147	who
15	67	3148	3155	reached
15	68	3156	3158	an
15	69	3159	3162	HbA
15	70	3163	3164	(
15	71	3165	3167	1c
15	72	3168	3169	)
15	73	3170	3176	target
15	74	3177	3179	of
15	75	3180	3181	<
15	76	3182	3184	or
15	77	3185	3186	=
15	78	3187	3188	7
15	79	3189	3190	.
15	80	3191	3192	0
15	81	3193	3194	%
15	82	3195	3198	was
15	83	3199	3206	greater
15	84	3207	3208	(
15	85	3209	3211	88
15	86	3212	3213	[
15	87	3214	3216	56
15	88	3217	3218	.
15	89	3219	3220	1
15	90	3221	3222	%
15	91	3223	3224	]
15	92	3225	3227	vs
15	93	3228	3230	63
15	94	3231	3232	[
15	95	3233	3235	39
15	96	3236	3237	.
15	97	3238	3239	9
15	98	3240	3241	%
15	99	3242	3243	]
15	100	3244	3245	;
15	101	3246	3247	P
15	102	3248	3249	=
15	103	3250	3251	0
15	104	3252	3253	.
15	105	3254	3257	005
15	106	3258	3259	)
15	107	3260	3261	.
#Text=The G + Met group had a lower mean (SD)FBG value (6.5 [1.6] vs 8.1 [1.8] mmol/L;  P<0.001).
16	1	3262	3265	The
16	2	3266	3267	G
16	3	3268	3269	+
16	4	3270	3273	Met
16	5	3274	3279	group
16	6	3280	3283	had
16	7	3284	3285	a
16	8	3286	3291	lower
16	9	3292	3296	mean
16	10	3297	3298	(
16	11	3299	3301	SD
16	12	3302	3303	)
16	13	3304	3307	FBG
16	14	3308	3313	value
16	15	3314	3315	(
16	16	3316	3317	6
16	17	3318	3319	.
16	18	3320	3321	5
16	19	3322	3323	[
16	20	3324	3325	1
16	21	3326	3327	.
16	22	3328	3329	6
16	23	3330	3331	]
16	24	3332	3334	vs
16	25	3335	3336	8
16	26	3337	3338	.
16	27	3339	3340	1
16	28	3341	3342	[
16	29	3343	3344	1
16	30	3345	3346	.
16	31	3347	3348	8
16	32	3349	3350	]
16	33	3351	3355	mmol
16	34	3356	3357	/
16	35	3358	3359	L
16	36	3360	3361	;
16	37	3362	3363	P
16	38	3364	3365	<
16	39	3366	3367	0
16	40	3368	3369	.
16	41	3370	3373	001
16	42	3374	3375	)
16	43	3376	3377	.
#Text=The LM50/50 + Met group had lower mean preprandial BG levels prelunch (7.4 [1.9] vs 7.9 [2.1] mmol/L; P=0.03) and presupper (8.3 [2.0] vs 8.9 [2.8] mmol/L; P=0.04).
17	1	3378	3381	The
17	2	3382	3386	LM50
17	3	3387	3388	/
17	4	3389	3391	50
17	5	3392	3393	+
17	6	3394	3397	Met
17	7	3398	3403	group
17	8	3404	3407	had
17	9	3408	3413	lower
17	10	3414	3418	mean
17	11	3419	3430	preprandial
17	12	3431	3433	BG
17	13	3434	3440	levels
17	14	3441	3449	prelunch
17	15	3450	3451	(
17	16	3452	3453	7
17	17	3454	3455	.
17	18	3456	3457	4
17	19	3458	3459	[
17	20	3460	3461	1
17	21	3462	3463	.
17	22	3464	3465	9
17	23	3466	3467	]
17	24	3468	3470	vs
17	25	3471	3472	7
17	26	3473	3474	.
17	27	3475	3476	9
17	28	3477	3478	[
17	29	3479	3480	2
17	30	3481	3482	.
17	31	3483	3484	1
17	32	3485	3486	]
17	33	3487	3491	mmol
17	34	3492	3493	/
17	35	3494	3495	L
17	36	3496	3497	;
17	37	3498	3499	P
17	38	3500	3501	=
17	39	3502	3503	0
17	40	3504	3505	.
17	41	3506	3508	03
17	42	3509	3510	)
17	43	3511	3514	and
17	44	3515	3524	presupper
17	45	3525	3526	(
17	46	3527	3528	8
17	47	3529	3530	.
17	48	3531	3532	3
17	49	3533	3534	[
17	50	3535	3536	2
17	51	3537	3538	.
17	52	3539	3540	0
17	53	3541	3542	]
17	54	3543	3545	vs
17	55	3546	3547	8
17	56	3548	3549	.
17	57	3550	3551	9
17	58	3552	3553	[
17	59	3554	3555	2
17	60	3556	3557	.
17	61	3558	3559	8
17	62	3560	3561	]
17	63	3562	3566	mmol
17	64	3567	3568	/
17	65	3569	3570	L
17	66	3571	3572	;
17	67	3573	3574	P
17	68	3575	3576	=
17	69	3577	3578	0
17	70	3579	3580	.
17	71	3581	3583	04
17	72	3584	3585	)
17	73	3586	3587	.
#Text=The LM50/50 + Met group also had lower mean 2-hour PPBG values postbreakfast (8.7 [2.2] vs 9.2 [2.5] mmol/L; P=0.03), postlunch (8.4 [1.9] vs 9.8 [2.6], mmol/L; p<0.001), and postsupper (8.7 [2.2] vs 10.7 [3.2], mmol/L; P<0.001).
18	1	3588	3591	The
18	2	3592	3596	LM50
18	3	3597	3598	/
18	4	3599	3601	50
18	5	3602	3603	+
18	6	3604	3607	Met
18	7	3608	3613	group
18	8	3614	3618	also
18	9	3619	3622	had
18	10	3623	3628	lower
18	11	3629	3633	mean
18	12	3634	3635	2
18	13	3636	3637	-
18	14	3638	3642	hour
18	15	3643	3647	PPBG
18	16	3648	3654	values
18	17	3655	3668	postbreakfast
18	18	3669	3670	(
18	19	3671	3672	8
18	20	3673	3674	.
18	21	3675	3676	7
18	22	3677	3678	[
18	23	3679	3680	2
18	24	3681	3682	.
18	25	3683	3684	2
18	26	3685	3686	]
18	27	3687	3689	vs
18	28	3690	3691	9
18	29	3692	3693	.
18	30	3694	3695	2
18	31	3696	3697	[
18	32	3698	3699	2
18	33	3700	3701	.
18	34	3702	3703	5
18	35	3704	3705	]
18	36	3706	3710	mmol
18	37	3711	3712	/
18	38	3713	3714	L
18	39	3715	3716	;
18	40	3717	3718	P
18	41	3719	3720	=
18	42	3721	3722	0
18	43	3723	3724	.
18	44	3725	3727	03
18	45	3728	3729	)
18	46	3730	3731	,
18	47	3732	3741	postlunch
18	48	3742	3743	(
18	49	3744	3745	8
18	50	3746	3747	.
18	51	3748	3749	4
18	52	3750	3751	[
18	53	3752	3753	1
18	54	3754	3755	.
18	55	3756	3757	9
18	56	3758	3759	]
18	57	3760	3762	vs
18	58	3763	3764	9
18	59	3765	3766	.
18	60	3767	3768	8
18	61	3769	3770	[
18	62	3771	3772	2
18	63	3773	3774	.
18	64	3775	3776	6
18	65	3777	3778	]
18	66	3779	3780	,
18	67	3781	3785	mmol
18	68	3786	3787	/
18	69	3788	3789	L
18	70	3790	3791	;
18	71	3792	3793	p
18	72	3794	3795	<
18	73	3796	3797	0
18	74	3798	3799	.
18	75	3800	3803	001
18	76	3804	3805	)
18	77	3806	3807	,
18	78	3808	3811	and
18	79	3812	3822	postsupper
18	80	3823	3824	(
18	81	3825	3826	8
18	82	3827	3828	.
18	83	3829	3830	7
18	84	3831	3832	[
18	85	3833	3834	2
18	86	3835	3836	.
18	87	3837	3838	2
18	88	3839	3840	]
18	89	3841	3843	vs
18	90	3844	3846	10
18	91	3847	3848	.
18	92	3849	3850	7
18	93	3851	3852	[
18	94	3853	3854	3
18	95	3855	3856	.
18	96	3857	3858	2
18	97	3859	3860	]
18	98	3861	3862	,
18	99	3863	3867	mmol
18	100	3868	3869	/
18	101	3870	3871	L
18	102	3872	3873	;
18	103	3874	3875	P
18	104	3876	3877	<
18	105	3878	3879	0
18	106	3880	3881	.
18	107	3882	3885	001
18	108	3886	3887	)
18	109	3888	3889	.
#Text=The mean (SD) total insulin doses at study end point were 0.7 (0.3) U/kg in the LM50/50 + Met group and 0.6 (0.3) U/kg in the G + Met group (P<0.001).
19	1	3890	3893	The
19	2	3894	3898	mean
19	3	3899	3900	(
19	4	3901	3903	SD
19	5	3904	3905	)
19	6	3906	3911	total
19	7	3912	3919	insulin
19	8	3920	3925	doses
19	9	3926	3928	at
19	10	3929	3934	study
19	11	3935	3938	end
19	12	3939	3944	point
19	13	3945	3949	were
19	14	3950	3951	0
19	15	3952	3953	.
19	16	3954	3955	7
19	17	3956	3957	(
19	18	3958	3959	0
19	19	3960	3961	.
19	20	3962	3963	3
19	21	3964	3965	)
19	22	3966	3967	U
19	23	3968	3969	/
19	24	3970	3972	kg
19	25	3973	3975	in
19	26	3976	3979	the
19	27	3980	3984	LM50
19	28	3985	3986	/
19	29	3987	3989	50
19	30	3990	3991	+
19	31	3992	3995	Met
19	32	3996	4001	group
19	33	4002	4005	and
19	34	4006	4007	0
19	35	4008	4009	.
19	36	4010	4011	6
19	37	4012	4013	(
19	38	4014	4015	0
19	39	4016	4017	.
19	40	4018	4019	3
19	41	4020	4021	)
19	42	4022	4023	U
19	43	4024	4025	/
19	44	4026	4028	kg
19	45	4029	4031	in
19	46	4032	4035	the
19	47	4036	4037	G
19	48	4038	4039	+
19	49	4040	4043	Met
19	50	4044	4049	group
19	51	4050	4051	(
19	52	4052	4053	P
19	53	4054	4055	<
19	54	4056	4057	0
19	55	4058	4059	.
19	56	4060	4063	001
19	57	4064	4065	)
19	58	4066	4067	.
#Text=The mean (SD)M-value (an expression of mean glycemia and the effect of glucose swings) was statistically similar between the 2 groups at baseline but significantly lower in the LM50/50 + Met group at end point (17.3 [13.8] vs 25.1  [24.8] mmol/L; P<0.001).
20	1	4068	4071	The
20	2	4072	4076	mean
20	3	4077	4078	(
20	4	4079	4081	SD
20	5	4082	4083	)
20	6	4084	4085	M
20	7	4086	4087	-
20	8	4088	4093	value
20	9	4094	4095	(
20	10	4096	4098	an
20	11	4099	4109	expression
20	12	4110	4112	of
20	13	4113	4117	mean
20	14	4118	4126	glycemia
20	15	4127	4130	and
20	16	4131	4134	the
20	17	4135	4141	effect
20	18	4142	4144	of
20	19	4145	4152	glucose
20	20	4153	4159	swings
20	21	4160	4161	)
20	22	4162	4165	was
20	23	4166	4179	statistically
20	24	4180	4187	similar
20	25	4188	4195	between
20	26	4196	4199	the
20	27	4200	4201	2
20	28	4202	4208	groups
20	29	4209	4211	at
20	30	4212	4220	baseline
20	31	4221	4224	but
20	32	4225	4238	significantly
20	33	4239	4244	lower
20	34	4245	4247	in
20	35	4248	4251	the
20	36	4252	4256	LM50
20	37	4257	4258	/
20	38	4259	4261	50
20	39	4262	4263	+
20	40	4264	4267	Met
20	41	4268	4273	group
20	42	4274	4276	at
20	43	4277	4280	end
20	44	4281	4286	point
20	45	4287	4288	(
20	46	4289	4291	17
20	47	4292	4293	.
20	48	4294	4295	3
20	49	4296	4297	[
20	50	4298	4300	13
20	51	4301	4302	.
20	52	4303	4304	8
20	53	4305	4306	]
20	54	4307	4309	vs
20	55	4310	4312	25
20	56	4313	4314	.
20	57	4315	4316	1
20	58	4317	4318	[
20	59	4319	4321	24
20	60	4322	4323	.
20	61	4324	4325	8
20	62	4326	4327	]
20	63	4328	4332	mmol
20	64	4333	4334	/
20	65	4335	4336	L
20	66	4337	4338	;
20	67	4339	4340	P
20	68	4341	4342	<
20	69	4343	4344	0
20	70	4345	4346	.
20	71	4347	4350	001
20	72	4351	4352	)
20	73	4353	4354	.
#Text=During the entire treatment period, mean (SD) overall and nocturnal hypoglycemia rates (episodes per patient for 30 days) were statistically similar between the 2 groups (overall, 0.8 [1.4] vs 0.5 [1.0]; nocturnal, 0.2 [0.7] vs 0.3 [0.6]).
21	1	4355	4361	During
21	2	4362	4365	the
21	3	4366	4372	entire
21	4	4373	4382	treatment
21	5	4383	4389	period
21	6	4390	4391	,
21	7	4392	4396	mean
21	8	4397	4398	(
21	9	4399	4401	SD
21	10	4402	4403	)
21	11	4404	4411	overall
21	12	4412	4415	and
21	13	4416	4425	nocturnal
21	14	4426	4438	hypoglycemia
21	15	4439	4444	rates
21	16	4445	4446	(
21	17	4447	4455	episodes
21	18	4456	4459	per
21	19	4460	4467	patient
21	20	4468	4471	for
21	21	4472	4474	30
21	22	4475	4479	days
21	23	4480	4481	)
21	24	4482	4486	were
21	25	4487	4500	statistically
21	26	4501	4508	similar
21	27	4509	4516	between
21	28	4517	4520	the
21	29	4521	4522	2
21	30	4523	4529	groups
21	31	4530	4531	(
21	32	4532	4539	overall
21	33	4540	4541	,
21	34	4542	4543	0
21	35	4544	4545	.
21	36	4546	4547	8
21	37	4548	4549	[
21	38	4550	4551	1
21	39	4552	4553	.
21	40	4554	4555	4
21	41	4556	4557	]
21	42	4558	4560	vs
21	43	4561	4562	0
21	44	4563	4564	.
21	45	4565	4566	5
21	46	4567	4568	[
21	47	4569	4570	1
21	48	4571	4572	.
21	49	4573	4574	0
21	50	4575	4576	]
21	51	4577	4578	;
21	52	4579	4588	nocturnal
21	53	4589	4590	,
21	54	4591	4592	0
21	55	4593	4594	.
21	56	4595	4596	2
21	57	4597	4598	[
21	58	4599	4600	0
21	59	4601	4602	.
21	60	4603	4604	7
21	61	4605	4606	]
21	62	4607	4609	vs
21	63	4610	4611	0
21	64	4612	4613	.
21	65	4614	4615	3
21	66	4616	4617	[
21	67	4618	4619	0
21	68	4620	4621	.
21	69	4622	4623	6
21	70	4624	4625	]
21	71	4626	4627	)
21	72	4628	4629	.
#Text=At end point, the mean (SD) nocturnal hypoglycemia rates were similar between the 2 groups (0.2 [0.9] vs 0.2 [0.6]), but the overall and non-nocturnal hypoglycemia rates were higher with LM50/50 + Met (overall, 0.7 [1.7] vs 0.3 [0.8]; P=0.02; non-nocturnal, 0.5 [1.2] vs 0.1 [0.4]; P=0.002).
22	1	4630	4632	At
22	2	4633	4636	end
22	3	4637	4642	point
22	4	4643	4644	,
22	5	4645	4648	the
22	6	4649	4653	mean
22	7	4654	4655	(
22	8	4656	4658	SD
22	9	4659	4660	)
22	10	4661	4670	nocturnal
22	11	4671	4683	hypoglycemia
22	12	4684	4689	rates
22	13	4690	4694	were
22	14	4695	4702	similar
22	15	4703	4710	between
22	16	4711	4714	the
22	17	4715	4716	2
22	18	4717	4723	groups
22	19	4724	4725	(
22	20	4726	4727	0
22	21	4728	4729	.
22	22	4730	4731	2
22	23	4732	4733	[
22	24	4734	4735	0
22	25	4736	4737	.
22	26	4738	4739	9
22	27	4740	4741	]
22	28	4742	4744	vs
22	29	4745	4746	0
22	30	4747	4748	.
22	31	4749	4750	2
22	32	4751	4752	[
22	33	4753	4754	0
22	34	4755	4756	.
22	35	4757	4758	6
22	36	4759	4760	]
22	37	4761	4762	)
22	38	4763	4764	,
22	39	4765	4768	but
22	40	4769	4772	the
22	41	4773	4780	overall
22	42	4781	4784	and
22	43	4785	4788	non
22	44	4789	4790	-
22	45	4791	4800	nocturnal
22	46	4801	4813	hypoglycemia
22	47	4814	4819	rates
22	48	4820	4824	were
22	49	4825	4831	higher
22	50	4832	4836	with
22	51	4837	4841	LM50
22	52	4842	4843	/
22	53	4844	4846	50
22	54	4847	4848	+
22	55	4849	4852	Met
22	56	4853	4854	(
22	57	4855	4862	overall
22	58	4863	4864	,
22	59	4865	4866	0
22	60	4867	4868	.
22	61	4869	4870	7
22	62	4871	4872	[
22	63	4873	4874	1
22	64	4875	4876	.
22	65	4877	4878	7
22	66	4879	4880	]
22	67	4881	4883	vs
22	68	4884	4885	0
22	69	4886	4887	.
22	70	4888	4889	3
22	71	4890	4891	[
22	72	4892	4893	0
22	73	4894	4895	.
22	74	4896	4897	8
22	75	4898	4899	]
22	76	4900	4901	;
22	77	4902	4903	P
22	78	4904	4905	=
22	79	4906	4907	0
22	80	4908	4909	.
22	81	4910	4912	02
22	82	4913	4914	;
22	83	4915	4918	non
22	84	4919	4920	-
22	85	4921	4930	nocturnal
22	86	4931	4932	,
22	87	4933	4934	0
22	88	4935	4936	.
22	89	4937	4938	5
22	90	4939	4940	[
22	91	4941	4942	1
22	92	4943	4944	.
22	93	4945	4946	2
22	94	4947	4948	]
22	95	4949	4951	vs
22	96	4952	4953	0
22	97	4954	4955	.
22	98	4956	4957	1
22	99	4958	4959	[
22	100	4960	4961	0
22	101	4962	4963	.
22	102	4964	4965	4
22	103	4966	4967	]
22	104	4968	4969	;
22	105	4970	4971	P
22	106	4972	4973	=
22	107	4974	4975	0
22	108	4976	4977	.
22	109	4978	4981	002
22	110	4982	4983	)
22	111	4984	4985	.
#Text=CONCLUSION: In these patients with type 2 diabetes, mealtime LM50/50 + Met was associated with lower overall (HbA(1c)) and preprandial BG and PPBG levels (except for FBG), with similar nocturnal hypoglycemia and less glycemic variability, compared with G + Met.
23	1	4986	4996	CONCLUSION
23	2	4997	4998	:
23	3	4999	5001	In
23	4	5002	5007	these
23	5	5008	5016	patients
23	6	5017	5021	with
23	7	5022	5026	type
23	8	5027	5028	2
23	9	5029	5037	diabetes
23	10	5038	5039	,
23	11	5040	5048	mealtime
23	12	5049	5053	LM50
23	13	5054	5055	/
23	14	5056	5058	50
23	15	5059	5060	+
23	16	5061	5064	Met
23	17	5065	5068	was
23	18	5069	5079	associated
23	19	5080	5084	with
23	20	5085	5090	lower
23	21	5091	5098	overall
23	22	5099	5100	(
23	23	5101	5104	HbA
23	24	5105	5106	(
23	25	5107	5109	1c
23	26	5110	5111	)
23	27	5112	5113	)
23	28	5114	5117	and
23	29	5118	5129	preprandial
23	30	5130	5132	BG
23	31	5133	5136	and
23	32	5137	5141	PPBG
23	33	5142	5148	levels
23	34	5149	5150	(
23	35	5151	5157	except
23	36	5158	5161	for
23	37	5162	5165	FBG
23	38	5166	5167	)
23	39	5168	5169	,
23	40	5170	5174	with
23	41	5175	5182	similar
23	42	5183	5192	nocturnal
23	43	5193	5205	hypoglycemia
23	44	5206	5209	and
23	45	5210	5214	less
23	46	5215	5223	glycemic
23	47	5224	5235	variability
23	48	5236	5237	,
23	49	5238	5246	compared
23	50	5247	5251	with
23	51	5252	5253	G
23	52	5254	5255	+
23	53	5256	5259	Met
23	54	5260	5261	.
#Text=Copyright (c) 2007 Excerpta Medica, Inc.  DOI: 10.1016/j.clinthera.2007.11.016  PMID: 18158076  [Indexed for MEDLINE]
24	1	5262	5271	Copyright
24	2	5272	5273	(
24	3	5274	5275	c
24	4	5276	5277	)
24	5	5278	5282	2007
24	6	5283	5291	Excerpta
24	7	5292	5298	Medica
24	8	5299	5300	,
24	9	5301	5304	Inc
24	10	5305	5306	.
24	11	5307	5310	DOI
24	12	5311	5312	:
24	13	5313	5315	10
24	14	5316	5317	.
24	15	5318	5322	1016
24	16	5323	5324	/
24	17	5325	5326	j
24	18	5327	5328	.
24	19	5329	5338	clinthera
24	20	5339	5340	.
24	21	5341	5345	2007
24	22	5346	5347	.
24	23	5348	5350	11
24	24	5351	5352	.
24	25	5353	5356	016
24	26	5357	5361	PMID
24	27	5362	5363	:
24	28	5364	5372	18158076
24	29	5373	5374	[
24	30	5375	5382	Indexed
24	31	5383	5386	for
24	32	5387	5394	MEDLINE
24	33	5395	5396	]
