#Text=Diabetes Obes Metab.
1	1	0	8	Diabetes
1	2	9	13	Obes
1	3	14	19	Metab
1	4	20	21	.
#Text=2010 Oct;12(10):916-22. doi: 10.1111/j.1463-1326.2010.01257.x.
2	1	22	26	2010
2	2	27	30	Oct
2	3	31	32	;
2	4	33	35	12
2	5	36	37	(
2	6	38	40	10
2	7	41	42	)
2	8	43	44	:
2	9	45	48	916
2	10	49	50	-
2	11	51	53	22
2	12	54	55	.
2	13	56	59	doi
2	14	60	61	:
2	15	62	64	10
2	16	65	66	.
2	17	67	71	1111
2	18	72	73	/
2	19	74	75	j
2	20	76	77	.
2	21	78	82	1463
2	22	83	84	-
2	23	85	89	1326
2	24	90	91	.
2	25	92	96	2010
2	26	97	98	.
2	27	99	104	01257
2	28	105	106	.
2	29	107	108	x
2	30	109	110	.
#Text=Addition of insulin lispro protamine suspension or insulin glargine to oral type  2 diabetes regimens: a randomized trial.
3	1	111	119	Addition
3	2	120	122	of
3	3	123	130	insulin
3	4	131	137	lispro
3	5	138	147	protamine
3	6	148	158	suspension
3	7	159	161	or
3	8	162	169	insulin
3	9	170	178	glargine
3	10	179	181	to
3	11	182	186	oral
3	12	187	191	type
3	13	192	193	2
3	14	194	202	diabetes
3	15	203	211	regimens
3	16	212	213	:
3	17	214	215	a
3	18	216	226	randomized
3	19	227	232	trial
3	20	233	234	.
#Text=Strojek K(1), Shi C, Carey MA, Jacober SJ.
4	1	235	242	Strojek
4	2	243	244	K
4	3	245	246	(
4	4	247	248	1
4	5	249	250	)
4	6	251	252	,
4	7	253	256	Shi
4	8	257	258	C
4	9	259	260	,
4	10	261	266	Carey
4	11	267	269	MA
4	12	270	271	,
4	13	272	279	Jacober
4	14	280	282	SJ
4	15	283	284	.
#Text=Author information:  (1)Department of Internal Diseases, Diabetology and Nephrology, Silesian Medical  University, Zabrze, Poland.
5	1	285	291	Author
5	2	292	303	information
5	3	304	305	:
5	4	306	307	(
5	5	308	309	1
5	6	310	311	)
5	7	312	322	Department
5	8	323	325	of
5	9	326	334	Internal
5	10	335	343	Diseases
5	11	344	345	,
5	12	346	357	Diabetology
5	13	358	361	and
5	14	362	372	Nephrology
5	15	373	374	,
5	16	375	383	Silesian
5	17	384	391	Medical
5	18	392	402	University
5	19	403	404	,
5	20	405	411	Zabrze
5	21	412	413	,
5	22	414	420	Poland
5	23	421	422	.
#Text=AIMS: The addition of basal insulin to existing oral therapy can help patients with type 2 diabetes (T2D) achieve glycaemic targets.
6	1	423	427	AIMS
6	2	428	429	:
6	3	430	433	The
6	4	434	442	addition
6	5	443	445	of
6	6	446	451	basal
6	7	452	459	insulin
6	8	460	462	to
6	9	463	471	existing
6	10	472	476	oral
6	11	477	484	therapy
6	12	485	488	can
6	13	489	493	help
6	14	494	502	patients
6	15	503	507	with
6	16	508	512	type
6	17	513	514	2
6	18	515	523	diabetes
6	19	524	525	(
6	20	526	529	T2D
6	21	530	531	)
6	22	532	539	achieve
6	23	540	549	glycaemic
6	24	550	557	targets
6	25	558	559	.
#Text=This study compares the efficacy and safety of insulin lispro protamine suspension (ILPS) and insulin glargine in insulin-naive patients with T2D and inadequate control on oral antihyperglycaemic medication (OAM).
7	1	560	564	This
7	2	565	570	study
7	3	571	579	compares
7	4	580	583	the
7	5	584	592	efficacy
7	6	593	596	and
7	7	597	603	safety
7	8	604	606	of
7	9	607	614	insulin
7	10	615	621	lispro
7	11	622	631	protamine
7	12	632	642	suspension
7	13	643	644	(
7	14	645	649	ILPS
7	15	650	651	)
7	16	652	655	and
7	17	656	663	insulin
7	18	664	672	glargine
7	19	673	675	in
7	20	676	683	insulin
7	21	684	685	-
7	22	686	691	naive
7	23	692	700	patients
7	24	701	705	with
7	25	706	709	T2D
7	26	710	713	and
7	27	714	724	inadequate
7	28	725	732	control
7	29	733	735	on
7	30	736	740	oral
7	31	741	759	antihyperglycaemic
7	32	760	770	medication
7	33	771	772	(
7	34	773	776	OAM
7	35	777	778	)
7	36	779	780	.
#Text=MATERIALS AND METHODS: An open-label, randomized, multicentre, multinational 24-week study of 471 patients receiving ≥2 OAMs for ≥3 months with a body mass index between 25 and 45 kg/m(2) and HbA1c 7.5-10.0% was conducted.
8	1	781	790	MATERIALS
8	2	791	794	AND
8	3	795	802	METHODS
8	4	803	804	:
8	5	805	807	An
8	6	808	812	open
8	7	813	814	-
8	8	815	820	label
8	9	821	822	,
8	10	823	833	randomized
8	11	834	835	,
8	12	836	847	multicentre
8	13	848	849	,
8	14	850	863	multinational
8	15	864	866	24
8	16	867	868	-
8	17	869	873	week
8	18	874	879	study
8	19	880	882	of
8	20	883	886	471
8	21	887	895	patients
8	22	896	905	receiving
8	23	906	907	≥
8	24	908	909	2
8	25	910	914	OAMs
8	26	915	918	for
8	27	919	920	≥
8	28	921	922	3
8	29	923	929	months
8	30	930	934	with
8	31	935	936	a
8	32	937	941	body
8	33	942	946	mass
8	34	947	952	index
8	35	953	960	between
8	36	961	963	25
8	37	964	967	and
8	38	968	970	45
8	39	971	973	kg
8	40	974	975	/
8	41	976	977	m
8	42	978	979	(
8	43	980	981	2
8	44	982	983	)
8	45	984	987	and
8	46	988	993	HbA1c
8	47	994	995	7
8	48	996	997	.
8	49	998	999	5
8	50	1000	1001	-
8	51	1002	1004	10
8	52	1005	1006	.
8	53	1007	1008	0
8	54	1009	1010	%
8	55	1011	1014	was
8	56	1015	1024	conducted
8	57	1025	1026	.
#Text=ILPS was injected once or twice daily vs. glargine injected once daily plus prestudy OAMs.
9	1	1027	1031	ILPS
9	2	1032	1035	was
9	3	1036	1044	injected
9	4	1045	1049	once
9	5	1050	1052	or
9	6	1053	1058	twice
9	7	1059	1064	daily
9	8	1065	1067	vs
9	9	1068	1069	.
9	10	1070	1078	glargine
9	11	1079	1087	injected
9	12	1088	1092	once
9	13	1093	1098	daily
9	14	1099	1103	plus
9	15	1104	1112	prestudy
9	16	1113	1117	OAMs
9	17	1118	1119	.
#Text=Primary objective compared the HbA1c change from baseline.
10	1	1120	1127	Primary
10	2	1128	1137	objective
10	3	1138	1146	compared
10	4	1147	1150	the
10	5	1151	1156	HbA1c
10	6	1157	1163	change
10	7	1164	1168	from
10	8	1169	1177	baseline
10	9	1178	1179	.
#Text=RESULTS: HbA1c change from baseline to endpoint was similar in both groups [-1.46% (ILPS) and -1.41% (glargine)].
11	1	1180	1187	RESULTS
11	2	1188	1189	:
11	3	1190	1195	HbA1c
11	4	1196	1202	change
11	5	1203	1207	from
11	6	1208	1216	baseline
11	7	1217	1219	to
11	8	1220	1228	endpoint
11	9	1229	1232	was
11	10	1233	1240	similar
11	11	1241	1243	in
11	12	1244	1248	both
11	13	1249	1255	groups
11	14	1256	1257	[
11	15	1258	1259	-
11	16	1260	1261	1
11	17	1262	1263	.
11	18	1264	1266	46
11	19	1267	1268	%
11	20	1269	1270	(
11	21	1271	1275	ILPS
11	22	1276	1277	)
11	23	1278	1281	and
11	24	1282	1283	-
11	25	1284	1285	1
11	26	1286	1287	.
11	27	1288	1290	41
11	28	1291	1292	%
11	29	1293	1294	(
11	30	1295	1303	glargine
11	31	1304	1305	)
11	32	1306	1307	]
11	33	1308	1309	.
#Text=Least-squares mean difference (95% CI) for HbA1c (-0.05 [-0.21, 0.11]%), glycaemic variability (0.06 [-0.06, 0.19] mmol/l) and weight change (-0.01 [-0.61, 0.59] kg) showed non-inferiority (margins of 0.4%, 0.8 mmol/l and 1.5 kg, respectively).
12	1	1310	1315	Least
12	2	1316	1317	-
12	3	1318	1325	squares
12	4	1326	1330	mean
12	5	1331	1341	difference
12	6	1342	1343	(
12	7	1344	1346	95
12	8	1347	1348	%
12	9	1349	1351	CI
12	10	1352	1353	)
12	11	1354	1357	for
12	12	1358	1363	HbA1c
12	13	1364	1365	(
12	14	1366	1367	-
12	15	1368	1369	0
12	16	1370	1371	.
12	17	1372	1374	05
12	18	1375	1376	[
12	19	1377	1378	-
12	20	1379	1380	0
12	21	1381	1382	.
12	22	1383	1385	21
12	23	1386	1387	,
12	24	1388	1389	0
12	25	1390	1391	.
12	26	1392	1394	11
12	27	1395	1396	]
12	28	1397	1398	%
12	29	1399	1400	)
12	30	1401	1402	,
12	31	1403	1412	glycaemic
12	32	1413	1424	variability
12	33	1425	1426	(
12	34	1427	1428	0
12	35	1429	1430	.
12	36	1431	1433	06
12	37	1434	1435	[
12	38	1436	1437	-
12	39	1438	1439	0
12	40	1440	1441	.
12	41	1442	1444	06
12	42	1445	1446	,
12	43	1447	1448	0
12	44	1449	1450	.
12	45	1451	1453	19
12	46	1454	1455	]
12	47	1456	1460	mmol
12	48	1461	1462	/
12	49	1463	1464	l
12	50	1465	1466	)
12	51	1467	1470	and
12	52	1471	1477	weight
12	53	1478	1484	change
12	54	1485	1486	(
12	55	1487	1488	-
12	56	1489	1490	0
12	57	1491	1492	.
12	58	1493	1495	01
12	59	1496	1497	[
12	60	1498	1499	-
12	61	1500	1501	0
12	62	1502	1503	.
12	63	1504	1506	61
12	64	1507	1508	,
12	65	1509	1510	0
12	66	1511	1512	.
12	67	1513	1515	59
12	68	1516	1517	]
12	69	1518	1520	kg
12	70	1521	1522	)
12	71	1523	1529	showed
12	72	1530	1533	non
12	73	1534	1535	-
12	74	1536	1547	inferiority
12	75	1548	1549	(
12	76	1550	1557	margins
12	77	1558	1560	of
12	78	1561	1562	0
12	79	1563	1564	.
12	80	1565	1566	4
12	81	1567	1568	%
12	82	1569	1570	,
12	83	1571	1572	0
12	84	1573	1574	.
12	85	1575	1576	8
12	86	1577	1581	mmol
12	87	1582	1583	/
12	88	1584	1585	l
12	89	1586	1589	and
12	90	1590	1591	1
12	91	1592	1593	.
12	92	1594	1595	5
12	93	1596	1598	kg
12	94	1599	1600	,
12	95	1601	1613	respectively
12	96	1614	1615	)
12	97	1616	1617	.
#Text=Percentages of patients achieving HbA1c <7.0% were 43.8% ILPS and 41.2% glargine.
13	1	1618	1629	Percentages
13	2	1630	1632	of
13	3	1633	1641	patients
13	4	1642	1651	achieving
13	5	1652	1657	HbA1c
13	6	1658	1659	<
13	7	1660	1661	7
13	8	1662	1663	.
13	9	1664	1665	0
13	10	1666	1667	%
13	11	1668	1672	were
13	12	1673	1675	43
13	13	1676	1677	.
13	14	1678	1679	8
13	15	1680	1681	%
13	16	1682	1686	ILPS
13	17	1687	1690	and
13	18	1691	1693	41
13	19	1694	1695	.
13	20	1696	1697	2
13	21	1698	1699	%
13	22	1700	1708	glargine
13	23	1709	1710	.
#Text=Mean daily insulin dose was 0.39  vs. 0.35 U/kg (p = 0.02) and weight gain was 1.04 vs. 1.07 kg for ILPS vs. glargine (p = 0.98).
14	1	1711	1715	Mean
14	2	1716	1721	daily
14	3	1722	1729	insulin
14	4	1730	1734	dose
14	5	1735	1738	was
14	6	1739	1740	0
14	7	1741	1742	.
14	8	1743	1745	39
14	9	1746	1748	vs
14	10	1749	1750	.
14	11	1751	1752	0
14	12	1753	1754	.
14	13	1755	1757	35
14	14	1758	1759	U
14	15	1760	1761	/
14	16	1762	1764	kg
14	17	1765	1766	(
14	18	1767	1768	p
14	19	1769	1770	=
14	20	1771	1772	0
14	21	1773	1774	.
14	22	1775	1777	02
14	23	1778	1779	)
14	24	1780	1783	and
14	25	1784	1790	weight
14	26	1791	1795	gain
14	27	1796	1799	was
14	28	1800	1801	1
14	29	1802	1803	.
14	30	1804	1806	04
14	31	1807	1809	vs
14	32	1810	1811	.
14	33	1812	1813	1
14	34	1814	1815	.
14	35	1816	1818	07
14	36	1819	1821	kg
14	37	1822	1825	for
14	38	1826	1830	ILPS
14	39	1831	1833	vs
14	40	1834	1835	.
14	41	1836	1844	glargine
14	42	1845	1846	(
14	43	1847	1848	p
14	44	1849	1850	=
14	45	1851	1852	0
14	46	1853	1854	.
14	47	1855	1857	98
14	48	1858	1859	)
14	49	1860	1861	.
#Text=Overall hypoglycaemia (episodes/patient/year) was similar for ILPS and glargine (24.2 ± 28.8 vs. 23.0 ± 30.9); nocturnal (6.1 ± 10.6 vs. 4.1 ± 9.4, p < 0.001) rates were higher for ILPS.
15	1	1862	1869	Overall
15	2	1870	1883	hypoglycaemia
15	3	1884	1885	(
15	4	1886	1894	episodes
15	5	1895	1896	/
15	6	1897	1904	patient
15	7	1905	1906	/
15	8	1907	1911	year
15	9	1912	1913	)
15	10	1914	1917	was
15	11	1918	1925	similar
15	12	1926	1929	for
15	13	1930	1934	ILPS
15	14	1935	1938	and
15	15	1939	1947	glargine
15	16	1948	1949	(
15	17	1950	1952	24
15	18	1953	1954	.
15	19	1955	1956	2
15	20	1957	1958	±
15	21	1959	1961	28
15	22	1962	1963	.
15	23	1964	1965	8
15	24	1966	1968	vs
15	25	1969	1970	.
15	26	1971	1973	23
15	27	1974	1975	.
15	28	1976	1977	0
15	29	1978	1979	±
15	30	1980	1982	30
15	31	1983	1984	.
15	32	1985	1986	9
15	33	1987	1988	)
15	34	1989	1990	;
15	35	1991	2000	nocturnal
15	36	2001	2002	(
15	37	2003	2004	6
15	38	2005	2006	.
15	39	2007	2008	1
15	40	2009	2010	±
15	41	2011	2013	10
15	42	2014	2015	.
15	43	2016	2017	6
15	44	2018	2020	vs
15	45	2021	2022	.
15	46	2023	2024	4
15	47	2025	2026	.
15	48	2027	2028	1
15	49	2029	2030	±
15	50	2031	2032	9
15	51	2033	2034	.
15	52	2035	2036	4
15	53	2037	2038	,
15	54	2039	2040	p
15	55	2041	2042	<
15	56	2043	2044	0
15	57	2045	2046	.
15	58	2047	2050	001
15	59	2051	2052	)
15	60	2053	2058	rates
15	61	2059	2063	were
15	62	2064	2070	higher
15	63	2071	2074	for
15	64	2075	2079	ILPS
15	65	2080	2081	.
#Text=Severe hypoglycaemia was higher for ILPS vs. glargine (n = 9 vs. n = 2; p = 0.04).
16	1	2082	2088	Severe
16	2	2089	2102	hypoglycaemia
16	3	2103	2106	was
16	4	2107	2113	higher
16	5	2114	2117	for
16	6	2118	2122	ILPS
16	7	2123	2125	vs
16	8	2126	2127	.
16	9	2128	2136	glargine
16	10	2137	2138	(
16	11	2139	2140	n
16	12	2141	2142	=
16	13	2143	2144	9
16	14	2145	2147	vs
16	15	2148	2149	.
16	16	2150	2151	n
16	17	2152	2153	=
16	18	2154	2155	2
16	19	2156	2157	;
16	20	2158	2159	p
16	21	2160	2161	=
16	22	2162	2163	0
16	23	2164	2165	.
16	24	2166	2168	04
16	25	2169	2170	)
16	26	2171	2172	.
#Text=CONCLUSIONS: At endpoint, ILPS was non-inferior to glargine in HbA1c change from  baseline, but associated with increased risk of hypoglycaemia.
17	1	2173	2184	CONCLUSIONS
17	2	2185	2186	:
17	3	2187	2189	At
17	4	2190	2198	endpoint
17	5	2199	2200	,
17	6	2201	2205	ILPS
17	7	2206	2209	was
17	8	2210	2213	non
17	9	2214	2215	-
17	10	2216	2224	inferior
17	11	2225	2227	to
17	12	2228	2236	glargine
17	13	2237	2239	in
17	14	2240	2245	HbA1c
17	15	2246	2252	change
17	16	2253	2257	from
17	17	2258	2266	baseline
17	18	2267	2268	,
17	19	2269	2272	but
17	20	2273	2283	associated
17	21	2284	2288	with
17	22	2289	2298	increased
17	23	2299	2303	risk
17	24	2304	2306	of
17	25	2307	2320	hypoglycaemia
17	26	2321	2322	.
#Text=© 2010 Eli Lilly and Company.
18	1	2323	2324	©
18	2	2325	2329	2010
18	3	2330	2333	Eli
18	4	2334	2339	Lilly
18	5	2340	2343	and
18	6	2344	2351	Company
18	7	2352	2353	.
#Text=DOI: 10.1111/j.1463-1326.2010.01257.x  PMID: 20920045  [Indexed for MEDLINE]
19	1	2354	2357	DOI
19	2	2358	2359	:
19	3	2360	2362	10
19	4	2363	2364	.
19	5	2365	2369	1111
19	6	2370	2371	/
19	7	2372	2373	j
19	8	2374	2375	.
19	9	2376	2380	1463
19	10	2381	2382	-
19	11	2383	2387	1326
19	12	2388	2389	.
19	13	2390	2394	2010
19	14	2395	2396	.
19	15	2397	2402	01257
19	16	2403	2404	.
19	17	2405	2406	x
19	18	2407	2411	PMID
19	19	2412	2413	:
19	20	2414	2422	20920045
19	21	2423	2424	[
19	22	2425	2432	Indexed
19	23	2433	2436	for
19	24	2437	2444	MEDLINE
19	25	2445	2446	]
