#Text=Diabetes Obes Metab.
1	1	0	8	Diabetes
1	2	9	13	Obes
1	3	14	19	Metab
1	4	20	21	.
#Text=2010 Feb;12(2):167-77. doi: 10.1111/j.1463-1326.2009.01173.x.
2	1	22	26	2010
2	2	27	30	Feb
2	3	31	32	;
2	4	33	35	12
2	5	36	37	(
2	6	38	39	2
2	7	40	41	)
2	8	42	43	:
2	9	44	47	167
2	10	48	49	-
2	11	50	52	77
2	12	53	54	.
2	13	55	58	doi
2	14	59	60	:
2	15	61	63	10
2	16	64	65	.
2	17	66	70	1111
2	18	71	72	/
2	19	73	74	j
2	20	75	76	.
2	21	77	81	1463
2	22	82	83	-
2	23	84	88	1326
2	24	89	90	.
2	25	91	95	2009
2	26	96	97	.
2	27	98	103	01173
2	28	104	105	.
2	29	106	107	x
2	30	108	109	.
#Text=Efficacy and safety of sitagliptin when added to insulin therapy in patients with type 2 diabetes.
3	1	110	118	Efficacy
3	2	119	122	and
3	3	123	129	safety
3	4	130	132	of
3	5	133	144	sitagliptin
3	6	145	149	when
3	7	150	155	added
3	8	156	158	to
3	9	159	166	insulin
3	10	167	174	therapy
3	11	175	177	in
3	12	178	186	patients
3	13	187	191	with
3	14	192	196	type
3	15	197	198	2
3	16	199	207	diabetes
3	17	208	209	.
#Text=Vilsbøll T(1), Rosenstock J, Yki-Järvinen H, Cefalu WT, Chen Y, Luo E, Musser B,  Andryuk PJ, Ling Y, Kaufman KD, Amatruda JM, Engel SS, Katz L.  Author information:  (1)Diabetes Research Division, Department of Internal Medicine F, Gentofte Hospital, University of Copenhagen, Copenhagen, Denmark.
4	1	210	215	Vilsb
4	2	216	217	ø
4	3	218	220	ll
4	4	221	222	T
4	5	223	224	(
4	6	225	226	1
4	7	227	228	)
4	8	229	230	,
4	9	231	241	Rosenstock
4	10	242	243	J
4	11	244	245	,
4	12	246	249	Yki
4	13	250	251	-
4	14	252	253	J
4	15	254	255	ä
4	16	256	262	rvinen
4	17	263	264	H
4	18	265	266	,
4	19	267	273	Cefalu
4	20	274	276	WT
4	21	277	278	,
4	22	279	283	Chen
4	23	284	285	Y
4	24	286	287	,
4	25	288	291	Luo
4	26	292	293	E
4	27	294	295	,
4	28	296	302	Musser
4	29	303	304	B
4	30	305	306	,
4	31	307	314	Andryuk
4	32	315	317	PJ
4	33	318	319	,
4	34	320	324	Ling
4	35	325	326	Y
4	36	327	328	,
4	37	329	336	Kaufman
4	38	337	339	KD
4	39	340	341	,
4	40	342	350	Amatruda
4	41	351	353	JM
4	42	354	355	,
4	43	356	361	Engel
4	44	362	364	SS
4	45	365	366	,
4	46	367	371	Katz
4	47	372	373	L
4	48	374	375	.
4	49	376	382	Author
4	50	383	394	information
4	51	395	396	:
4	52	397	398	(
4	53	399	400	1
4	54	401	402	)
4	55	403	411	Diabetes
4	56	412	420	Research
4	57	421	429	Division
4	58	430	431	,
4	59	432	442	Department
4	60	443	445	of
4	61	446	454	Internal
4	62	455	463	Medicine
4	63	464	465	F
4	64	466	467	,
4	65	468	476	Gentofte
4	66	477	485	Hospital
4	67	486	487	,
4	68	488	498	University
4	69	499	501	of
4	70	502	512	Copenhagen
4	71	513	514	,
4	72	515	525	Copenhagen
4	73	526	527	,
4	74	528	535	Denmark
4	75	536	537	.
#Text=OBJECTIVE: To evaluate the efficacy and tolerability of sitagliptin when added to insulin therapy alone or in combination with metformin in patients with type 2 diabetes.
5	1	538	547	OBJECTIVE
5	2	548	549	:
5	3	550	552	To
5	4	553	561	evaluate
5	5	562	565	the
5	6	566	574	efficacy
5	7	575	578	and
5	8	579	591	tolerability
5	9	592	594	of
5	10	595	606	sitagliptin
5	11	607	611	when
5	12	612	617	added
5	13	618	620	to
5	14	621	628	insulin
5	15	629	636	therapy
5	16	637	642	alone
5	17	643	645	or
5	18	646	648	in
5	19	649	660	combination
5	20	661	665	with
5	21	666	675	metformin
5	22	676	678	in
5	23	679	687	patients
5	24	688	692	with
5	25	693	697	type
5	26	698	699	2
5	27	700	708	diabetes
5	28	709	710	.
#Text=METHODS: After a 2 week placebo run-in period, eligible patients inadequately controlled on long-acting, intermediate-acting or premixed insulin (HbA1c > or =  7.5% and < or = 11%), were randomised 1:1 to the addition of once-daily sitagliptin 100 mg or matching placebo over a 24-week study period.
6	1	711	718	METHODS
6	2	719	720	:
6	3	721	726	After
6	4	727	728	a
6	5	729	730	2
6	6	731	735	week
6	7	736	743	placebo
6	8	744	747	run
6	9	748	749	-
6	10	750	752	in
6	11	753	759	period
6	12	760	761	,
6	13	762	770	eligible
6	14	771	779	patients
6	15	780	792	inadequately
6	16	793	803	controlled
6	17	804	806	on
6	18	807	811	long
6	19	812	813	-
6	20	814	820	acting
6	21	821	822	,
6	22	823	835	intermediate
6	23	836	837	-
6	24	838	844	acting
6	25	845	847	or
6	26	848	856	premixed
6	27	857	864	insulin
6	28	865	866	(
6	29	867	872	HbA1c
6	30	873	874	>
6	31	875	877	or
6	32	878	879	=
6	33	880	881	7
6	34	882	883	.
6	35	884	885	5
6	36	886	887	%
6	37	888	891	and
6	38	892	893	<
6	39	894	896	or
6	40	897	898	=
6	41	899	901	11
6	42	902	903	%
6	43	904	905	)
6	44	906	907	,
6	45	908	912	were
6	46	913	923	randomised
6	47	924	925	1
6	48	926	927	:
6	49	928	929	1
6	50	930	932	to
6	51	933	936	the
6	52	937	945	addition
6	53	946	948	of
6	54	949	953	once
6	55	954	955	-
6	56	956	961	daily
6	57	962	973	sitagliptin
6	58	974	977	100
6	59	978	980	mg
6	60	981	983	or
6	61	984	992	matching
6	62	993	1000	placebo
6	63	1001	1005	over
6	64	1006	1007	a
6	65	1008	1010	24
6	66	1011	1012	-
6	67	1013	1017	week
6	68	1018	1023	study
6	69	1024	1030	period
6	70	1031	1032	.
#Text=The study capped the proportion of randomised patients on insulin plus metformin at 75%.
7	1	1033	1036	The
7	2	1037	1042	study
7	3	1043	1049	capped
7	4	1050	1053	the
7	5	1054	1064	proportion
7	6	1065	1067	of
7	7	1068	1078	randomised
7	8	1079	1087	patients
7	9	1088	1090	on
7	10	1091	1098	insulin
7	11	1099	1103	plus
7	12	1104	1113	metformin
7	13	1114	1116	at
7	14	1117	1119	75
7	15	1120	1121	%
7	16	1122	1123	.
#Text=Further, the study capped the proportion of randomised patients on premixed insulin at 25%.
8	1	1124	1131	Further
8	2	1132	1133	,
8	3	1134	1137	the
8	4	1138	1143	study
8	5	1144	1150	capped
8	6	1151	1154	the
8	7	1155	1165	proportion
8	8	1166	1168	of
8	9	1169	1179	randomised
8	10	1180	1188	patients
8	11	1189	1191	on
8	12	1192	1200	premixed
8	13	1201	1208	insulin
8	14	1209	1211	at
8	15	1212	1214	25
8	16	1215	1216	%
8	17	1217	1218	.
#Text=The metformin dose and the insulin dose were to remain stable throughout the study.
9	1	1219	1222	The
9	2	1223	1232	metformin
9	3	1233	1237	dose
9	4	1238	1241	and
9	5	1242	1245	the
9	6	1246	1253	insulin
9	7	1254	1258	dose
9	8	1259	1263	were
9	9	1264	1266	to
9	10	1267	1273	remain
9	11	1274	1280	stable
9	12	1281	1291	throughout
9	13	1292	1295	the
9	14	1296	1301	study
9	15	1302	1303	.
#Text=The primary endpoint was HbA1c change from baseline at week 24.
10	1	1304	1307	The
10	2	1308	1315	primary
10	3	1316	1324	endpoint
10	4	1325	1328	was
10	5	1329	1334	HbA1c
10	6	1335	1341	change
10	7	1342	1346	from
10	8	1347	1355	baseline
10	9	1356	1358	at
10	10	1359	1363	week
10	11	1364	1366	24
10	12	1367	1368	.
#Text=RESULTS: Mean baseline characteristics were similar between the sitagliptin (n =  322) and placebo (n = 319) groups, including HbA1c (8.7 vs. 8.6%), diabetes duration (13 vs. 12 years), body mass index (31.4 vs. 31.4 kg/m(2)), and total daily insulin dose (51 vs. 52 IU), respectively.
11	1	1369	1376	RESULTS
11	2	1377	1378	:
11	3	1379	1383	Mean
11	4	1384	1392	baseline
11	5	1393	1408	characteristics
11	6	1409	1413	were
11	7	1414	1421	similar
11	8	1422	1429	between
11	9	1430	1433	the
11	10	1434	1445	sitagliptin
11	11	1446	1447	(
11	12	1448	1449	n
11	13	1450	1451	=
11	14	1452	1455	322
11	15	1456	1457	)
11	16	1458	1461	and
11	17	1462	1469	placebo
11	18	1470	1471	(
11	19	1472	1473	n
11	20	1474	1475	=
11	21	1476	1479	319
11	22	1480	1481	)
11	23	1482	1488	groups
11	24	1489	1490	,
11	25	1491	1500	including
11	26	1501	1506	HbA1c
11	27	1507	1508	(
11	28	1509	1510	8
11	29	1511	1512	.
11	30	1513	1514	7
11	31	1515	1517	vs
11	32	1518	1519	.
11	33	1520	1521	8
11	34	1522	1523	.
11	35	1524	1525	6
11	36	1526	1527	%
11	37	1528	1529	)
11	38	1530	1531	,
11	39	1532	1540	diabetes
11	40	1541	1549	duration
11	41	1550	1551	(
11	42	1552	1554	13
11	43	1555	1557	vs
11	44	1558	1559	.
11	45	1560	1562	12
11	46	1563	1568	years
11	47	1569	1570	)
11	48	1571	1572	,
11	49	1573	1577	body
11	50	1578	1582	mass
11	51	1583	1588	index
11	52	1589	1590	(
11	53	1591	1593	31
11	54	1594	1595	.
11	55	1596	1597	4
11	56	1598	1600	vs
11	57	1601	1602	.
11	58	1603	1605	31
11	59	1606	1607	.
11	60	1608	1609	4
11	61	1610	1612	kg
11	62	1613	1614	/
11	63	1615	1616	m
11	64	1617	1618	(
11	65	1619	1620	2
11	66	1621	1622	)
11	67	1623	1624	)
11	68	1625	1626	,
11	69	1627	1630	and
11	70	1631	1636	total
11	71	1637	1642	daily
11	72	1643	1650	insulin
11	73	1651	1655	dose
11	74	1656	1657	(
11	75	1658	1660	51
11	76	1661	1663	vs
11	77	1664	1665	.
11	78	1666	1668	52
11	79	1669	1671	IU
11	80	1672	1673	)
11	81	1674	1675	,
11	82	1676	1688	respectively
11	83	1689	1690	.
#Text=At 24 weeks, the addition of sitagliptin significantly (p < 0.001) reduced HbA1c by 0.6% compared with placebo (0.0%).
12	1	1691	1693	At
12	2	1694	1696	24
12	3	1697	1702	weeks
12	4	1703	1704	,
12	5	1705	1708	the
12	6	1709	1717	addition
12	7	1718	1720	of
12	8	1721	1732	sitagliptin
12	9	1733	1746	significantly
12	10	1747	1748	(
12	11	1749	1750	p
12	12	1751	1752	<
12	13	1753	1754	0
12	14	1755	1756	.
12	15	1757	1760	001
12	16	1761	1762	)
12	17	1763	1770	reduced
12	18	1771	1776	HbA1c
12	19	1777	1779	by
12	20	1780	1781	0
12	21	1782	1783	.
12	22	1784	1785	6
12	23	1786	1787	%
12	24	1788	1796	compared
12	25	1797	1801	with
12	26	1802	1809	placebo
12	27	1810	1811	(
12	28	1812	1813	0
12	29	1814	1815	.
12	30	1816	1817	0
12	31	1818	1819	%
12	32	1820	1821	)
12	33	1822	1823	.
#Text=A greater proportion of patients achieved an HbA1c level < 7% while randomised to sitagliptin as compared with placebo (13 vs. 5% respectively; p < 0.001).
13	1	1824	1825	A
13	2	1826	1833	greater
13	3	1834	1844	proportion
13	4	1845	1847	of
13	5	1848	1856	patients
13	6	1857	1865	achieved
13	7	1866	1868	an
13	8	1869	1874	HbA1c
13	9	1875	1880	level
13	10	1881	1882	<
13	11	1883	1884	7
13	12	1885	1886	%
13	13	1887	1892	while
13	14	1893	1903	randomised
13	15	1904	1906	to
13	16	1907	1918	sitagliptin
13	17	1919	1921	as
13	18	1922	1930	compared
13	19	1931	1935	with
13	20	1936	1943	placebo
13	21	1944	1945	(
13	22	1946	1948	13
13	23	1949	1951	vs
13	24	1952	1953	.
13	25	1954	1955	5
13	26	1956	1957	%
13	27	1958	1970	respectively
13	28	1971	1972	;
13	29	1973	1974	p
13	30	1975	1976	<
13	31	1977	1978	0
13	32	1979	1980	.
13	33	1981	1984	001
13	34	1985	1986	)
13	35	1987	1988	.
#Text=Similar HbA1c reductions were observed in the patient strata defined by insulin type (long-acting and intermediate-acting insulins or premixed insulins)  and by baseline metformin treatment.
14	1	1989	1996	Similar
14	2	1997	2002	HbA1c
14	3	2003	2013	reductions
14	4	2014	2018	were
14	5	2019	2027	observed
14	6	2028	2030	in
14	7	2031	2034	the
14	8	2035	2042	patient
14	9	2043	2049	strata
14	10	2050	2057	defined
14	11	2058	2060	by
14	12	2061	2068	insulin
14	13	2069	2073	type
14	14	2074	2075	(
14	15	2076	2080	long
14	16	2081	2082	-
14	17	2083	2089	acting
14	18	2090	2093	and
14	19	2094	2106	intermediate
14	20	2107	2108	-
14	21	2109	2115	acting
14	22	2116	2124	insulins
14	23	2125	2127	or
14	24	2128	2136	premixed
14	25	2137	2145	insulins
14	26	2146	2147	)
14	27	2148	2151	and
14	28	2152	2154	by
14	29	2155	2163	baseline
14	30	2164	2173	metformin
14	31	2174	2183	treatment
14	32	2184	2185	.
#Text=The addition of sitagliptin significantly (p < 0.001) reduced fasting plasma glucose by 15.0 mg/dl (0.8 mmol/l) and 2-h postmeal glucose by 36.1 mg/dl (2.0 mmol/l) relative to placebo.
15	1	2186	2189	The
15	2	2190	2198	addition
15	3	2199	2201	of
15	4	2202	2213	sitagliptin
15	5	2214	2227	significantly
15	6	2228	2229	(
15	7	2230	2231	p
15	8	2232	2233	<
15	9	2234	2235	0
15	10	2236	2237	.
15	11	2238	2241	001
15	12	2242	2243	)
15	13	2244	2251	reduced
15	14	2252	2259	fasting
15	15	2260	2266	plasma
15	16	2267	2274	glucose
15	17	2275	2277	by
15	18	2278	2280	15
15	19	2281	2282	.
15	20	2283	2284	0
15	21	2285	2287	mg
15	22	2288	2289	/
15	23	2290	2292	dl
15	24	2293	2294	(
15	25	2295	2296	0
15	26	2297	2298	.
15	27	2299	2300	8
15	28	2301	2305	mmol
15	29	2306	2307	/
15	30	2308	2309	l
15	31	2310	2311	)
15	32	2312	2315	and
15	33	2316	2317	2
15	34	2318	2319	-
15	35	2320	2321	h
15	36	2322	2330	postmeal
15	37	2331	2338	glucose
15	38	2339	2341	by
15	39	2342	2344	36
15	40	2345	2346	.
15	41	2347	2348	1
15	42	2349	2351	mg
15	43	2352	2353	/
15	44	2354	2356	dl
15	45	2357	2358	(
15	46	2359	2360	2
15	47	2361	2362	.
15	48	2363	2364	0
15	49	2365	2369	mmol
15	50	2370	2371	/
15	51	2372	2373	l
15	52	2374	2375	)
15	53	2376	2384	relative
15	54	2385	2387	to
15	55	2388	2395	placebo
15	56	2396	2397	.
#Text=A higher incidence of adverse experiences was reported with sitagliptin (52%) compared with placebo (43%), due mainly to the increased incidence of hypoglycaemia (sitagliptin, 16% vs. placebo, 8%).
16	1	2398	2399	A
16	2	2400	2406	higher
16	3	2407	2416	incidence
16	4	2417	2419	of
16	5	2420	2427	adverse
16	6	2428	2439	experiences
16	7	2440	2443	was
16	8	2444	2452	reported
16	9	2453	2457	with
16	10	2458	2469	sitagliptin
16	11	2470	2471	(
16	12	2472	2474	52
16	13	2475	2476	%
16	14	2477	2478	)
16	15	2479	2487	compared
16	16	2488	2492	with
16	17	2493	2500	placebo
16	18	2501	2502	(
16	19	2503	2505	43
16	20	2506	2507	%
16	21	2508	2509	)
16	22	2510	2511	,
16	23	2512	2515	due
16	24	2516	2522	mainly
16	25	2523	2525	to
16	26	2526	2529	the
16	27	2530	2539	increased
16	28	2540	2549	incidence
16	29	2550	2552	of
16	30	2553	2566	hypoglycaemia
16	31	2567	2568	(
16	32	2569	2580	sitagliptin
16	33	2581	2582	,
16	34	2583	2585	16
16	35	2586	2587	%
16	36	2588	2590	vs
16	37	2591	2592	.
16	38	2593	2600	placebo
16	39	2601	2602	,
16	40	2603	2604	8
16	41	2605	2606	%
16	42	2607	2608	)
16	43	2609	2610	.
#Text=The number of hypoglycaemic events meeting the protocol-specified criteria for severity was low with sitagliptin (n = 2) and placebo (n = 1).
17	1	2611	2614	The
17	2	2615	2621	number
17	3	2622	2624	of
17	4	2625	2638	hypoglycaemic
17	5	2639	2645	events
17	6	2646	2653	meeting
17	7	2654	2657	the
17	8	2658	2666	protocol
17	9	2667	2668	-
17	10	2669	2678	specified
17	11	2679	2687	criteria
17	12	2688	2691	for
17	13	2692	2700	severity
17	14	2701	2704	was
17	15	2705	2708	low
17	16	2709	2713	with
17	17	2714	2725	sitagliptin
17	18	2726	2727	(
17	19	2728	2729	n
17	20	2730	2731	=
17	21	2732	2733	2
17	22	2734	2735	)
17	23	2736	2739	and
17	24	2740	2747	placebo
17	25	2748	2749	(
17	26	2750	2751	n
17	27	2752	2753	=
17	28	2754	2755	1
17	29	2756	2757	)
17	30	2758	2759	.
#Text=No significant change from baseline in body weight was observed  in either group.
18	1	2760	2762	No
18	2	2763	2774	significant
18	3	2775	2781	change
18	4	2782	2786	from
18	5	2787	2795	baseline
18	6	2796	2798	in
18	7	2799	2803	body
18	8	2804	2810	weight
18	9	2811	2814	was
18	10	2815	2823	observed
18	11	2824	2826	in
18	12	2827	2833	either
18	13	2834	2839	group
18	14	2840	2841	.
#Text=CONCLUSION: In this 24-week study, the addition of sitagliptin to ongoing, stable-dose insulin therapy with or without concomitant metformin improved glycaemic control and was generally well tolerated in patients with type 2 diabetes.
19	1	2842	2852	CONCLUSION
19	2	2853	2854	:
19	3	2855	2857	In
19	4	2858	2862	this
19	5	2863	2865	24
19	6	2866	2867	-
19	7	2868	2872	week
19	8	2873	2878	study
19	9	2879	2880	,
19	10	2881	2884	the
19	11	2885	2893	addition
19	12	2894	2896	of
19	13	2897	2908	sitagliptin
19	14	2909	2911	to
19	15	2912	2919	ongoing
19	16	2920	2921	,
19	17	2922	2928	stable
19	18	2929	2930	-
19	19	2931	2935	dose
19	20	2936	2943	insulin
19	21	2944	2951	therapy
19	22	2952	2956	with
19	23	2957	2959	or
19	24	2960	2967	without
19	25	2968	2979	concomitant
19	26	2980	2989	metformin
19	27	2990	2998	improved
19	28	2999	3008	glycaemic
19	29	3009	3016	control
19	30	3017	3020	and
19	31	3021	3024	was
19	32	3025	3034	generally
19	33	3035	3039	well
19	34	3040	3049	tolerated
19	35	3050	3052	in
19	36	3053	3061	patients
19	37	3062	3066	with
19	38	3067	3071	type
19	39	3072	3073	2
19	40	3074	3082	diabetes
19	41	3083	3084	.
#Text=DOI: 10.1111/j.1463-1326.2009.01173.x  PMID: 20092585  [Indexed for MEDLINE]
20	1	3085	3088	DOI
20	2	3089	3090	:
20	3	3091	3093	10
20	4	3094	3095	.
20	5	3096	3100	1111
20	6	3101	3102	/
20	7	3103	3104	j
20	8	3105	3106	.
20	9	3107	3111	1463
20	10	3112	3113	-
20	11	3114	3118	1326
20	12	3119	3120	.
20	13	3121	3125	2009
20	14	3126	3127	.
20	15	3128	3133	01173
20	16	3134	3135	.
20	17	3136	3137	x
20	18	3138	3142	PMID
20	19	3143	3144	:
20	20	3145	3153	20092585
20	21	3154	3155	[
20	22	3156	3163	Indexed
20	23	3164	3167	for
20	24	3168	3175	MEDLINE
20	25	3176	3177	]
