#Text=Diabetes Care.
1	1	0	8	Diabetes
1	2	9	13	Care
1	3	14	15	.
#Text=2006 Dec;29(12):2638-43.
2	1	16	20	2006
2	2	21	24	Dec
2	3	25	26	;
2	4	27	29	29
2	5	30	31	(
2	6	32	34	12
2	7	35	36	)
2	8	37	38	:
2	9	39	43	2638
2	10	44	45	-
2	11	46	48	43
2	12	49	50	.
#Text=Efficacy and safety of the dipeptidyl peptidase-4 inhibitor sitagliptin added to  ongoing metformin therapy in patients with type 2 diabetes inadequately controlled with metformin alone.
3	1	51	59	Efficacy
3	2	60	63	and
3	3	64	70	safety
3	4	71	73	of
3	5	74	77	the
3	6	78	88	dipeptidyl
3	7	89	98	peptidase
3	8	99	100	-
3	9	101	102	4
3	10	103	112	inhibitor
3	11	113	124	sitagliptin
3	12	125	130	added
3	13	131	133	to
3	14	134	141	ongoing
3	15	142	151	metformin
3	16	152	159	therapy
3	17	160	162	in
3	18	163	171	patients
3	19	172	176	with
3	20	177	181	type
3	21	182	183	2
3	22	184	192	diabetes
3	23	193	205	inadequately
3	24	206	216	controlled
3	25	217	221	with
3	26	222	231	metformin
3	27	232	237	alone
3	28	238	239	.
#Text=Charbonnel B(1), Karasik A, Liu J, Wu M, Meininger G; Sitagliptin Study 020 Group.
4	1	240	250	Charbonnel
4	2	251	252	B
4	3	253	254	(
4	4	255	256	1
4	5	257	258	)
4	6	259	260	,
4	7	261	268	Karasik
4	8	269	270	A
4	9	271	272	,
4	10	273	276	Liu
4	11	277	278	J
4	12	279	280	,
4	13	281	283	Wu
4	14	284	285	M
4	15	286	287	,
4	16	288	297	Meininger
4	17	298	299	G
4	18	300	301	;
4	19	302	313	Sitagliptin
4	20	314	319	Study
4	21	320	323	020
4	22	324	329	Group
4	23	330	331	.
#Text=Author information:  (1)Center Hospitalier Universitaire de Nantes, France.
5	1	332	338	Author
5	2	339	350	information
5	3	351	352	:
5	4	353	354	(
5	5	355	356	1
5	6	357	358	)
5	7	359	365	Center
5	8	366	377	Hospitalier
5	9	378	391	Universitaire
5	10	392	394	de
5	11	395	401	Nantes
5	12	402	403	,
5	13	404	410	France
5	14	411	412	.
#Text=Comment in     Nat Clin Pract Endocrinol Metab.
6	1	413	420	Comment
6	2	421	423	in
6	3	424	427	Nat
6	4	428	432	Clin
6	5	433	438	Pract
6	6	439	449	Endocrinol
6	7	450	455	Metab
6	8	456	457	.
#Text=2007 Jun;3(6):450-1.
7	1	458	462	2007
7	2	463	466	Jun
7	3	467	468	;
7	4	469	470	3
7	5	471	472	(
7	6	473	474	6
7	7	475	476	)
7	8	477	478	:
7	9	479	482	450
7	10	483	484	-
7	11	485	486	1
7	12	487	488	.
#Text=OBJECTIVE: The efficacy and safety of the dipeptidyl peptidase-4 inhibitor, sitagliptin, added to ongoing metformin therapy, were assessed in patients with type 2 diabetes who had inadequate glycemic control (HbA(1c) [A1C] >or=7 and <or=10%) with metformin alone.
8	1	489	498	OBJECTIVE
8	2	499	500	:
8	3	501	504	The
8	4	505	513	efficacy
8	5	514	517	and
8	6	518	524	safety
8	7	525	527	of
8	8	528	531	the
8	9	532	542	dipeptidyl
8	10	543	552	peptidase
8	11	553	554	-
8	12	555	556	4
8	13	557	566	inhibitor
8	14	567	568	,
8	15	569	580	sitagliptin
8	16	581	582	,
8	17	583	588	added
8	18	589	591	to
8	19	592	599	ongoing
8	20	600	609	metformin
8	21	610	617	therapy
8	22	618	619	,
8	23	620	624	were
8	24	625	633	assessed
8	25	634	636	in
8	26	637	645	patients
8	27	646	650	with
8	28	651	655	type
8	29	656	657	2
8	30	658	666	diabetes
8	31	667	670	who
8	32	671	674	had
8	33	675	685	inadequate
8	34	686	694	glycemic
8	35	695	702	control
8	36	703	704	(
8	37	705	708	HbA
8	38	709	710	(
8	39	711	713	1c
8	40	714	715	)
8	41	716	717	[
8	42	718	721	A1C
8	43	722	723	]
8	44	724	725	>
8	45	726	728	or
8	46	729	730	=
8	47	731	732	7
8	48	733	736	and
8	49	737	738	<
8	50	739	741	or
8	51	742	743	=
8	52	744	746	10
8	53	747	748	%
8	54	749	750	)
8	55	751	755	with
8	56	756	765	metformin
8	57	766	771	alone
8	58	772	773	.
#Text=RESEARCH DESIGN AND METHODS: After a screening diet/exercise run-in period, a metformin dose titration/stabilization period, and a 2-week, single-blind, placebo run-in period, 701 patients, aged 19-78 years, with mild to moderate hyperglycemia (mean A1C 8.0%) receiving ongoing metformin (>or=1,500 mg/day) were randomly assigned to receive the addition of placebo or sitagliptin 100 mg once-daily in a 1:2 ratio for 24 weeks.
9	1	774	782	RESEARCH
9	2	783	789	DESIGN
9	3	790	793	AND
9	4	794	801	METHODS
9	5	802	803	:
9	6	804	809	After
9	7	810	811	a
9	8	812	821	screening
9	9	822	826	diet
9	10	827	828	/
9	11	829	837	exercise
9	12	838	841	run
9	13	842	843	-
9	14	844	846	in
9	15	847	853	period
9	16	854	855	,
9	17	856	857	a
9	18	858	867	metformin
9	19	868	872	dose
9	20	873	882	titration
9	21	883	884	/
9	22	885	898	stabilization
9	23	899	905	period
9	24	906	907	,
9	25	908	911	and
9	26	912	913	a
9	27	914	915	2
9	28	916	917	-
9	29	918	922	week
9	30	923	924	,
9	31	925	931	single
9	32	932	933	-
9	33	934	939	blind
9	34	940	941	,
9	35	942	949	placebo
9	36	950	953	run
9	37	954	955	-
9	38	956	958	in
9	39	959	965	period
9	40	966	967	,
9	41	968	971	701
9	42	972	980	patients
9	43	981	982	,
9	44	983	987	aged
9	45	988	990	19
9	46	991	992	-
9	47	993	995	78
9	48	996	1001	years
9	49	1002	1003	,
9	50	1004	1008	with
9	51	1009	1013	mild
9	52	1014	1016	to
9	53	1017	1025	moderate
9	54	1026	1039	hyperglycemia
9	55	1040	1041	(
9	56	1042	1046	mean
9	57	1047	1050	A1C
9	58	1051	1052	8
9	59	1053	1054	.
9	60	1055	1056	0
9	61	1057	1058	%
9	62	1059	1060	)
9	63	1061	1070	receiving
9	64	1071	1078	ongoing
9	65	1079	1088	metformin
9	66	1089	1090	(
9	67	1091	1092	>
9	68	1093	1095	or
9	69	1096	1097	=
9	70	1098	1099	1
9	71	1100	1101	,
9	72	1102	1105	500
9	73	1106	1108	mg
9	74	1109	1110	/
9	75	1111	1114	day
9	76	1115	1116	)
9	77	1117	1121	were
9	78	1122	1130	randomly
9	79	1131	1139	assigned
9	80	1140	1142	to
9	81	1143	1150	receive
9	82	1151	1154	the
9	83	1155	1163	addition
9	84	1164	1166	of
9	85	1167	1174	placebo
9	86	1175	1177	or
9	87	1178	1189	sitagliptin
9	88	1190	1193	100
9	89	1194	1196	mg
9	90	1197	1201	once
9	91	1202	1203	-
9	92	1204	1209	daily
9	93	1210	1212	in
9	94	1213	1214	a
9	95	1215	1216	1
9	96	1217	1218	:
9	97	1219	1220	2
9	98	1221	1226	ratio
9	99	1227	1230	for
9	100	1231	1233	24
9	101	1234	1239	weeks
9	102	1240	1241	.
#Text=Patients exceeding specific glycemic limits were provided rescue therapy (pioglitazone) until the end of the study.
10	1	1242	1250	Patients
10	2	1251	1260	exceeding
10	3	1261	1269	specific
10	4	1270	1278	glycemic
10	5	1279	1285	limits
10	6	1286	1290	were
10	7	1291	1299	provided
10	8	1300	1306	rescue
10	9	1307	1314	therapy
10	10	1315	1316	(
10	11	1317	1329	pioglitazone
10	12	1330	1331	)
10	13	1332	1337	until
10	14	1338	1341	the
10	15	1342	1345	end
10	16	1346	1348	of
10	17	1349	1352	the
10	18	1353	1358	study
10	19	1359	1360	.
#Text=The efficacy analyses were based on an all-patients-treated population using an ANCOVA and excluded data obtained after glycemic rescue.
11	1	1361	1364	The
11	2	1365	1373	efficacy
11	3	1374	1382	analyses
11	4	1383	1387	were
11	5	1388	1393	based
11	6	1394	1396	on
11	7	1397	1399	an
11	8	1400	1403	all
11	9	1404	1405	-
11	10	1406	1414	patients
11	11	1415	1416	-
11	12	1417	1424	treated
11	13	1425	1435	population
11	14	1436	1441	using
11	15	1442	1444	an
11	16	1445	1451	ANCOVA
11	17	1452	1455	and
11	18	1456	1464	excluded
11	19	1465	1469	data
11	20	1470	1478	obtained
11	21	1479	1484	after
11	22	1485	1493	glycemic
11	23	1494	1500	rescue
11	24	1501	1502	.
#Text=RESULTS: At week 24, sitagliptin treatment led to significant reductions compared with placebo in A1C (-0.65%), fasting plasma glucose, and 2-h postmeal glucose.
12	1	1503	1510	RESULTS
12	2	1511	1512	:
12	3	1513	1515	At
12	4	1516	1520	week
12	5	1521	1523	24
12	6	1524	1525	,
12	7	1526	1537	sitagliptin
12	8	1538	1547	treatment
12	9	1548	1551	led
12	10	1552	1554	to
12	11	1555	1566	significant
12	12	1567	1577	reductions
12	13	1578	1586	compared
12	14	1587	1591	with
12	15	1592	1599	placebo
12	16	1600	1602	in
12	17	1603	1606	A1C
12	18	1607	1608	(
12	19	1609	1610	-
12	20	1611	1612	0
12	21	1613	1614	.
12	22	1615	1617	65
12	23	1618	1619	%
12	24	1620	1621	)
12	25	1622	1623	,
12	26	1624	1631	fasting
12	27	1632	1638	plasma
12	28	1639	1646	glucose
12	29	1647	1648	,
12	30	1649	1652	and
12	31	1653	1654	2
12	32	1655	1656	-
12	33	1657	1658	h
12	34	1659	1667	postmeal
12	35	1668	1675	glucose
12	36	1676	1677	.
#Text=Fasting insulin, fasting C-peptide, fasting proinsulin-to-insulin ratio, postmeal insulin and C-peptide areas under the curve (AUCs), postmeal insulin AUC-to-glucose AUC ratio, homeostasis model assessment of beta-cell function, and quantitative insulin sensitivity check index were significantly improved with sitagliptin relative to placebo.
13	1	1678	1685	Fasting
13	2	1686	1693	insulin
13	3	1694	1695	,
13	4	1696	1703	fasting
13	5	1704	1705	C
13	6	1706	1707	-
13	7	1708	1715	peptide
13	8	1716	1717	,
13	9	1718	1725	fasting
13	10	1726	1736	proinsulin
13	11	1737	1738	-
13	12	1739	1741	to
13	13	1742	1743	-
13	14	1744	1751	insulin
13	15	1752	1757	ratio
13	16	1758	1759	,
13	17	1760	1768	postmeal
13	18	1769	1776	insulin
13	19	1777	1780	and
13	20	1781	1782	C
13	21	1783	1784	-
13	22	1785	1792	peptide
13	23	1793	1798	areas
13	24	1799	1804	under
13	25	1805	1808	the
13	26	1809	1814	curve
13	27	1815	1816	(
13	28	1817	1821	AUCs
13	29	1822	1823	)
13	30	1824	1825	,
13	31	1826	1834	postmeal
13	32	1835	1842	insulin
13	33	1843	1846	AUC
13	34	1847	1848	-
13	35	1849	1851	to
13	36	1852	1853	-
13	37	1854	1861	glucose
13	38	1862	1865	AUC
13	39	1866	1871	ratio
13	40	1872	1873	,
13	41	1874	1885	homeostasis
13	42	1886	1891	model
13	43	1892	1902	assessment
13	44	1903	1905	of
13	45	1906	1910	beta
13	46	1911	1912	-
13	47	1913	1917	cell
13	48	1918	1926	function
13	49	1927	1928	,
13	50	1929	1932	and
13	51	1933	1945	quantitative
13	52	1946	1953	insulin
13	53	1954	1965	sensitivity
13	54	1966	1971	check
13	55	1972	1977	index
13	56	1978	1982	were
13	57	1983	1996	significantly
13	58	1997	2005	improved
13	59	2006	2010	with
13	60	2011	2022	sitagliptin
13	61	2023	2031	relative
13	62	2032	2034	to
13	63	2035	2042	placebo
13	64	2043	2044	.
#Text=A significantly greater proportion of patients achieved an A1C <7% with sitagliptin (47.0%) than with placebo (18.3%).
14	1	2045	2046	A
14	2	2047	2060	significantly
14	3	2061	2068	greater
14	4	2069	2079	proportion
14	5	2080	2082	of
14	6	2083	2091	patients
14	7	2092	2100	achieved
14	8	2101	2103	an
14	9	2104	2107	A1C
14	10	2108	2109	<
14	11	2110	2111	7
14	12	2112	2113	%
14	13	2114	2118	with
14	14	2119	2130	sitagliptin
14	15	2131	2132	(
14	16	2133	2135	47
14	17	2136	2137	.
14	18	2138	2139	0
14	19	2140	2141	%
14	20	2142	2143	)
14	21	2144	2148	than
14	22	2149	2153	with
14	23	2154	2161	placebo
14	24	2162	2163	(
14	25	2164	2166	18
14	26	2167	2168	.
14	27	2169	2170	3
14	28	2171	2172	%
14	29	2173	2174	)
14	30	2175	2176	.
#Text=There was no increased risk of hypoglycemia or gastrointestinal adverse experiences with sitagliptin compared with placebo.
15	1	2177	2182	There
15	2	2183	2186	was
15	3	2187	2189	no
15	4	2190	2199	increased
15	5	2200	2204	risk
15	6	2205	2207	of
15	7	2208	2220	hypoglycemia
15	8	2221	2223	or
15	9	2224	2240	gastrointestinal
15	10	2241	2248	adverse
15	11	2249	2260	experiences
15	12	2261	2265	with
15	13	2266	2277	sitagliptin
15	14	2278	2286	compared
15	15	2287	2291	with
15	16	2292	2299	placebo
15	17	2300	2301	.
#Text=Body weight decreased similarly with sitagliptin and placebo.
16	1	2302	2306	Body
16	2	2307	2313	weight
16	3	2314	2323	decreased
16	4	2324	2333	similarly
16	5	2334	2338	with
16	6	2339	2350	sitagliptin
16	7	2351	2354	and
16	8	2355	2362	placebo
16	9	2363	2364	.
#Text=CONCLUSIONS: Sitagliptin 100 mg once-daily added to ongoing metformin therapy was efficacious and well tolerated in patients with type 2 diabetes who had inadequate glycemic control with metformin alone.
17	1	2365	2376	CONCLUSIONS
17	2	2377	2378	:
17	3	2379	2390	Sitagliptin
17	4	2391	2394	100
17	5	2395	2397	mg
17	6	2398	2402	once
17	7	2403	2404	-
17	8	2405	2410	daily
17	9	2411	2416	added
17	10	2417	2419	to
17	11	2420	2427	ongoing
17	12	2428	2437	metformin
17	13	2438	2445	therapy
17	14	2446	2449	was
17	15	2450	2461	efficacious
17	16	2462	2465	and
17	17	2466	2470	well
17	18	2471	2480	tolerated
17	19	2481	2483	in
17	20	2484	2492	patients
17	21	2493	2497	with
17	22	2498	2502	type
17	23	2503	2504	2
17	24	2505	2513	diabetes
17	25	2514	2517	who
17	26	2518	2521	had
17	27	2522	2532	inadequate
17	28	2533	2541	glycemic
17	29	2542	2549	control
17	30	2550	2554	with
17	31	2555	2564	metformin
17	32	2565	2570	alone
17	33	2571	2572	.
#Text=DOI: 10.2337/dc06-0706  PMID: 17130197  [Indexed for MEDLINE]
18	1	2573	2576	DOI
18	2	2577	2578	:
18	3	2579	2581	10
18	4	2582	2583	.
18	5	2584	2588	2337
18	6	2589	2590	/
18	7	2591	2595	dc06
18	8	2596	2597	-
18	9	2598	2602	0706
18	10	2603	2607	PMID
18	11	2608	2609	:
18	12	2610	2618	17130197
18	13	2619	2620	[
18	14	2621	2628	Indexed
18	15	2629	2632	for
18	16	2633	2640	MEDLINE
18	17	2641	2642	]
