#Text=Horm Metab Res.
1	1	0	4	Horm
1	2	5	10	Metab
1	3	11	14	Res
1	4	15	16	.
#Text=2003 Mar;35(3):189-96.
2	1	17	21	2003
2	2	22	25	Mar
2	3	26	27	;
2	4	28	30	35
2	5	31	32	(
2	6	33	34	3
2	7	35	36	)
2	8	37	38	:
2	9	39	42	189
2	10	43	44	-
2	11	45	47	96
2	12	48	49	.
#Text=A one-year, randomised, multicentre trial comparing insulin glargine with NPH insulin in combination with oral agents in patients with type 2 diabetes.
3	1	50	51	A
3	2	52	55	one
3	3	56	57	-
3	4	58	62	year
3	5	63	64	,
3	6	65	75	randomised
3	7	76	77	,
3	8	78	89	multicentre
3	9	90	95	trial
3	10	96	105	comparing
3	11	106	113	insulin
3	12	114	122	glargine
3	13	123	127	with
3	14	128	131	NPH
3	15	132	139	insulin
3	16	140	142	in
3	17	143	154	combination
3	18	155	159	with
3	19	160	164	oral
3	20	165	171	agents
3	21	172	174	in
3	22	175	183	patients
3	23	184	188	with
3	24	189	193	type
3	25	194	195	2
3	26	196	204	diabetes
3	27	205	206	.
#Text=Massi Benedetti M(1), Humburg E, Dressler A, Ziemen M.  Author information:  (1)University of Perugia, Perugia, Italy.
4	1	207	212	Massi
4	2	213	222	Benedetti
4	3	223	224	M
4	4	225	226	(
4	5	227	228	1
4	6	229	230	)
4	7	231	232	,
4	8	233	240	Humburg
4	9	241	242	E
4	10	243	244	,
4	11	245	253	Dressler
4	12	254	255	A
4	13	256	257	,
4	14	258	264	Ziemen
4	15	265	266	M
4	16	267	268	.
4	17	269	275	Author
4	18	276	287	information
4	19	288	289	:
4	20	290	291	(
4	21	292	293	1
4	22	294	295	)
4	23	296	306	University
4	24	307	309	of
4	25	310	317	Perugia
4	26	318	319	,
4	27	320	327	Perugia
4	28	328	329	,
4	29	330	335	Italy
4	30	336	337	.
#Text=massi@unipg.it  AIMS: The aim of the trial was to compare the efficacy and safety of the new, long-acting basal insulin, insulin glargine (LANTUS(R)), with NPH human insulin,  each administered in a combination regimen with oral antidiabetic drugs in patients with Type 2 diabetes.
5	1	338	343	massi
5	2	344	345	@
5	3	346	351	unipg
5	4	352	353	.
5	5	354	356	it
5	6	357	361	AIMS
5	7	362	363	:
5	8	364	367	The
5	9	368	371	aim
5	10	372	374	of
5	11	375	378	the
5	12	379	384	trial
5	13	385	388	was
5	14	389	391	to
5	15	392	399	compare
5	16	400	403	the
5	17	404	412	efficacy
5	18	413	416	and
5	19	417	423	safety
5	20	424	426	of
5	21	427	430	the
5	22	431	434	new
5	23	435	436	,
5	24	437	441	long
5	25	442	443	-
5	26	444	450	acting
5	27	451	456	basal
5	28	457	464	insulin
5	29	465	466	,
5	30	467	474	insulin
5	31	475	483	glargine
5	32	484	485	(
5	33	486	492	LANTUS
5	34	493	494	(
5	35	495	496	R
5	36	497	498	)
5	37	499	500	)
5	38	501	502	,
5	39	503	507	with
5	40	508	511	NPH
5	41	512	517	human
5	42	518	525	insulin
5	43	526	527	,
5	44	528	532	each
5	45	533	545	administered
5	46	546	548	in
5	47	549	550	a
5	48	551	562	combination
5	49	563	570	regimen
5	50	571	575	with
5	51	576	580	oral
5	52	581	593	antidiabetic
5	53	594	599	drugs
5	54	600	602	in
5	55	603	611	patients
5	56	612	616	with
5	57	617	621	Type
5	58	622	623	2
5	59	624	632	diabetes
5	60	633	634	.
#Text=METHODS: In a multicentre, open, randomised study, 570 patients with Type 2 diabetes, aged 34 - 80 years, were treated for 52 weeks with insulin glargine or  NPH insulin given once daily at bedtime.
6	1	635	642	METHODS
6	2	643	644	:
6	3	645	647	In
6	4	648	649	a
6	5	650	661	multicentre
6	6	662	663	,
6	7	664	668	open
6	8	669	670	,
6	9	671	681	randomised
6	10	682	687	study
6	11	688	689	,
6	12	690	693	570
6	13	694	702	patients
6	14	703	707	with
6	15	708	712	Type
6	16	713	714	2
6	17	715	723	diabetes
6	18	724	725	,
6	19	726	730	aged
6	20	731	733	34
6	21	734	735	-
6	22	736	738	80
6	23	739	744	years
6	24	745	746	,
6	25	747	751	were
6	26	752	759	treated
6	27	760	763	for
6	28	764	766	52
6	29	767	772	weeks
6	30	773	777	with
6	31	778	785	insulin
6	32	786	794	glargine
6	33	795	797	or
6	34	798	801	NPH
6	35	802	809	insulin
6	36	810	815	given
6	37	816	820	once
6	38	821	826	daily
6	39	827	829	at
6	40	830	837	bedtime
6	41	838	839	.
#Text=Previous oral antidiabetic therapy was continued throughout the study.
7	1	840	848	Previous
7	2	849	853	oral
7	3	854	866	antidiabetic
7	4	867	874	therapy
7	5	875	878	was
7	6	879	888	continued
7	7	889	899	throughout
7	8	900	903	the
7	9	904	909	study
7	10	910	911	.
#Text=RESULTS: There was a clinically relevant decrease in glycosylated haemoglobin (GHb) values from baseline to endpoint with both drugs (insulin glargine: - 0.46  %; NPH insulin: - 0.38 %; p = 0.415); also, this difference was statistically significant in the subgroup of overweight patients with BMI > 28 kg/m 2 (insulin  glargine: - 0.42 %, NPH insulin: - 0.11 %; p = 0.0237).
8	1	912	919	RESULTS
8	2	920	921	:
8	3	922	927	There
8	4	928	931	was
8	5	932	933	a
8	6	934	944	clinically
8	7	945	953	relevant
8	8	954	962	decrease
8	9	963	965	in
8	10	966	978	glycosylated
8	11	979	990	haemoglobin
8	12	991	992	(
8	13	993	996	GHb
8	14	997	998	)
8	15	999	1005	values
8	16	1006	1010	from
8	17	1011	1019	baseline
8	18	1020	1022	to
8	19	1023	1031	endpoint
8	20	1032	1036	with
8	21	1037	1041	both
8	22	1042	1047	drugs
8	23	1048	1049	(
8	24	1050	1057	insulin
8	25	1058	1066	glargine
8	26	1067	1068	:
8	27	1069	1070	-
8	28	1071	1072	0
8	29	1073	1074	.
8	30	1075	1077	46
8	31	1078	1079	%
8	32	1080	1081	;
8	33	1082	1085	NPH
8	34	1086	1093	insulin
8	35	1094	1095	:
8	36	1096	1097	-
8	37	1098	1099	0
8	38	1100	1101	.
8	39	1102	1104	38
8	40	1105	1106	%
8	41	1107	1108	;
8	42	1109	1110	p
8	43	1111	1112	=
8	44	1113	1114	0
8	45	1115	1116	.
8	46	1117	1120	415
8	47	1121	1122	)
8	48	1123	1124	;
8	49	1125	1129	also
8	50	1130	1131	,
8	51	1132	1136	this
8	52	1137	1147	difference
8	53	1148	1151	was
8	54	1152	1165	statistically
8	55	1166	1177	significant
8	56	1178	1180	in
8	57	1181	1184	the
8	58	1185	1193	subgroup
8	59	1194	1196	of
8	60	1197	1207	overweight
8	61	1208	1216	patients
8	62	1217	1221	with
8	63	1222	1225	BMI
8	64	1226	1227	>
8	65	1228	1230	28
8	66	1231	1233	kg
8	67	1234	1235	/
8	68	1236	1237	m
8	69	1238	1239	2
8	70	1240	1241	(
8	71	1242	1249	insulin
8	72	1250	1258	glargine
8	73	1259	1260	:
8	74	1261	1262	-
8	75	1263	1264	0
8	76	1265	1266	.
8	77	1267	1269	42
8	78	1270	1271	%
8	79	1272	1273	,
8	80	1274	1277	NPH
8	81	1278	1285	insulin
8	82	1286	1287	:
8	83	1288	1289	-
8	84	1290	1291	0
8	85	1292	1293	.
8	86	1294	1296	11
8	87	1297	1298	%
8	88	1299	1300	;
8	89	1301	1302	p
8	90	1303	1304	=
8	91	1305	1306	0
8	92	1307	1308	.
8	93	1309	1313	0237
8	94	1314	1315	)
8	95	1316	1317	.
#Text=Over the entire treatment period, NPH insulin-treated patients (41 %) and insulin glargine-treated patients (35 %) experienced a similar level of symptomatic hypoglycaemia.
9	1	1318	1322	Over
9	2	1323	1326	the
9	3	1327	1333	entire
9	4	1334	1343	treatment
9	5	1344	1350	period
9	6	1351	1352	,
9	7	1353	1356	NPH
9	8	1357	1364	insulin
9	9	1365	1366	-
9	10	1367	1374	treated
9	11	1375	1383	patients
9	12	1384	1385	(
9	13	1386	1388	41
9	14	1389	1390	%
9	15	1391	1392	)
9	16	1393	1396	and
9	17	1397	1404	insulin
9	18	1405	1413	glargine
9	19	1414	1415	-
9	20	1416	1423	treated
9	21	1424	1432	patients
9	22	1433	1434	(
9	23	1435	1437	35
9	24	1438	1439	%
9	25	1440	1441	)
9	26	1442	1453	experienced
9	27	1454	1455	a
9	28	1456	1463	similar
9	29	1464	1469	level
9	30	1470	1472	of
9	31	1473	1484	symptomatic
9	32	1485	1498	hypoglycaemia
9	33	1499	1500	.
#Text=A statistically  significant difference was observed in the number of patients treated with NPH insulin who reported at least one episode of nocturnal hypoglycaemia compared with those treated with insulin glargine in the overall population and in the overweight subgroup (overall: 24 % vs. 12 %, p = 0.002; overweight: 22.2 % vs. 9.5 %, p = 0.0006), using the Cochran-Mantel-Haenszel test.
10	1	1501	1502	A
10	2	1503	1516	statistically
10	3	1517	1528	significant
10	4	1529	1539	difference
10	5	1540	1543	was
10	6	1544	1552	observed
10	7	1553	1555	in
10	8	1556	1559	the
10	9	1560	1566	number
10	10	1567	1569	of
10	11	1570	1578	patients
10	12	1579	1586	treated
10	13	1587	1591	with
10	14	1592	1595	NPH
10	15	1596	1603	insulin
10	16	1604	1607	who
10	17	1608	1616	reported
10	18	1617	1619	at
10	19	1620	1625	least
10	20	1626	1629	one
10	21	1630	1637	episode
10	22	1638	1640	of
10	23	1641	1650	nocturnal
10	24	1651	1664	hypoglycaemia
10	25	1665	1673	compared
10	26	1674	1678	with
10	27	1679	1684	those
10	28	1685	1692	treated
10	29	1693	1697	with
10	30	1698	1705	insulin
10	31	1706	1714	glargine
10	32	1715	1717	in
10	33	1718	1721	the
10	34	1722	1729	overall
10	35	1730	1740	population
10	36	1741	1744	and
10	37	1745	1747	in
10	38	1748	1751	the
10	39	1752	1762	overweight
10	40	1763	1771	subgroup
10	41	1772	1773	(
10	42	1774	1781	overall
10	43	1782	1783	:
10	44	1784	1786	24
10	45	1787	1788	%
10	46	1789	1791	vs
10	47	1792	1793	.
10	48	1794	1796	12
10	49	1797	1798	%
10	50	1799	1800	,
10	51	1801	1802	p
10	52	1803	1804	=
10	53	1805	1806	0
10	54	1807	1808	.
10	55	1809	1812	002
10	56	1813	1814	;
10	57	1815	1825	overweight
10	58	1826	1827	:
10	59	1828	1830	22
10	60	1831	1832	.
10	61	1833	1834	2
10	62	1835	1836	%
10	63	1837	1839	vs
10	64	1840	1841	.
10	65	1842	1843	9
10	66	1844	1845	.
10	67	1846	1847	5
10	68	1848	1849	%
10	69	1850	1851	,
10	70	1852	1853	p
10	71	1854	1855	=
10	72	1856	1857	0
10	73	1858	1859	.
10	74	1860	1864	0006
10	75	1865	1866	)
10	76	1867	1868	,
10	77	1869	1874	using
10	78	1875	1878	the
10	79	1879	1886	Cochran
10	80	1887	1888	-
10	81	1889	1895	Mantel
10	82	1896	1897	-
10	83	1898	1906	Haenszel
10	84	1907	1911	test
10	85	1912	1913	.
#Text=These differences were most pronounced in insulin-naïve and overweight (BMI > 28 kg/m 2) sub-groups.
11	1	1914	1919	These
11	2	1920	1931	differences
11	3	1932	1936	were
11	4	1937	1941	most
11	5	1942	1952	pronounced
11	6	1953	1955	in
11	7	1956	1963	insulin
11	8	1964	1965	-
11	9	1966	1968	na
11	10	1969	1970	ï
11	11	1971	1973	ve
11	12	1974	1977	and
11	13	1978	1988	overweight
11	14	1989	1990	(
11	15	1991	1994	BMI
11	16	1995	1996	>
11	17	1997	1999	28
11	18	2000	2002	kg
11	19	2003	2004	/
11	20	2005	2006	m
11	21	2007	2008	2
11	22	2009	2010	)
11	23	2011	2014	sub
11	24	2015	2016	-
11	25	2017	2023	groups
11	26	2024	2025	.
#Text=The incidence of adverse events was similar for the two treatments.
12	1	2026	2029	The
12	2	2030	2039	incidence
12	3	2040	2042	of
12	4	2043	2050	adverse
12	5	2051	2057	events
12	6	2058	2061	was
12	7	2062	2069	similar
12	8	2070	2073	for
12	9	2074	2077	the
12	10	2078	2081	two
12	11	2082	2092	treatments
12	12	2093	2094	.
#Text=CONCLUSIONS: This study demonstrated that insulin glargine is as effective as NPH insulin in achieving glycaemic control in patients with Type 2 diabetes, and is associated with fewer episodes of symptomatic hypoglycaemia, particularly nocturnal episodes.
13	1	2095	2106	CONCLUSIONS
13	2	2107	2108	:
13	3	2109	2113	This
13	4	2114	2119	study
13	5	2120	2132	demonstrated
13	6	2133	2137	that
13	7	2138	2145	insulin
13	8	2146	2154	glargine
13	9	2155	2157	is
13	10	2158	2160	as
13	11	2161	2170	effective
13	12	2171	2173	as
13	13	2174	2177	NPH
13	14	2178	2185	insulin
13	15	2186	2188	in
13	16	2189	2198	achieving
13	17	2199	2208	glycaemic
13	18	2209	2216	control
13	19	2217	2219	in
13	20	2220	2228	patients
13	21	2229	2233	with
13	22	2234	2238	Type
13	23	2239	2240	2
13	24	2241	2249	diabetes
13	25	2250	2251	,
13	26	2252	2255	and
13	27	2256	2258	is
13	28	2259	2269	associated
13	29	2270	2274	with
13	30	2275	2280	fewer
13	31	2281	2289	episodes
13	32	2290	2292	of
13	33	2293	2304	symptomatic
13	34	2305	2318	hypoglycaemia
13	35	2319	2320	,
13	36	2321	2333	particularly
13	37	2334	2343	nocturnal
13	38	2344	2352	episodes
13	39	2353	2354	.
#Text=DOI: 10.1055/s-2003-39080  PMID: 12734781  [Indexed for MEDLINE]
14	1	2355	2358	DOI
14	2	2359	2360	:
14	3	2361	2363	10
14	4	2364	2365	.
14	5	2366	2370	1055
14	6	2371	2372	/
14	7	2373	2374	s
14	8	2375	2376	-
14	9	2377	2381	2003
14	10	2382	2383	-
14	11	2384	2389	39080
14	12	2390	2394	PMID
14	13	2395	2396	:
14	14	2397	2405	12734781
14	15	2406	2407	[
14	16	2408	2415	Indexed
14	17	2416	2419	for
14	18	2420	2427	MEDLINE
14	19	2428	2429	]
