#Text=Diabetes Care.
1	1	0	8	Diabetes
1	2	9	13	Care
1	3	14	15	.
#Text=2007 Jun;30(6):1480-6.
2	1	16	20	2007
2	2	21	24	Jun
2	3	25	26	;
2	4	27	29	30
2	5	30	31	(
2	6	32	33	6
2	7	34	35	)
2	8	36	37	:
2	9	38	42	1480
2	10	43	44	-
2	11	45	46	6
2	12	47	48	.
#Text=Epub 2007 Mar 15.
3	1	49	53	Epub
3	2	54	58	2007
3	3	59	62	Mar
3	4	63	65	15
3	5	66	67	.
#Text=A randomized, double-blind, placebo-controlled, multicenter study to assess the efficacy and safety of topiramate controlled release in the treatment of obese type 2 diabetic patients.
4	1	68	69	A
4	2	70	80	randomized
4	3	81	82	,
4	4	83	89	double
4	5	90	91	-
4	6	92	97	blind
4	7	98	99	,
4	8	100	107	placebo
4	9	108	109	-
4	10	110	120	controlled
4	11	121	122	,
4	12	123	134	multicenter
4	13	135	140	study
4	14	141	143	to
4	15	144	150	assess
4	16	151	154	the
4	17	155	163	efficacy
4	18	164	167	and
4	19	168	174	safety
4	20	175	177	of
4	21	178	188	topiramate
4	22	189	199	controlled
4	23	200	207	release
4	24	208	210	in
4	25	211	214	the
4	26	215	224	treatment
4	27	225	227	of
4	28	228	233	obese
4	29	234	238	type
4	30	239	240	2
4	31	241	249	diabetic
4	32	250	258	patients
4	33	259	260	.
#Text=Rosenstock J(1), Hollander P, Gadde KM, Sun X, Strauss R, Leung A; OBD-202 Study  Group.
5	1	261	271	Rosenstock
5	2	272	273	J
5	3	274	275	(
5	4	276	277	1
5	5	278	279	)
5	6	280	281	,
5	7	282	291	Hollander
5	8	292	293	P
5	9	294	295	,
5	10	296	301	Gadde
5	11	302	304	KM
5	12	305	306	,
5	13	307	310	Sun
5	14	311	312	X
5	15	313	314	,
5	16	315	322	Strauss
5	17	323	324	R
5	18	325	326	,
5	19	327	332	Leung
5	20	333	334	A
5	21	335	336	;
5	22	337	340	OBD
5	23	341	342	-
5	24	343	346	202
5	25	347	352	Study
5	26	353	358	Group
5	27	359	360	.
#Text=Author information:  (1)Dallas Diabetes and Endocrine Center, Dallas, Texas 75230, USA.
6	1	361	367	Author
6	2	368	379	information
6	3	380	381	:
6	4	382	383	(
6	5	384	385	1
6	6	386	387	)
6	7	388	394	Dallas
6	8	395	403	Diabetes
6	9	404	407	and
6	10	408	417	Endocrine
6	11	418	424	Center
6	12	425	426	,
6	13	427	433	Dallas
6	14	434	435	,
6	15	436	441	Texas
6	16	442	447	75230
6	17	448	449	,
6	18	450	453	USA
6	19	454	455	.
#Text=juliorosenstock@dallasdiabetes.com  OBJECTIVE: This is a randomized, placebo-controlled study of the weight-loss efficacy and safety of a controlled-release (CR) formulation of topiramate in overweight and obese patients with type 2 diabetes treated with diet and exercise alone or in combination with metformin.
7	1	456	471	juliorosenstock
7	2	472	473	@
7	3	474	488	dallasdiabetes
7	4	489	490	.
7	5	491	494	com
7	6	495	504	OBJECTIVE
7	7	505	506	:
7	8	507	511	This
7	9	512	514	is
7	10	515	516	a
7	11	517	527	randomized
7	12	528	529	,
7	13	530	537	placebo
7	14	538	539	-
7	15	540	550	controlled
7	16	551	556	study
7	17	557	559	of
7	18	560	563	the
7	19	564	570	weight
7	20	571	572	-
7	21	573	577	loss
7	22	578	586	efficacy
7	23	587	590	and
7	24	591	597	safety
7	25	598	600	of
7	26	601	602	a
7	27	603	613	controlled
7	28	614	615	-
7	29	616	623	release
7	30	624	625	(
7	31	626	628	CR
7	32	629	630	)
7	33	631	642	formulation
7	34	643	645	of
7	35	646	656	topiramate
7	36	657	659	in
7	37	660	670	overweight
7	38	671	674	and
7	39	675	680	obese
7	40	681	689	patients
7	41	690	694	with
7	42	695	699	type
7	43	700	701	2
7	44	702	710	diabetes
7	45	711	718	treated
7	46	719	723	with
7	47	724	728	diet
7	48	729	732	and
7	49	733	741	exercise
7	50	742	747	alone
7	51	748	750	or
7	52	751	753	in
7	53	754	765	combination
7	54	766	770	with
7	55	771	780	metformin
7	56	781	782	.
#Text=RESEARCH DESIGN AND METHODS: Patients with type 2 diabetes, BMI > or =27 kg/m2, A1C >6.5 and <11.0%, treated with diet and exercise alone or in combination with  metformin monotherapy were enrolled.
8	1	783	791	RESEARCH
8	2	792	798	DESIGN
8	3	799	802	AND
8	4	803	810	METHODS
8	5	811	812	:
8	6	813	821	Patients
8	7	822	826	with
8	8	827	831	type
8	9	832	833	2
8	10	834	842	diabetes
8	11	843	844	,
8	12	845	848	BMI
8	13	849	850	>
8	14	851	853	or
8	15	854	855	=
8	16	856	858	27
8	17	859	861	kg
8	18	862	863	/
8	19	864	866	m2
8	20	867	868	,
8	21	869	872	A1C
8	22	873	874	>
8	23	875	876	6
8	24	877	878	.
8	25	879	880	5
8	26	881	884	and
8	27	885	886	<
8	28	887	889	11
8	29	890	891	.
8	30	892	893	0
8	31	894	895	%
8	32	896	897	,
8	33	898	905	treated
8	34	906	910	with
8	35	911	915	diet
8	36	916	919	and
8	37	920	928	exercise
8	38	929	934	alone
8	39	935	937	or
8	40	938	940	in
8	41	941	952	combination
8	42	953	957	with
8	43	958	967	metformin
8	44	968	979	monotherapy
8	45	980	984	were
8	46	985	993	enrolled
8	47	994	995	.
#Text=Patients were randomized to placebo or topiramate CR titrated up to 175 mg/day.
9	1	996	1004	Patients
9	2	1005	1009	were
9	3	1010	1020	randomized
9	4	1021	1023	to
9	5	1024	1031	placebo
9	6	1032	1034	or
9	7	1035	1045	topiramate
9	8	1046	1048	CR
9	9	1049	1057	titrated
9	10	1058	1060	up
9	11	1061	1063	to
9	12	1064	1067	175
9	13	1068	1070	mg
9	14	1071	1072	/
9	15	1073	1076	day
9	16	1077	1078	.
#Text=Treatment consisted of a 7-week titration phase followed by a 9-week maintenance phase.
10	1	1079	1088	Treatment
10	2	1089	1098	consisted
10	3	1099	1101	of
10	4	1102	1103	a
10	5	1104	1105	7
10	6	1106	1107	-
10	7	1108	1112	week
10	8	1113	1122	titration
10	9	1123	1128	phase
10	10	1129	1137	followed
10	11	1138	1140	by
10	12	1141	1142	a
10	13	1143	1144	9
10	14	1145	1146	-
10	15	1147	1151	week
10	16	1152	1163	maintenance
10	17	1164	1169	phase
10	18	1170	1171	.
#Text=RESULTS: A total of 111 subjects were randomized and analyzed.
11	1	1172	1179	RESULTS
11	2	1180	1181	:
11	3	1182	1183	A
11	4	1184	1189	total
11	5	1190	1192	of
11	6	1193	1196	111
11	7	1197	1205	subjects
11	8	1206	1210	were
11	9	1211	1221	randomized
11	10	1222	1225	and
11	11	1226	1234	analyzed
11	12	1235	1236	.
#Text=By the end of week 16, patients in the placebo and topiramate groups lost 2.5 and 6.0 kg, which represented 2.3 and 5.8%, respectively, of their baseline body weight (P < 0.001  vs. placebo).
12	1	1237	1239	By
12	2	1240	1243	the
12	3	1244	1247	end
12	4	1248	1250	of
12	5	1251	1255	week
12	6	1256	1258	16
12	7	1259	1260	,
12	8	1261	1269	patients
12	9	1270	1272	in
12	10	1273	1276	the
12	11	1277	1284	placebo
12	12	1285	1288	and
12	13	1289	1299	topiramate
12	14	1300	1306	groups
12	15	1307	1311	lost
12	16	1312	1313	2
12	17	1314	1315	.
12	18	1316	1317	5
12	19	1318	1321	and
12	20	1322	1323	6
12	21	1324	1325	.
12	22	1326	1327	0
12	23	1328	1330	kg
12	24	1331	1332	,
12	25	1333	1338	which
12	26	1339	1350	represented
12	27	1351	1352	2
12	28	1353	1354	.
12	29	1355	1356	3
12	30	1357	1360	and
12	31	1361	1362	5
12	32	1363	1364	.
12	33	1365	1366	8
12	34	1367	1368	%
12	35	1369	1370	,
12	36	1371	1383	respectively
12	37	1384	1385	,
12	38	1386	1388	of
12	39	1389	1394	their
12	40	1395	1403	baseline
12	41	1404	1408	body
12	42	1409	1415	weight
12	43	1416	1417	(
12	44	1418	1419	P
12	45	1420	1421	<
12	46	1422	1423	0
12	47	1424	1425	.
12	48	1426	1429	001
12	49	1430	1432	vs
12	50	1433	1434	.
12	51	1435	1442	placebo
12	52	1443	1444	)
12	53	1445	1446	.
#Text=A1C improved from a baseline of 7.4% in the placebo and 7.6% in the topiramate groups to 7.1 and 6.7%, respectively, representing a 0.4 and 0.9% reduction from baseline, respectively (P < 0.001 vs. placebo).
13	1	1447	1450	A1C
13	2	1451	1459	improved
13	3	1460	1464	from
13	4	1465	1466	a
13	5	1467	1475	baseline
13	6	1476	1478	of
13	7	1479	1480	7
13	8	1481	1482	.
13	9	1483	1484	4
13	10	1485	1486	%
13	11	1487	1489	in
13	12	1490	1493	the
13	13	1494	1501	placebo
13	14	1502	1505	and
13	15	1506	1507	7
13	16	1508	1509	.
13	17	1510	1511	6
13	18	1512	1513	%
13	19	1514	1516	in
13	20	1517	1520	the
13	21	1521	1531	topiramate
13	22	1532	1538	groups
13	23	1539	1541	to
13	24	1542	1543	7
13	25	1544	1545	.
13	26	1546	1547	1
13	27	1548	1551	and
13	28	1552	1553	6
13	29	1554	1555	.
13	30	1556	1557	7
13	31	1558	1559	%
13	32	1560	1561	,
13	33	1562	1574	respectively
13	34	1575	1576	,
13	35	1577	1589	representing
13	36	1590	1591	a
13	37	1592	1593	0
13	38	1594	1595	.
13	39	1596	1597	4
13	40	1598	1601	and
13	41	1602	1603	0
13	42	1604	1605	.
13	43	1606	1607	9
13	44	1608	1609	%
13	45	1610	1619	reduction
13	46	1620	1624	from
13	47	1625	1633	baseline
13	48	1634	1635	,
13	49	1636	1648	respectively
13	50	1649	1650	(
13	51	1651	1652	P
13	52	1653	1654	<
13	53	1655	1656	0
13	54	1657	1658	.
13	55	1659	1662	001
13	56	1663	1665	vs
13	57	1666	1667	.
13	58	1668	1675	placebo
13	59	1676	1677	)
13	60	1678	1679	.
#Text=Topiramate also significantly reduced blood pressure and urinary albumin excretion.
14	1	1680	1690	Topiramate
14	2	1691	1695	also
14	3	1696	1709	significantly
14	4	1710	1717	reduced
14	5	1718	1723	blood
14	6	1724	1732	pressure
14	7	1733	1736	and
14	8	1737	1744	urinary
14	9	1745	1752	albumin
14	10	1753	1762	excretion
14	11	1763	1764	.
#Text=Adverse events were predominantly neuropsychiatric or central and peripheral nervous system related.
15	1	1765	1772	Adverse
15	2	1773	1779	events
15	3	1780	1784	were
15	4	1785	1798	predominantly
15	5	1799	1815	neuropsychiatric
15	6	1816	1818	or
15	7	1819	1826	central
15	8	1827	1830	and
15	9	1831	1841	peripheral
15	10	1842	1849	nervous
15	11	1850	1856	system
15	12	1857	1864	related
15	13	1865	1866	.
#Text=CONCLUSIONS: Topiramate CR treatment produced significant weight loss and meaningful improvements in A1C and blood pressure in obese patients with type 2 diabetes treated with diet and exercise or in combination with metformin.
16	1	1867	1878	CONCLUSIONS
16	2	1879	1880	:
16	3	1881	1891	Topiramate
16	4	1892	1894	CR
16	5	1895	1904	treatment
16	6	1905	1913	produced
16	7	1914	1925	significant
16	8	1926	1932	weight
16	9	1933	1937	loss
16	10	1938	1941	and
16	11	1942	1952	meaningful
16	12	1953	1965	improvements
16	13	1966	1968	in
16	14	1969	1972	A1C
16	15	1973	1976	and
16	16	1977	1982	blood
16	17	1983	1991	pressure
16	18	1992	1994	in
16	19	1995	2000	obese
16	20	2001	2009	patients
16	21	2010	2014	with
16	22	2015	2019	type
16	23	2020	2021	2
16	24	2022	2030	diabetes
16	25	2031	2038	treated
16	26	2039	2043	with
16	27	2044	2048	diet
16	28	2049	2052	and
16	29	2053	2061	exercise
16	30	2062	2064	or
16	31	2065	2067	in
16	32	2068	2079	combination
16	33	2080	2084	with
16	34	2085	2094	metformin
16	35	2095	2096	.
#Text=However, the central nervous system and psychiatric adverse event profile of topiramate CR makes it unsuitable for the treatment of obesity and diabetes.
17	1	2097	2104	However
17	2	2105	2106	,
17	3	2107	2110	the
17	4	2111	2118	central
17	5	2119	2126	nervous
17	6	2127	2133	system
17	7	2134	2137	and
17	8	2138	2149	psychiatric
17	9	2150	2157	adverse
17	10	2158	2163	event
17	11	2164	2171	profile
17	12	2172	2174	of
17	13	2175	2185	topiramate
17	14	2186	2188	CR
17	15	2189	2194	makes
17	16	2195	2197	it
17	17	2198	2208	unsuitable
17	18	2209	2212	for
17	19	2213	2216	the
17	20	2217	2226	treatment
17	21	2227	2229	of
17	22	2230	2237	obesity
17	23	2238	2241	and
17	24	2242	2250	diabetes
17	25	2251	2252	.
#Text=DOI: 10.2337/dc06-2001  PMID: 17363756  [Indexed for MEDLINE]
18	1	2253	2256	DOI
18	2	2257	2258	:
18	3	2259	2261	10
18	4	2262	2263	.
18	5	2264	2268	2337
18	6	2269	2270	/
18	7	2271	2275	dc06
18	8	2276	2277	-
18	9	2278	2282	2001
18	10	2283	2287	PMID
18	11	2288	2289	:
18	12	2290	2298	17363756
18	13	2299	2300	[
18	14	2301	2308	Indexed
18	15	2309	2312	for
18	16	2313	2320	MEDLINE
18	17	2321	2322	]
