#Text=Diabetes Obes Metab.
1	1	0	8	Diabetes
1	2	9	13	Obes
1	3	14	19	Metab
1	4	20	21	.
#Text=2007 Sep;9(5):733-45.
2	1	22	26	2007
2	2	27	30	Sep
2	3	31	32	;
2	4	33	34	9
2	5	35	36	(
2	6	37	38	5
2	7	39	40	)
2	8	41	42	:
2	9	43	46	733
2	10	47	48	-
2	11	49	51	45
2	12	52	53	.
#Text=Epub 2007 Jun 26.
3	1	54	58	Epub
3	2	59	63	2007
3	3	64	67	Jun
3	4	68	70	26
3	5	71	72	.
#Text=Efficacy and safety of the dipeptidyl peptidase-4 inhibitor, sitagliptin, in patients with type 2 diabetes mellitus inadequately controlled on glimepiride alone or on glimepiride and metformin.
4	1	73	81	Efficacy
4	2	82	85	and
4	3	86	92	safety
4	4	93	95	of
4	5	96	99	the
4	6	100	110	dipeptidyl
4	7	111	120	peptidase
4	8	121	122	-
4	9	123	124	4
4	10	125	134	inhibitor
4	11	135	136	,
4	12	137	148	sitagliptin
4	13	149	150	,
4	14	151	153	in
4	15	154	162	patients
4	16	163	167	with
4	17	168	172	type
4	18	173	174	2
4	19	175	183	diabetes
4	20	184	192	mellitus
4	21	193	205	inadequately
4	22	206	216	controlled
4	23	217	219	on
4	24	220	231	glimepiride
4	25	232	237	alone
4	26	238	240	or
4	27	241	243	on
4	28	244	255	glimepiride
4	29	256	259	and
4	30	260	269	metformin
4	31	270	271	.
#Text=Hermansen K(1), Kipnes M, Luo E, Fanurik D, Khatami H, Stein P; Sitagliptin Study 035 Group.
5	1	272	281	Hermansen
5	2	282	283	K
5	3	284	285	(
5	4	286	287	1
5	5	288	289	)
5	6	290	291	,
5	7	292	298	Kipnes
5	8	299	300	M
5	9	301	302	,
5	10	303	306	Luo
5	11	307	308	E
5	12	309	310	,
5	13	311	318	Fanurik
5	14	319	320	D
5	15	321	322	,
5	16	323	330	Khatami
5	17	331	332	H
5	18	333	334	,
5	19	335	340	Stein
5	20	341	342	P
5	21	343	344	;
5	22	345	356	Sitagliptin
5	23	357	362	Study
5	24	363	366	035
5	25	367	372	Group
5	26	373	374	.
#Text=Author information:  (1)Aarhus University Hospital, Aarhus, Denmark.
6	1	375	381	Author
6	2	382	393	information
6	3	394	395	:
6	4	396	397	(
6	5	398	399	1
6	6	400	401	)
6	7	402	408	Aarhus
6	8	409	419	University
6	9	420	428	Hospital
6	10	429	430	,
6	11	431	437	Aarhus
6	12	438	439	,
6	13	440	447	Denmark
6	14	448	449	.
#Text=AIM: To assess the efficacy and safety of a 24-week treatment with sitagliptin, a highly selective once-daily oral dipeptidyl peptidase-4 (DPP-4) inhibitor, in patients with type 2 diabetes who had inadequate glycaemic control [glycosylated  haemoglobin (HbA(1c)) >or=7.5% and <or=10.5%] while on glimepiride alone or in combination with metformin.
7	1	450	453	AIM
7	2	454	455	:
7	3	456	458	To
7	4	459	465	assess
7	5	466	469	the
7	6	470	478	efficacy
7	7	479	482	and
7	8	483	489	safety
7	9	490	492	of
7	10	493	494	a
7	11	495	497	24
7	12	498	499	-
7	13	500	504	week
7	14	505	514	treatment
7	15	515	519	with
7	16	520	531	sitagliptin
7	17	532	533	,
7	18	534	535	a
7	19	536	542	highly
7	20	543	552	selective
7	21	553	557	once
7	22	558	559	-
7	23	560	565	daily
7	24	566	570	oral
7	25	571	581	dipeptidyl
7	26	582	591	peptidase
7	27	592	593	-
7	28	594	595	4
7	29	596	597	(
7	30	598	601	DPP
7	31	602	603	-
7	32	604	605	4
7	33	606	607	)
7	34	608	617	inhibitor
7	35	618	619	,
7	36	620	622	in
7	37	623	631	patients
7	38	632	636	with
7	39	637	641	type
7	40	642	643	2
7	41	644	652	diabetes
7	42	653	656	who
7	43	657	660	had
7	44	661	671	inadequate
7	45	672	681	glycaemic
7	46	682	689	control
7	47	690	691	[
7	48	692	704	glycosylated
7	49	705	716	haemoglobin
7	50	717	718	(
7	51	719	722	HbA
7	52	723	724	(
7	53	725	727	1c
7	54	728	729	)
7	55	730	731	)
7	56	732	733	>
7	57	734	736	or
7	58	737	738	=
7	59	739	740	7
7	60	741	742	.
7	61	743	744	5
7	62	745	746	%
7	63	747	750	and
7	64	751	752	<
7	65	753	755	or
7	66	756	757	=
7	67	758	760	10
7	68	761	762	.
7	69	763	764	5
7	70	765	766	%
7	71	767	768	]
7	72	769	774	while
7	73	775	777	on
7	74	778	789	glimepiride
7	75	790	795	alone
7	76	796	798	or
7	77	799	801	in
7	78	802	813	combination
7	79	814	818	with
7	80	819	828	metformin
7	81	829	830	.
#Text=METHODS: After a screening, diet/exercise run-in and drug wash-off period, a glimepiride +/- metformin dose titration/stabilization period and a 2-week, single-blind placebo run-in, 441 patients (of ages 18-75 years) were randomized to receive the addition of sitagliptin 100 mg once daily or placebo in a 1 : 1 ratio for 24 weeks.
8	1	831	838	METHODS
8	2	839	840	:
8	3	841	846	After
8	4	847	848	a
8	5	849	858	screening
8	6	859	860	,
8	7	861	865	diet
8	8	866	867	/
8	9	868	876	exercise
8	10	877	880	run
8	11	881	882	-
8	12	883	885	in
8	13	886	889	and
8	14	890	894	drug
8	15	895	899	wash
8	16	900	901	-
8	17	902	905	off
8	18	906	912	period
8	19	913	914	,
8	20	915	916	a
8	21	917	928	glimepiride
8	22	929	930	+
8	23	931	932	/
8	24	933	934	-
8	25	935	944	metformin
8	26	945	949	dose
8	27	950	959	titration
8	28	960	961	/
8	29	962	975	stabilization
8	30	976	982	period
8	31	983	986	and
8	32	987	988	a
8	33	989	990	2
8	34	991	992	-
8	35	993	997	week
8	36	998	999	,
8	37	1000	1006	single
8	38	1007	1008	-
8	39	1009	1014	blind
8	40	1015	1022	placebo
8	41	1023	1026	run
8	42	1027	1028	-
8	43	1029	1031	in
8	44	1032	1033	,
8	45	1034	1037	441
8	46	1038	1046	patients
8	47	1047	1048	(
8	48	1049	1051	of
8	49	1052	1056	ages
8	50	1057	1059	18
8	51	1060	1061	-
8	52	1062	1064	75
8	53	1065	1070	years
8	54	1071	1072	)
8	55	1073	1077	were
8	56	1078	1088	randomized
8	57	1089	1091	to
8	58	1092	1099	receive
8	59	1100	1103	the
8	60	1104	1112	addition
8	61	1113	1115	of
8	62	1116	1127	sitagliptin
8	63	1128	1131	100
8	64	1132	1134	mg
8	65	1135	1139	once
8	66	1140	1145	daily
8	67	1146	1148	or
8	68	1149	1156	placebo
8	69	1157	1159	in
8	70	1160	1161	a
8	71	1162	1163	1
8	72	1164	1165	:
8	73	1166	1167	1
8	74	1168	1173	ratio
8	75	1174	1177	for
8	76	1178	1180	24
8	77	1181	1186	weeks
8	78	1187	1188	.
#Text=Of these patients, 212 were on glimepiride (>or=4 mg/day) monotherapy and 229 were on glimepiride (>or=4 mg/day) plus metformin (>or=1,500  mg/day) combination therapy.
9	1	1189	1191	Of
9	2	1192	1197	these
9	3	1198	1206	patients
9	4	1207	1208	,
9	5	1209	1212	212
9	6	1213	1217	were
9	7	1218	1220	on
9	8	1221	1232	glimepiride
9	9	1233	1234	(
9	10	1235	1236	>
9	11	1237	1239	or
9	12	1240	1241	=
9	13	1242	1243	4
9	14	1244	1246	mg
9	15	1247	1248	/
9	16	1249	1252	day
9	17	1253	1254	)
9	18	1255	1266	monotherapy
9	19	1267	1270	and
9	20	1271	1274	229
9	21	1275	1279	were
9	22	1280	1282	on
9	23	1283	1294	glimepiride
9	24	1295	1296	(
9	25	1297	1298	>
9	26	1299	1301	or
9	27	1302	1303	=
9	28	1304	1305	4
9	29	1306	1308	mg
9	30	1309	1310	/
9	31	1311	1314	day
9	32	1315	1316	)
9	33	1317	1321	plus
9	34	1322	1331	metformin
9	35	1332	1333	(
9	36	1334	1335	>
9	37	1336	1338	or
9	38	1339	1340	=
9	39	1341	1342	1
9	40	1343	1344	,
9	41	1345	1348	500
9	42	1349	1351	mg
9	43	1352	1353	/
9	44	1354	1357	day
9	45	1358	1359	)
9	46	1360	1371	combination
9	47	1372	1379	therapy
9	48	1380	1381	.
#Text=Patients exceeding pre-specified glycaemic thresholds during the double-blind treatment period were provided open-label rescue therapy (pioglitazone) until study end.
10	1	1382	1390	Patients
10	2	1391	1400	exceeding
10	3	1401	1404	pre
10	4	1405	1406	-
10	5	1407	1416	specified
10	6	1417	1426	glycaemic
10	7	1427	1437	thresholds
10	8	1438	1444	during
10	9	1445	1448	the
10	10	1449	1455	double
10	11	1456	1457	-
10	12	1458	1463	blind
10	13	1464	1473	treatment
10	14	1474	1480	period
10	15	1481	1485	were
10	16	1486	1494	provided
10	17	1495	1499	open
10	18	1500	1501	-
10	19	1502	1507	label
10	20	1508	1514	rescue
10	21	1515	1522	therapy
10	22	1523	1524	(
10	23	1525	1537	pioglitazone
10	24	1538	1539	)
10	25	1540	1545	until
10	26	1546	1551	study
10	27	1552	1555	end
10	28	1556	1557	.
#Text=The primary efficacy analysis evaluated the change in HbA(1c) from baseline to Week 24.
11	1	1558	1561	The
11	2	1562	1569	primary
11	3	1570	1578	efficacy
11	4	1579	1587	analysis
11	5	1588	1597	evaluated
11	6	1598	1601	the
11	7	1602	1608	change
11	8	1609	1611	in
11	9	1612	1615	HbA
11	10	1616	1617	(
11	11	1618	1620	1c
11	12	1621	1622	)
11	13	1623	1627	from
11	14	1628	1636	baseline
11	15	1637	1639	to
11	16	1640	1644	Week
11	17	1645	1647	24
11	18	1648	1649	.
#Text=Secondary efficacy endpoints included fasting plasma glucose (FPG), 2-h post-meal glucose and lipid  measurements.
12	1	1650	1659	Secondary
12	2	1660	1668	efficacy
12	3	1669	1678	endpoints
12	4	1679	1687	included
12	5	1688	1695	fasting
12	6	1696	1702	plasma
12	7	1703	1710	glucose
12	8	1711	1712	(
12	9	1713	1716	FPG
12	10	1717	1718	)
12	11	1719	1720	,
12	12	1721	1722	2
12	13	1723	1724	-
12	14	1725	1726	h
12	15	1727	1731	post
12	16	1732	1733	-
12	17	1734	1738	meal
12	18	1739	1746	glucose
12	19	1747	1750	and
12	20	1751	1756	lipid
12	21	1757	1769	measurements
12	22	1770	1771	.
#Text=RESULTS: Mean baseline HbA(1c) was 8.34% in the sitagliptin and placebo groups.
13	1	1772	1779	RESULTS
13	2	1780	1781	:
13	3	1782	1786	Mean
13	4	1787	1795	baseline
13	5	1796	1799	HbA
13	6	1800	1801	(
13	7	1802	1804	1c
13	8	1805	1806	)
13	9	1807	1810	was
13	10	1811	1812	8
13	11	1813	1814	.
13	12	1815	1817	34
13	13	1818	1819	%
13	14	1820	1822	in
13	15	1823	1826	the
13	16	1827	1838	sitagliptin
13	17	1839	1842	and
13	18	1843	1850	placebo
13	19	1851	1857	groups
13	20	1858	1859	.
#Text=After 24 weeks, sitagliptin reduced HbA(1c) by 0.74% (p < 0.001) relative to placebo.
14	1	1860	1865	After
14	2	1866	1868	24
14	3	1869	1874	weeks
14	4	1875	1876	,
14	5	1877	1888	sitagliptin
14	6	1889	1896	reduced
14	7	1897	1900	HbA
14	8	1901	1902	(
14	9	1903	1905	1c
14	10	1906	1907	)
14	11	1908	1910	by
14	12	1911	1912	0
14	13	1913	1914	.
14	14	1915	1917	74
14	15	1918	1919	%
14	16	1920	1921	(
14	17	1922	1923	p
14	18	1924	1925	<
14	19	1926	1927	0
14	20	1928	1929	.
14	21	1930	1933	001
14	22	1934	1935	)
14	23	1936	1944	relative
14	24	1945	1947	to
14	25	1948	1955	placebo
14	26	1956	1957	.
#Text=In the subset of patients on glimepiride plus metformin, sitagliptin reduced HbA(1c) by 0.89% relative to placebo, compared with a reduction of 0.57%  in the subset of patients on glimepiride alone.
15	1	1958	1960	In
15	2	1961	1964	the
15	3	1965	1971	subset
15	4	1972	1974	of
15	5	1975	1983	patients
15	6	1984	1986	on
15	7	1987	1998	glimepiride
15	8	1999	2003	plus
15	9	2004	2013	metformin
15	10	2014	2015	,
15	11	2016	2027	sitagliptin
15	12	2028	2035	reduced
15	13	2036	2039	HbA
15	14	2040	2041	(
15	15	2042	2044	1c
15	16	2045	2046	)
15	17	2047	2049	by
15	18	2050	2051	0
15	19	2052	2053	.
15	20	2054	2056	89
15	21	2057	2058	%
15	22	2059	2067	relative
15	23	2068	2070	to
15	24	2071	2078	placebo
15	25	2079	2080	,
15	26	2081	2089	compared
15	27	2090	2094	with
15	28	2095	2096	a
15	29	2097	2106	reduction
15	30	2107	2109	of
15	31	2110	2111	0
15	32	2112	2113	.
15	33	2114	2116	57
15	34	2117	2118	%
15	35	2119	2121	in
15	36	2122	2125	the
15	37	2126	2132	subset
15	38	2133	2135	of
15	39	2136	2144	patients
15	40	2145	2147	on
15	41	2148	2159	glimepiride
15	42	2160	2165	alone
15	43	2166	2167	.
#Text=The addition of sitagliptin reduced FPG by 20.1 mg/dl (p < 0.001) and increased homeostasis model assessment-beta, a marker of beta-cell function, by 12% (p < 0.05) relative to placebo.
16	1	2168	2171	The
16	2	2172	2180	addition
16	3	2181	2183	of
16	4	2184	2195	sitagliptin
16	5	2196	2203	reduced
16	6	2204	2207	FPG
16	7	2208	2210	by
16	8	2211	2213	20
16	9	2214	2215	.
16	10	2216	2217	1
16	11	2218	2220	mg
16	12	2221	2222	/
16	13	2223	2225	dl
16	14	2226	2227	(
16	15	2228	2229	p
16	16	2230	2231	<
16	17	2232	2233	0
16	18	2234	2235	.
16	19	2236	2239	001
16	20	2240	2241	)
16	21	2242	2245	and
16	22	2246	2255	increased
16	23	2256	2267	homeostasis
16	24	2268	2273	model
16	25	2274	2284	assessment
16	26	2285	2286	-
16	27	2287	2291	beta
16	28	2292	2293	,
16	29	2294	2295	a
16	30	2296	2302	marker
16	31	2303	2305	of
16	32	2306	2310	beta
16	33	2311	2312	-
16	34	2313	2317	cell
16	35	2318	2326	function
16	36	2327	2328	,
16	37	2329	2331	by
16	38	2332	2334	12
16	39	2335	2336	%
16	40	2337	2338	(
16	41	2339	2340	p
16	42	2341	2342	<
16	43	2343	2344	0
16	44	2345	2346	.
16	45	2347	2349	05
16	46	2350	2351	)
16	47	2352	2360	relative
16	48	2361	2363	to
16	49	2364	2371	placebo
16	50	2372	2373	.
#Text=In patients who underwent a meal tolerance test (n = 134), sitagliptin decreased 2-h post-prandial glucose (PPG) by 36.1 mg/dl (p < 0.001) relative to placebo.
17	1	2374	2376	In
17	2	2377	2385	patients
17	3	2386	2389	who
17	4	2390	2399	underwent
17	5	2400	2401	a
17	6	2402	2406	meal
17	7	2407	2416	tolerance
17	8	2417	2421	test
17	9	2422	2423	(
17	10	2424	2425	n
17	11	2426	2427	=
17	12	2428	2431	134
17	13	2432	2433	)
17	14	2434	2435	,
17	15	2436	2447	sitagliptin
17	16	2448	2457	decreased
17	17	2458	2459	2
17	18	2460	2461	-
17	19	2462	2463	h
17	20	2464	2468	post
17	21	2469	2470	-
17	22	2471	2479	prandial
17	23	2480	2487	glucose
17	24	2488	2489	(
17	25	2490	2493	PPG
17	26	2494	2495	)
17	27	2496	2498	by
17	28	2499	2501	36
17	29	2502	2503	.
17	30	2504	2505	1
17	31	2506	2508	mg
17	32	2509	2510	/
17	33	2511	2513	dl
17	34	2514	2515	(
17	35	2516	2517	p
17	36	2518	2519	<
17	37	2520	2521	0
17	38	2522	2523	.
17	39	2524	2527	001
17	40	2528	2529	)
17	41	2530	2538	relative
17	42	2539	2541	to
17	43	2542	2549	placebo
17	44	2550	2551	.
#Text=The addition of sitagliptin was generally well tolerated, although there was a higher incidence of overall (60 vs. 47%) and drug-related adverse experiences (AEs) (15 vs. 7%) in the sitagliptin group than in the placebo group.
18	1	2552	2555	The
18	2	2556	2564	addition
18	3	2565	2567	of
18	4	2568	2579	sitagliptin
18	5	2580	2583	was
18	6	2584	2593	generally
18	7	2594	2598	well
18	8	2599	2608	tolerated
18	9	2609	2610	,
18	10	2611	2619	although
18	11	2620	2625	there
18	12	2626	2629	was
18	13	2630	2631	a
18	14	2632	2638	higher
18	15	2639	2648	incidence
18	16	2649	2651	of
18	17	2652	2659	overall
18	18	2660	2661	(
18	19	2662	2664	60
18	20	2665	2667	vs
18	21	2668	2669	.
18	22	2670	2672	47
18	23	2673	2674	%
18	24	2675	2676	)
18	25	2677	2680	and
18	26	2681	2685	drug
18	27	2686	2687	-
18	28	2688	2695	related
18	29	2696	2703	adverse
18	30	2704	2715	experiences
18	31	2716	2717	(
18	32	2718	2721	AEs
18	33	2722	2723	)
18	34	2724	2725	(
18	35	2726	2728	15
18	36	2729	2731	vs
18	37	2732	2733	.
18	38	2734	2735	7
18	39	2736	2737	%
18	40	2738	2739	)
18	41	2740	2742	in
18	42	2743	2746	the
18	43	2747	2758	sitagliptin
18	44	2759	2764	group
18	45	2765	2769	than
18	46	2770	2772	in
18	47	2773	2776	the
18	48	2777	2784	placebo
18	49	2785	2790	group
18	50	2791	2792	.
#Text=This was largely because of a higher incidence of hypoglycaemia AEs (12 vs. 2%, respectively) in the sitagliptin group compared with the placebo group.
19	1	2793	2797	This
19	2	2798	2801	was
19	3	2802	2809	largely
19	4	2810	2817	because
19	5	2818	2820	of
19	6	2821	2822	a
19	7	2823	2829	higher
19	8	2830	2839	incidence
19	9	2840	2842	of
19	10	2843	2856	hypoglycaemia
19	11	2857	2860	AEs
19	12	2861	2862	(
19	13	2863	2865	12
19	14	2866	2868	vs
19	15	2869	2870	.
19	16	2871	2872	2
19	17	2873	2874	%
19	18	2875	2876	,
19	19	2877	2889	respectively
19	20	2890	2891	)
19	21	2892	2894	in
19	22	2895	2898	the
19	23	2899	2910	sitagliptin
19	24	2911	2916	group
19	25	2917	2925	compared
19	26	2926	2930	with
19	27	2931	2934	the
19	28	2935	2942	placebo
19	29	2943	2948	group
19	30	2949	2950	.
#Text=Body weight modestly increased with sitagliptin relative to placebo (+0.8 vs. -0.4 kg; p < 0.001).
20	1	2951	2955	Body
20	2	2956	2962	weight
20	3	2963	2971	modestly
20	4	2972	2981	increased
20	5	2982	2986	with
20	6	2987	2998	sitagliptin
20	7	2999	3007	relative
20	8	3008	3010	to
20	9	3011	3018	placebo
20	10	3019	3020	(
20	11	3021	3022	+
20	12	3023	3024	0
20	13	3025	3026	.
20	14	3027	3028	8
20	15	3029	3031	vs
20	16	3032	3033	.
20	17	3034	3035	-
20	18	3036	3037	0
20	19	3038	3039	.
20	20	3040	3041	4
20	21	3042	3044	kg
20	22	3045	3046	;
20	23	3047	3048	p
20	24	3049	3050	<
20	25	3051	3052	0
20	26	3053	3054	.
20	27	3055	3058	001
20	28	3059	3060	)
20	29	3061	3062	.
#Text=CONCLUSIONS: Sitagliptin 100 mg once daily significantly improved glycaemic control and beta-cell function in patients with type 2 diabetes who had inadequate glycaemic control with glimepiride or glimepiride plus metformin therapy.
21	1	3063	3074	CONCLUSIONS
21	2	3075	3076	:
21	3	3077	3088	Sitagliptin
21	4	3089	3092	100
21	5	3093	3095	mg
21	6	3096	3100	once
21	7	3101	3106	daily
21	8	3107	3120	significantly
21	9	3121	3129	improved
21	10	3130	3139	glycaemic
21	11	3140	3147	control
21	12	3148	3151	and
21	13	3152	3156	beta
21	14	3157	3158	-
21	15	3159	3163	cell
21	16	3164	3172	function
21	17	3173	3175	in
21	18	3176	3184	patients
21	19	3185	3189	with
21	20	3190	3194	type
21	21	3195	3196	2
21	22	3197	3205	diabetes
21	23	3206	3209	who
21	24	3210	3213	had
21	25	3214	3224	inadequate
21	26	3225	3234	glycaemic
21	27	3235	3242	control
21	28	3243	3247	with
21	29	3248	3259	glimepiride
21	30	3260	3262	or
21	31	3263	3274	glimepiride
21	32	3275	3279	plus
21	33	3280	3289	metformin
21	34	3290	3297	therapy
21	35	3298	3299	.
#Text=The addition of sitagliptin was generally well tolerated, with a modest  increase in hypoglycaemia and body weight, consistent with glimepiride therapy and the observed degree of glycaemic improvement.
22	1	3300	3303	The
22	2	3304	3312	addition
22	3	3313	3315	of
22	4	3316	3327	sitagliptin
22	5	3328	3331	was
22	6	3332	3341	generally
22	7	3342	3346	well
22	8	3347	3356	tolerated
22	9	3357	3358	,
22	10	3359	3363	with
22	11	3364	3365	a
22	12	3366	3372	modest
22	13	3373	3381	increase
22	14	3382	3384	in
22	15	3385	3398	hypoglycaemia
22	16	3399	3402	and
22	17	3403	3407	body
22	18	3408	3414	weight
22	19	3415	3416	,
22	20	3417	3427	consistent
22	21	3428	3432	with
22	22	3433	3444	glimepiride
22	23	3445	3452	therapy
22	24	3453	3456	and
22	25	3457	3460	the
22	26	3461	3469	observed
22	27	3470	3476	degree
22	28	3477	3479	of
22	29	3480	3489	glycaemic
22	30	3490	3501	improvement
22	31	3502	3503	.
#Text=DOI: 10.1111/j.1463-1326.2007.00744.x  PMID: 17593236  [Indexed for MEDLINE]
23	1	3504	3507	DOI
23	2	3508	3509	:
23	3	3510	3512	10
23	4	3513	3514	.
23	5	3515	3519	1111
23	6	3520	3521	/
23	7	3522	3523	j
23	8	3524	3525	.
23	9	3526	3530	1463
23	10	3531	3532	-
23	11	3533	3537	1326
23	12	3538	3539	.
23	13	3540	3544	2007
23	14	3545	3546	.
23	15	3547	3552	00744
23	16	3553	3554	.
23	17	3555	3556	x
23	18	3557	3561	PMID
23	19	3562	3563	:
23	20	3564	3572	17593236
23	21	3573	3574	[
23	22	3575	3582	Indexed
23	23	3583	3586	for
23	24	3587	3594	MEDLINE
23	25	3595	3596	]
