#Text=Diabetes Obes Metab.
1	1	0	8	Diabetes
1	2	9	13	Obes
1	3	14	19	Metab
1	4	20	21	.
#Text=2017 Sep;19(9):1252-1259. doi: 10.1111/dom.12945.
2	1	22	26	2017
2	2	27	30	Sep
2	3	31	32	;
2	4	33	35	19
2	5	36	37	(
2	6	38	39	9
2	7	40	41	)
2	8	42	43	:
2	9	44	48	1252
2	10	49	50	-
2	11	51	55	1259
2	12	56	57	.
2	13	58	61	doi
2	14	62	63	:
2	15	64	66	10
2	16	67	68	.
2	17	69	73	1111
2	18	74	75	/
2	19	76	79	dom
2	20	80	81	.
2	21	82	87	12945
2	22	88	89	.
#Text=Epub 2017  Apr 27.
3	1	90	94	Epub
3	2	95	99	2017
3	3	100	103	Apr
3	4	104	106	27
3	5	107	108	.
#Text=Reduction of postprandial glucose by lixisenatide vs sitagliptin treatment in Japanese patients with type 2 diabetes on background insulin glargine: A randomized phase IV study (NEXTAGE Study).
4	1	109	118	Reduction
4	2	119	121	of
4	3	122	134	postprandial
4	4	135	142	glucose
4	5	143	145	by
4	6	146	158	lixisenatide
4	7	159	161	vs
4	8	162	173	sitagliptin
4	9	174	183	treatment
4	10	184	186	in
4	11	187	195	Japanese
4	12	196	204	patients
4	13	205	209	with
4	14	210	214	type
4	15	215	216	2
4	16	217	225	diabetes
4	17	226	228	on
4	18	229	239	background
4	19	240	247	insulin
4	20	248	256	glargine
4	21	257	258	:
4	22	259	260	A
4	23	261	271	randomized
4	24	272	277	phase
4	25	278	280	IV
4	26	281	286	study
4	27	287	288	(
4	28	289	296	NEXTAGE
4	29	297	302	Study
4	30	303	304	)
4	31	305	306	.
#Text=Yamada Y(1), Senda M(2), Naito Y(3), Tamura M(3), Watanabe D(4), Shuto Y(3), Urita Y(5).
5	1	307	313	Yamada
5	2	314	315	Y
5	3	316	317	(
5	4	318	319	1
5	5	320	321	)
5	6	322	323	,
5	7	324	329	Senda
5	8	330	331	M
5	9	332	333	(
5	10	334	335	2
5	11	336	337	)
5	12	338	339	,
5	13	340	345	Naito
5	14	346	347	Y
5	15	348	349	(
5	16	350	351	3
5	17	352	353	)
5	18	354	355	,
5	19	356	362	Tamura
5	20	363	364	M
5	21	365	366	(
5	22	367	368	3
5	23	369	370	)
5	24	371	372	,
5	25	373	381	Watanabe
5	26	382	383	D
5	27	384	385	(
5	28	386	387	4
5	29	388	389	)
5	30	390	391	,
5	31	392	397	Shuto
5	32	398	399	Y
5	33	400	401	(
5	34	402	403	3
5	35	404	405	)
5	36	406	407	,
5	37	408	413	Urita
5	38	414	415	Y
5	39	416	417	(
5	40	418	419	5
5	41	420	421	)
5	42	422	423	.
#Text=Author information:  (1)Department of Endocrinology, Diabetes and Geriatric Medicine, Akita University Graduate School of Medicine and Faculty of Medicine, Akita, Japan.
6	1	424	430	Author
6	2	431	442	information
6	3	443	444	:
6	4	445	446	(
6	5	447	448	1
6	6	449	450	)
6	7	451	461	Department
6	8	462	464	of
6	9	465	478	Endocrinology
6	10	479	480	,
6	11	481	489	Diabetes
6	12	490	493	and
6	13	494	503	Geriatric
6	14	504	512	Medicine
6	15	513	514	,
6	16	515	520	Akita
6	17	521	531	University
6	18	532	540	Graduate
6	19	541	547	School
6	20	548	550	of
6	21	551	559	Medicine
6	22	560	563	and
6	23	564	571	Faculty
6	24	572	574	of
6	25	575	583	Medicine
6	26	584	585	,
6	27	586	591	Akita
6	28	592	593	,
6	29	594	599	Japan
6	30	600	601	.
#Text=(2)Medical Affairs, Sanofi K.K., Tokyo, Japan.
7	1	602	603	(
7	2	604	605	2
7	3	606	607	)
7	4	608	615	Medical
7	5	616	623	Affairs
7	6	624	625	,
7	7	626	632	Sanofi
7	8	633	634	K
7	9	635	636	.
7	10	637	638	K
7	11	639	640	.
7	12	641	642	,
7	13	643	648	Tokyo
7	14	649	650	,
7	15	651	656	Japan
7	16	657	658	.
#Text=(3)Diabetes and Cardiovascular Medical Operations, Sanofi K.K., Tokyo, Japan.
8	1	659	660	(
8	2	661	662	3
8	3	663	664	)
8	4	665	673	Diabetes
8	5	674	677	and
8	6	678	692	Cardiovascular
8	7	693	700	Medical
8	8	701	711	Operations
8	9	712	713	,
8	10	714	720	Sanofi
8	11	721	722	K
8	12	723	724	.
8	13	725	726	K
8	14	727	728	.
8	15	729	730	,
8	16	731	736	Tokyo
8	17	737	738	,
8	18	739	744	Japan
8	19	745	746	.
#Text=(4)Biostatistics and Programming, Sanofi K.K., Tokyo, Japan.
9	1	747	748	(
9	2	749	750	4
9	3	751	752	)
9	4	753	766	Biostatistics
9	5	767	770	and
9	6	771	782	Programming
9	7	783	784	,
9	8	785	791	Sanofi
9	9	792	793	K
9	10	794	795	.
9	11	796	797	K
9	12	798	799	.
9	13	800	801	,
9	14	802	807	Tokyo
9	15	808	809	,
9	16	810	815	Japan
9	17	816	817	.
#Text=(5)Department of General Medicine and Emergency Care, Toho University School of Medicine, Omori Hospital, Tokyo, Japan.
10	1	818	819	(
10	2	820	821	5
10	3	822	823	)
10	4	824	834	Department
10	5	835	837	of
10	6	838	845	General
10	7	846	854	Medicine
10	8	855	858	and
10	9	859	868	Emergency
10	10	869	873	Care
10	11	874	875	,
10	12	876	880	Toho
10	13	881	891	University
10	14	892	898	School
10	15	899	901	of
10	16	902	910	Medicine
10	17	911	912	,
10	18	913	918	Omori
10	19	919	927	Hospital
10	20	928	929	,
10	21	930	935	Tokyo
10	22	936	937	,
10	23	938	943	Japan
10	24	944	945	.
#Text=AIM: To evaluate the pharmacodynamics of lixisenatide once daily vs sitagliptin once daily in Japanese patients with type 2 diabetes receiving insulin glargine U100.
11	1	946	949	AIM
11	2	950	951	:
11	3	952	954	To
11	4	955	963	evaluate
11	5	964	967	the
11	6	968	984	pharmacodynamics
11	7	985	987	of
11	8	988	1000	lixisenatide
11	9	1001	1005	once
11	10	1006	1011	daily
11	11	1012	1014	vs
11	12	1015	1026	sitagliptin
11	13	1027	1031	once
11	14	1032	1037	daily
11	15	1038	1040	in
11	16	1041	1049	Japanese
11	17	1050	1058	patients
11	18	1059	1063	with
11	19	1064	1068	type
11	20	1069	1070	2
11	21	1071	1079	diabetes
11	22	1080	1089	receiving
11	23	1090	1097	insulin
11	24	1098	1106	glargine
11	25	1107	1111	U100
11	26	1112	1113	.
#Text=MATERIALS AND METHODS: This multicentre, open-label, phase IV study (NEXTAGE Study; ClinicalTrials.gov number, NCT02200991) randomly assigned 136 patients to  either lixisenatide once daily via subcutaneous injection (10 µg initially increased weekly by 5 up to 20 µg) or once-daily oral sitagliptin 50 mg.
12	1	1114	1123	MATERIALS
12	2	1124	1127	AND
12	3	1128	1135	METHODS
12	4	1136	1137	:
12	5	1138	1142	This
12	6	1143	1154	multicentre
12	7	1155	1156	,
12	8	1157	1161	open
12	9	1162	1163	-
12	10	1164	1169	label
12	11	1170	1171	,
12	12	1172	1177	phase
12	13	1178	1180	IV
12	14	1181	1186	study
12	15	1187	1188	(
12	16	1189	1196	NEXTAGE
12	17	1197	1202	Study
12	18	1203	1204	;
12	19	1205	1219	ClinicalTrials
12	20	1220	1221	.
12	21	1222	1225	gov
12	22	1226	1232	number
12	23	1233	1234	,
12	24	1235	1246	NCT02200991
12	25	1247	1248	)
12	26	1249	1257	randomly
12	27	1258	1266	assigned
12	28	1267	1270	136
12	29	1271	1279	patients
12	30	1280	1282	to
12	31	1283	1289	either
12	32	1290	1302	lixisenatide
12	33	1303	1307	once
12	34	1308	1313	daily
12	35	1314	1317	via
12	36	1318	1330	subcutaneous
12	37	1331	1340	injection
12	38	1341	1342	(
12	39	1343	1345	10
12	40	1346	1348	 µ
12	41	1349	1350	g
12	42	1351	1360	initially
12	43	1361	1370	increased
12	44	1371	1377	weekly
12	45	1378	1380	by
12	46	1381	1382	5
12	47	1383	1385	up
12	48	1386	1388	to
12	49	1389	1391	20
12	50	1392	1394	 µ
12	51	1395	1396	g
12	52	1397	1398	)
12	53	1399	1401	or
12	54	1402	1406	once
12	55	1407	1408	-
12	56	1409	1414	daily
12	57	1415	1419	oral
12	58	1420	1431	sitagliptin
12	59	1432	1434	50
12	60	1435	1436	 
12	61	1437	1439	mg
12	62	1440	1441	.
#Text=The primary endpoint was the change in postprandial glucose (PPG) exposure 4 hours after a standardized breakfast (PPG area under the plasma glucose concentration-time curve [AUC0:00-4:00h ]) from baseline to day 29.
13	1	1442	1445	The
13	2	1446	1453	primary
13	3	1454	1462	endpoint
13	4	1463	1466	was
13	5	1467	1470	the
13	6	1471	1477	change
13	7	1478	1480	in
13	8	1481	1493	postprandial
13	9	1494	1501	glucose
13	10	1502	1503	(
13	11	1504	1507	PPG
13	12	1508	1509	)
13	13	1510	1518	exposure
13	14	1519	1520	4
13	15	1521	1522	 
13	16	1523	1528	hours
13	17	1529	1534	after
13	18	1535	1536	a
13	19	1537	1549	standardized
13	20	1550	1559	breakfast
13	21	1560	1561	(
13	22	1562	1565	PPG
13	23	1566	1570	area
13	24	1571	1576	under
13	25	1577	1580	the
13	26	1581	1587	plasma
13	27	1588	1595	glucose
13	28	1596	1609	concentration
13	29	1610	1611	-
13	30	1612	1616	time
13	31	1617	1622	curve
13	32	1623	1624	[
13	33	1625	1629	AUC0
13	34	1630	1631	:
13	35	1632	1634	00
13	36	1635	1636	-
13	37	1637	1638	4
13	38	1639	1640	:
13	39	1641	1644	00h
13	40	1645	1646	]
13	41	1647	1648	)
13	42	1649	1653	from
13	43	1654	1662	baseline
13	44	1663	1665	to
13	45	1666	1669	day
13	46	1670	1672	29
13	47	1673	1674	.
#Text=RESULTS: Lixisenatide reduced PPG exposure to a statistically significantly greater extent than sitagliptin: least squares (LS) mean change from baseline in  PPG AUC0:00-4:00h was -347.3 h·mg/dL (-19.3 h·mmol/L) in the lixisenatide group and -113.3 h·mg/dL (-6.3 h·mmol/L) in the sitagliptin group (LS mean between-group difference -234.0 h·mg/dL [-13.0 h·mmol/L], 95% confidence interval -285.02 to -183.00 h·mg/dL [-15.8 to -10.2 h·mmol/L]; P < .0001).
14	1	1675	1682	RESULTS
14	2	1683	1684	:
14	3	1685	1697	Lixisenatide
14	4	1698	1705	reduced
14	5	1706	1709	PPG
14	6	1710	1718	exposure
14	7	1719	1721	to
14	8	1722	1723	a
14	9	1724	1737	statistically
14	10	1738	1751	significantly
14	11	1752	1759	greater
14	12	1760	1766	extent
14	13	1767	1771	than
14	14	1772	1783	sitagliptin
14	15	1784	1785	:
14	16	1786	1791	least
14	17	1792	1799	squares
14	18	1800	1801	(
14	19	1802	1804	LS
14	20	1805	1806	)
14	21	1807	1811	mean
14	22	1812	1818	change
14	23	1819	1823	from
14	24	1824	1832	baseline
14	25	1833	1835	in
14	26	1836	1839	PPG
14	27	1840	1844	AUC0
14	28	1845	1846	:
14	29	1847	1849	00
14	30	1850	1851	-
14	31	1852	1853	4
14	32	1854	1855	:
14	33	1856	1859	00h
14	34	1860	1863	was
14	35	1864	1865	-
14	36	1866	1869	347
14	37	1870	1871	.
14	38	1872	1873	3
14	39	1874	1875	h
14	40	1876	1877	·
14	41	1878	1880	mg
14	42	1881	1882	/
14	43	1883	1885	dL
14	44	1886	1887	(
14	45	1888	1889	-
14	46	1890	1892	19
14	47	1893	1894	.
14	48	1895	1896	3
14	49	1897	1898	h
14	50	1899	1900	·
14	51	1901	1905	mmol
14	52	1906	1907	/
14	53	1908	1909	L
14	54	1910	1911	)
14	55	1912	1914	in
14	56	1915	1918	the
14	57	1919	1931	lixisenatide
14	58	1932	1937	group
14	59	1938	1941	and
14	60	1942	1943	-
14	61	1944	1947	113
14	62	1948	1949	.
14	63	1950	1951	3
14	64	1952	1953	h
14	65	1954	1955	·
14	66	1956	1958	mg
14	67	1959	1960	/
14	68	1961	1963	dL
14	69	1964	1965	(
14	70	1966	1967	-
14	71	1968	1969	6
14	72	1970	1971	.
14	73	1972	1973	3
14	74	1974	1975	h
14	75	1976	1977	·
14	76	1978	1982	mmol
14	77	1983	1984	/
14	78	1985	1986	L
14	79	1987	1988	)
14	80	1989	1991	in
14	81	1992	1995	the
14	82	1996	2007	sitagliptin
14	83	2008	2013	group
14	84	2014	2015	(
14	85	2016	2018	LS
14	86	2019	2023	mean
14	87	2024	2031	between
14	88	2032	2033	-
14	89	2034	2039	group
14	90	2040	2050	difference
14	91	2051	2052	-
14	92	2053	2056	234
14	93	2057	2058	.
14	94	2059	2060	0
14	95	2061	2062	h
14	96	2063	2064	·
14	97	2065	2067	mg
14	98	2068	2069	/
14	99	2070	2072	dL
14	100	2073	2074	[
14	101	2075	2076	-
14	102	2077	2079	13
14	103	2080	2081	.
14	104	2082	2083	0
14	105	2084	2085	h
14	106	2086	2087	·
14	107	2088	2092	mmol
14	108	2093	2094	/
14	109	2095	2096	L
14	110	2097	2098	]
14	111	2099	2100	,
14	112	2101	2103	95
14	113	2104	2105	%
14	114	2106	2116	confidence
14	115	2117	2125	interval
14	116	2126	2127	-
14	117	2128	2131	285
14	118	2132	2133	.
14	119	2134	2136	02
14	120	2137	2139	to
14	121	2140	2141	-
14	122	2142	2145	183
14	123	2146	2147	.
14	124	2148	2150	00
14	125	2151	2152	h
14	126	2153	2154	·
14	127	2155	2157	mg
14	128	2158	2159	/
14	129	2160	2162	dL
14	130	2163	2164	[
14	131	2165	2166	-
14	132	2167	2169	15
14	133	2170	2171	.
14	134	2172	2173	8
14	135	2174	2176	to
14	136	2177	2178	-
14	137	2179	2181	10
14	138	2182	2183	.
14	139	2184	2185	2
14	140	2186	2187	h
14	141	2188	2189	·
14	142	2190	2194	mmol
14	143	2195	2196	/
14	144	2197	2198	L
14	145	2199	2200	]
14	146	2201	2202	;
14	147	2203	2204	P
14	148	2205	2209	 < .
14	149	2210	2214	0001
14	150	2215	2216	)
14	151	2217	2218	.
#Text=Lixisenatide led to significantly greater LS mean reductions in maximum PPG excursion than sitagliptin (-122.4 vs -46.6 mg/dL [-6.8 vs -2.6 h·mmol/L]; P < .0001).
15	1	2219	2231	Lixisenatide
15	2	2232	2235	led
15	3	2236	2238	to
15	4	2239	2252	significantly
15	5	2253	2260	greater
15	6	2261	2263	LS
15	7	2264	2268	mean
15	8	2269	2279	reductions
15	9	2280	2282	in
15	10	2283	2290	maximum
15	11	2291	2294	PPG
15	12	2295	2304	excursion
15	13	2305	2309	than
15	14	2310	2321	sitagliptin
15	15	2322	2323	(
15	16	2324	2325	-
15	17	2326	2329	122
15	18	2330	2331	.
15	19	2332	2333	4
15	20	2334	2336	vs
15	21	2337	2338	-
15	22	2339	2341	46
15	23	2342	2343	.
15	24	2344	2345	6
15	25	2346	2348	mg
15	26	2349	2350	/
15	27	2351	2353	dL
15	28	2354	2355	[
15	29	2356	2357	-
15	30	2358	2359	6
15	31	2360	2361	.
15	32	2362	2363	8
15	33	2364	2366	vs
15	34	2367	2368	-
15	35	2369	2370	2
15	36	2371	2372	.
15	37	2373	2374	6
15	38	2375	2376	h
15	39	2377	2378	·
15	40	2379	2383	mmol
15	41	2384	2385	/
15	42	2386	2387	L
15	43	2388	2389	]
15	44	2390	2391	;
15	45	2392	2393	P
15	46	2394	2398	 < .
15	47	2399	2403	0001
15	48	2404	2405	)
15	49	2406	2407	.
#Text=Change-from-baseline reductions in exposure to C-peptide, fasting glycoalbumin levels, and the gastric emptying rate were greater in the lixisenatide than in the sitagliptin group.
16	1	2408	2414	Change
16	2	2415	2416	-
16	3	2417	2421	from
16	4	2422	2423	-
16	5	2424	2432	baseline
16	6	2433	2443	reductions
16	7	2444	2446	in
16	8	2447	2455	exposure
16	9	2456	2458	to
16	10	2459	2460	C
16	11	2461	2462	-
16	12	2463	2470	peptide
16	13	2471	2472	,
16	14	2473	2480	fasting
16	15	2481	2493	glycoalbumin
16	16	2494	2500	levels
16	17	2501	2502	,
16	18	2503	2506	and
16	19	2507	2510	the
16	20	2511	2518	gastric
16	21	2519	2527	emptying
16	22	2528	2532	rate
16	23	2533	2537	were
16	24	2538	2545	greater
16	25	2546	2548	in
16	26	2549	2552	the
16	27	2553	2565	lixisenatide
16	28	2566	2570	than
16	29	2571	2573	in
16	30	2574	2577	the
16	31	2578	2589	sitagliptin
16	32	2590	2595	group
16	33	2596	2597	.
#Text=The incidence of treatment-emergent adverse events was higher with lixisenatide (60.9%) than with sitagliptin (16.4%), with no serious events or severe hypoglycaemia reported.
17	1	2598	2601	The
17	2	2602	2611	incidence
17	3	2612	2614	of
17	4	2615	2624	treatment
17	5	2625	2626	-
17	6	2627	2635	emergent
17	7	2636	2643	adverse
17	8	2644	2650	events
17	9	2651	2654	was
17	10	2655	2661	higher
17	11	2662	2666	with
17	12	2667	2679	lixisenatide
17	13	2680	2681	(
17	14	2682	2684	60
17	15	2685	2686	.
17	16	2687	2688	9
17	17	2689	2690	%
17	18	2691	2692	)
17	19	2693	2697	than
17	20	2698	2702	with
17	21	2703	2714	sitagliptin
17	22	2715	2716	(
17	23	2717	2719	16
17	24	2720	2721	.
17	25	2722	2723	4
17	26	2724	2725	%
17	27	2726	2727	)
17	28	2728	2729	,
17	29	2730	2734	with
17	30	2735	2737	no
17	31	2738	2745	serious
17	32	2746	2752	events
17	33	2753	2755	or
17	34	2756	2762	severe
17	35	2763	2776	hypoglycaemia
17	36	2777	2785	reported
17	37	2786	2787	.
#Text=CONCLUSION: Lixisenatide reduced PPG significantly more than sitagliptin, when these agents were added to basal insulin glargine U100, and was well tolerated.
18	1	2788	2798	CONCLUSION
18	2	2799	2800	:
18	3	2801	2813	Lixisenatide
18	4	2814	2821	reduced
18	5	2822	2825	PPG
18	6	2826	2839	significantly
18	7	2840	2844	more
18	8	2845	2849	than
18	9	2850	2861	sitagliptin
18	10	2862	2863	,
18	11	2864	2868	when
18	12	2869	2874	these
18	13	2875	2881	agents
18	14	2882	2886	were
18	15	2887	2892	added
18	16	2893	2895	to
18	17	2896	2901	basal
18	18	2902	2909	insulin
18	19	2910	2918	glargine
18	20	2919	2923	U100
18	21	2924	2925	,
18	22	2926	2929	and
18	23	2930	2933	was
18	24	2934	2938	well
18	25	2939	2948	tolerated
18	26	2949	2950	.
#Text=© 2017 The Authors.
19	1	2951	2952	©
19	2	2953	2957	2017
19	3	2958	2961	The
19	4	2962	2969	Authors
19	5	2970	2971	.
#Text=Diabetes, Obesity and Metabolism published by John Wiley & Sons Ltd.  DOI: 10.1111/dom.12945  PMCID: PMC5573929 PMID: 28345162  [Indexed for MEDLINE]
20	1	2972	2980	Diabetes
20	2	2981	2982	,
20	3	2983	2990	Obesity
20	4	2991	2994	and
20	5	2995	3005	Metabolism
20	6	3006	3015	published
20	7	3016	3018	by
20	8	3019	3023	John
20	9	3024	3029	Wiley
20	10	3030	3031	&
20	11	3032	3036	Sons
20	12	3037	3040	Ltd
20	13	3041	3042	.
20	14	3043	3046	DOI
20	15	3047	3048	:
20	16	3049	3051	10
20	17	3052	3053	.
20	18	3054	3058	1111
20	19	3059	3060	/
20	20	3061	3064	dom
20	21	3065	3066	.
20	22	3067	3072	12945
20	23	3073	3078	PMCID
20	24	3079	3080	:
20	25	3081	3091	PMC5573929
20	26	3092	3096	PMID
20	27	3097	3098	:
20	28	3099	3107	28345162
20	29	3108	3109	[
20	30	3110	3117	Indexed
20	31	3118	3121	for
20	32	3122	3129	MEDLINE
20	33	3130	3131	]
