#Text=Diabet Med.
1	1	0	6	Diabet
1	2	7	10	Med
1	3	11	12	.
#Text=2005 May;22(5):634-40.
2	1	13	17	2005
2	2	18	21	May
2	3	22	23	;
2	4	24	26	22
2	5	27	28	(
2	6	29	30	5
2	7	31	32	)
2	8	33	34	:
2	9	35	38	634
2	10	39	40	-
2	11	41	43	40
2	12	44	45	.
#Text=Continuing metformin when starting insulin in patients with Type 2 diabetes: a double-blind randomized placebo-controlled trial.
3	1	46	56	Continuing
3	2	57	66	metformin
3	3	67	71	when
3	4	72	80	starting
3	5	81	88	insulin
3	6	89	91	in
3	7	92	100	patients
3	8	101	105	with
3	9	106	110	Type
3	10	111	112	2
3	11	113	121	diabetes
3	12	122	123	:
3	13	124	125	a
3	14	126	132	double
3	15	133	134	-
3	16	135	140	blind
3	17	141	151	randomized
3	18	152	159	placebo
3	19	160	161	-
3	20	162	172	controlled
3	21	173	178	trial
3	22	179	180	.
#Text=Douek IF(1), Allen SE, Ewings P, Gale EA, Bingley PJ; Metformin Trial Group.
4	1	181	186	Douek
4	2	187	189	IF
4	3	190	191	(
4	4	192	193	1
4	5	194	195	)
4	6	196	197	,
4	7	198	203	Allen
4	8	204	206	SE
4	9	207	208	,
4	10	209	215	Ewings
4	11	216	217	P
4	12	218	219	,
4	13	220	224	Gale
4	14	225	227	EA
4	15	228	229	,
4	16	230	237	Bingley
4	17	238	240	PJ
4	18	241	242	;
4	19	243	252	Metformin
4	20	253	258	Trial
4	21	259	264	Group
4	22	265	266	.
#Text=Author information:  (1)Diabetes and Metabolism, Division of Medicine, University of Bristol, Bristol, UK.
5	1	267	273	Author
5	2	274	285	information
5	3	286	287	:
5	4	288	289	(
5	5	290	291	1
5	6	292	293	)
5	7	294	302	Diabetes
5	8	303	306	and
5	9	307	317	Metabolism
5	10	318	319	,
5	11	320	328	Division
5	12	329	331	of
5	13	332	340	Medicine
5	14	341	342	,
5	15	343	353	University
5	16	354	356	of
5	17	357	364	Bristol
5	18	365	366	,
5	19	367	374	Bristol
5	20	375	376	,
5	21	377	379	UK
5	22	380	381	.
#Text=AIMS: To test the effect of continuing metformin on weight gain and glycaemic control in patients with poorly controlled Type 2 diabetes who need to start insulin.
6	1	382	386	AIMS
6	2	387	388	:
6	3	389	391	To
6	4	392	396	test
6	5	397	400	the
6	6	401	407	effect
6	7	408	410	of
6	8	411	421	continuing
6	9	422	431	metformin
6	10	432	434	on
6	11	435	441	weight
6	12	442	446	gain
6	13	447	450	and
6	14	451	460	glycaemic
6	15	461	468	control
6	16	469	471	in
6	17	472	480	patients
6	18	481	485	with
6	19	486	492	poorly
6	20	493	503	controlled
6	21	504	508	Type
6	22	509	510	2
6	23	511	519	diabetes
6	24	520	523	who
6	25	524	528	need
6	26	529	531	to
6	27	532	537	start
6	28	538	545	insulin
6	29	546	547	.
#Text=METHODS: Patients with Type 2 diabetes on maximum tolerated oral agents referred  for insulin conversion were recruited from hospital diabetes clinics into a double-blind randomized placebo-controlled trial.
7	1	548	555	METHODS
7	2	556	557	:
7	3	558	566	Patients
7	4	567	571	with
7	5	572	576	Type
7	6	577	578	2
7	7	579	587	diabetes
7	8	588	590	on
7	9	591	598	maximum
7	10	599	608	tolerated
7	11	609	613	oral
7	12	614	620	agents
7	13	621	629	referred
7	14	630	633	for
7	15	634	641	insulin
7	16	642	652	conversion
7	17	653	657	were
7	18	658	667	recruited
7	19	668	672	from
7	20	673	681	hospital
7	21	682	690	diabetes
7	22	691	698	clinics
7	23	699	703	into
7	24	704	705	a
7	25	706	712	double
7	26	713	714	-
7	27	715	720	blind
7	28	721	731	randomized
7	29	732	739	placebo
7	30	740	741	-
7	31	742	752	controlled
7	32	753	758	trial
7	33	759	760	.
#Text=The 183 participants received metformin or placebo, titrated up to 2 g a day or maximum tolerated dose, with insulin started according to local practice.
8	1	761	764	The
8	2	765	768	183
8	3	769	781	participants
8	4	782	790	received
8	5	791	800	metformin
8	6	801	803	or
8	7	804	811	placebo
8	8	812	813	,
8	9	814	822	titrated
8	10	823	825	up
8	11	826	828	to
8	12	829	830	2
8	13	831	832	g
8	14	833	834	a
8	15	835	838	day
8	16	839	841	or
8	17	842	849	maximum
8	18	850	859	tolerated
8	19	860	864	dose
8	20	865	866	,
8	21	867	871	with
8	22	872	879	insulin
8	23	880	887	started
8	24	888	897	according
8	25	898	900	to
8	26	901	906	local
8	27	907	915	practice
8	28	916	917	.
#Text=The main outcome measures were weight change over 12 months, HbA1c, insulin dose, frequency of hypoglycaemia, treatment satisfaction, and well-being.
9	1	918	921	The
9	2	922	926	main
9	3	927	934	outcome
9	4	935	943	measures
9	5	944	948	were
9	6	949	955	weight
9	7	956	962	change
9	8	963	967	over
9	9	968	970	12
9	10	971	977	months
9	11	978	979	,
9	12	980	985	HbA1c
9	13	986	987	,
9	14	988	995	insulin
9	15	996	1000	dose
9	16	1001	1002	,
9	17	1003	1012	frequency
9	18	1013	1015	of
9	19	1016	1029	hypoglycaemia
9	20	1030	1031	,
9	21	1032	1041	treatment
9	22	1042	1054	satisfaction
9	23	1055	1056	,
9	24	1057	1060	and
9	25	1061	1065	well
9	26	1066	1067	-
9	27	1068	1073	being
9	28	1074	1075	.
#Text=RESULTS: Over 12 months, metformin was associated with less weight gain than placebo [mean 6.1 kg vs. 7.6 kg; adjusted difference 1.5 kg (95% confidence interval 0.2-2.9); P=0.02], a greater reduction in HbA1c[1.5% vs. 1.3%; adjusted  difference 0.5% (0.1-0.9); P=0.02] and a lower insulin requirement [62 units vs.  86; adjusted difference 25 units (15-34); P<0.001], but also more hypoglycaemia [relative risk of any episode 1.24 (1.02-1.1); P=0.03].
10	1	1076	1083	RESULTS
10	2	1084	1085	:
10	3	1086	1090	Over
10	4	1091	1093	12
10	5	1094	1100	months
10	6	1101	1102	,
10	7	1103	1112	metformin
10	8	1113	1116	was
10	9	1117	1127	associated
10	10	1128	1132	with
10	11	1133	1137	less
10	12	1138	1144	weight
10	13	1145	1149	gain
10	14	1150	1154	than
10	15	1155	1162	placebo
10	16	1163	1164	[
10	17	1165	1169	mean
10	18	1170	1171	6
10	19	1172	1173	.
10	20	1174	1175	1
10	21	1176	1178	kg
10	22	1179	1181	vs
10	23	1182	1183	.
10	24	1184	1185	7
10	25	1186	1187	.
10	26	1188	1189	6
10	27	1190	1192	kg
10	28	1193	1194	;
10	29	1195	1203	adjusted
10	30	1204	1214	difference
10	31	1215	1216	1
10	32	1217	1218	.
10	33	1219	1220	5
10	34	1221	1223	kg
10	35	1224	1225	(
10	36	1226	1228	95
10	37	1229	1230	%
10	38	1231	1241	confidence
10	39	1242	1250	interval
10	40	1251	1252	0
10	41	1253	1254	.
10	42	1255	1256	2
10	43	1257	1258	-
10	44	1259	1260	2
10	45	1261	1262	.
10	46	1263	1264	9
10	47	1265	1266	)
10	48	1267	1268	;
10	49	1269	1270	P
10	50	1271	1272	=
10	51	1273	1274	0
10	52	1275	1276	.
10	53	1277	1279	02
10	54	1280	1281	]
10	55	1282	1283	,
10	56	1284	1285	a
10	57	1286	1293	greater
10	58	1294	1303	reduction
10	59	1304	1306	in
10	60	1307	1312	HbA1c
10	61	1313	1314	[
10	62	1315	1316	1
10	63	1317	1318	.
10	64	1319	1320	5
10	65	1321	1322	%
10	66	1323	1325	vs
10	67	1326	1327	.
10	68	1328	1329	1
10	69	1330	1331	.
10	70	1332	1333	3
10	71	1334	1335	%
10	72	1336	1337	;
10	73	1338	1346	adjusted
10	74	1347	1357	difference
10	75	1358	1359	0
10	76	1360	1361	.
10	77	1362	1363	5
10	78	1364	1365	%
10	79	1366	1367	(
10	80	1368	1369	0
10	81	1370	1371	.
10	82	1372	1373	1
10	83	1374	1375	-
10	84	1376	1377	0
10	85	1378	1379	.
10	86	1380	1381	9
10	87	1382	1383	)
10	88	1384	1385	;
10	89	1386	1387	P
10	90	1388	1389	=
10	91	1390	1391	0
10	92	1392	1393	.
10	93	1394	1396	02
10	94	1397	1398	]
10	95	1399	1402	and
10	96	1403	1404	a
10	97	1405	1410	lower
10	98	1411	1418	insulin
10	99	1419	1430	requirement
10	100	1431	1432	[
10	101	1433	1435	62
10	102	1436	1441	units
10	103	1442	1444	vs
10	104	1445	1446	.
10	105	1447	1449	86
10	106	1450	1451	;
10	107	1452	1460	adjusted
10	108	1461	1471	difference
10	109	1472	1474	25
10	110	1475	1480	units
10	111	1481	1482	(
10	112	1483	1485	15
10	113	1486	1487	-
10	114	1488	1490	34
10	115	1491	1492	)
10	116	1493	1494	;
10	117	1495	1496	P
10	118	1497	1498	<
10	119	1499	1500	0
10	120	1501	1502	.
10	121	1503	1506	001
10	122	1507	1508	]
10	123	1509	1510	,
10	124	1511	1514	but
10	125	1515	1519	also
10	126	1520	1524	more
10	127	1525	1538	hypoglycaemia
10	128	1539	1540	[
10	129	1541	1549	relative
10	130	1550	1554	risk
10	131	1555	1557	of
10	132	1558	1561	any
10	133	1562	1569	episode
10	134	1570	1571	1
10	135	1572	1573	.
10	136	1574	1576	24
10	137	1577	1578	(
10	138	1579	1580	1
10	139	1581	1582	.
10	140	1583	1585	02
10	141	1586	1587	-
10	142	1588	1589	1
10	143	1590	1591	.
10	144	1592	1593	1
10	145	1594	1595	)
10	146	1596	1597	;
10	147	1598	1599	P
10	148	1600	1601	=
10	149	1602	1603	0
10	150	1604	1605	.
10	151	1606	1608	03
10	152	1609	1610	]
10	153	1611	1612	.
#Text=Treatment satisfaction improved more in patients on metformin than on placebo (P<0.001), as did the positive well-being score (P=0.02).
11	1	1613	1622	Treatment
11	2	1623	1635	satisfaction
11	3	1636	1644	improved
11	4	1645	1649	more
11	5	1650	1652	in
11	6	1653	1661	patients
11	7	1662	1664	on
11	8	1665	1674	metformin
11	9	1675	1679	than
11	10	1680	1682	on
11	11	1683	1690	placebo
11	12	1691	1692	(
11	13	1693	1694	P
11	14	1695	1696	<
11	15	1697	1698	0
11	16	1699	1700	.
11	17	1701	1704	001
11	18	1705	1706	)
11	19	1707	1708	,
11	20	1709	1711	as
11	21	1712	1715	did
11	22	1716	1719	the
11	23	1720	1728	positive
11	24	1729	1733	well
11	25	1734	1735	-
11	26	1736	1741	being
11	27	1742	1747	score
11	28	1748	1749	(
11	29	1750	1751	P
11	30	1752	1753	=
11	31	1754	1755	0
11	32	1756	1757	.
11	33	1758	1760	02
11	34	1761	1762	)
11	35	1763	1764	.
#Text=CONCLUSIONS: Metformin decreases weight gain, lowers insulin requirement, and improves glycaemic control, and should be continued in patients with Type 2 diabetes who transfer to insulin.
12	1	1765	1776	CONCLUSIONS
12	2	1777	1778	:
12	3	1779	1788	Metformin
12	4	1789	1798	decreases
12	5	1799	1805	weight
12	6	1806	1810	gain
12	7	1811	1812	,
12	8	1813	1819	lowers
12	9	1820	1827	insulin
12	10	1828	1839	requirement
12	11	1840	1841	,
12	12	1842	1845	and
12	13	1846	1854	improves
12	14	1855	1864	glycaemic
12	15	1865	1872	control
12	16	1873	1874	,
12	17	1875	1878	and
12	18	1879	1885	should
12	19	1886	1888	be
12	20	1889	1898	continued
12	21	1899	1901	in
12	22	1902	1910	patients
12	23	1911	1915	with
12	24	1916	1920	Type
12	25	1921	1922	2
12	26	1923	1931	diabetes
12	27	1932	1935	who
12	28	1936	1944	transfer
12	29	1945	1947	to
12	30	1948	1955	insulin
12	31	1956	1957	.
#Text=DOI: 10.1111/j.1464-5491.2005.01475.x  PMID: 15842521  [Indexed for MEDLINE]
13	1	1958	1961	DOI
13	2	1962	1963	:
13	3	1964	1966	10
13	4	1967	1968	.
13	5	1969	1973	1111
13	6	1974	1975	/
13	7	1976	1977	j
13	8	1978	1979	.
13	9	1980	1984	1464
13	10	1985	1986	-
13	11	1987	1991	5491
13	12	1992	1993	.
13	13	1994	1998	2005
13	14	1999	2000	.
13	15	2001	2006	01475
13	16	2007	2008	.
13	17	2009	2010	x
13	18	2011	2015	PMID
13	19	2016	2017	:
13	20	2018	2026	15842521
13	21	2027	2028	[
13	22	2029	2036	Indexed
13	23	2037	2040	for
13	24	2041	2048	MEDLINE
13	25	2049	2050	]
