#Text=Open Access Maced J Med Sci.
1	1	0	4	Open
1	2	5	11	Access
1	3	12	17	Maced
1	4	18	19	J
1	5	20	23	Med
1	6	24	27	Sci
1	7	28	29	.
#Text=2017 Dec 12;5(7):955-962. doi: 10.3889/oamjms.2017.193.
2	1	30	34	2017
2	2	35	38	Dec
2	3	39	41	12
2	4	42	43	;
2	5	44	45	5
2	6	46	47	(
2	7	48	49	7
2	8	50	51	)
2	9	52	53	:
2	10	54	57	955
2	11	58	59	-
2	12	60	63	962
2	13	64	65	.
2	14	66	69	doi
2	15	70	71	:
2	16	72	74	10
2	17	75	76	.
2	18	77	81	3889
2	19	82	83	/
2	20	84	90	oamjms
2	21	91	92	.
2	22	93	97	2017
2	23	98	99	.
2	24	100	103	193
2	25	104	105	.
#Text=eCollection 2017 Dec 15.
3	1	106	117	eCollection
3	2	118	122	2017
3	3	123	126	Dec
3	4	127	129	15
3	5	130	131	.
#Text=Comparative Study on Adding Pioglitazone or Sitagliptin to Patients with Type 2 Diabetes Mellitus Insufficiently Controlled With Metformin.
4	1	132	143	Comparative
4	2	144	149	Study
4	3	150	152	on
4	4	153	159	Adding
4	5	160	172	Pioglitazone
4	6	173	175	or
4	7	176	187	Sitagliptin
4	8	188	190	to
4	9	191	199	Patients
4	10	200	204	with
4	11	205	209	Type
4	12	210	211	2
4	13	212	220	Diabetes
4	14	221	229	Mellitus
4	15	230	244	Insufficiently
4	16	245	255	Controlled
4	17	256	260	With
4	18	261	270	Metformin
4	19	271	272	.
#Text=Jameshorani M(1), Sayari S(1), Kiahashemi N(1), Motamed N(2).
5	1	273	284	Jameshorani
5	2	285	286	M
5	3	287	288	(
5	4	289	290	1
5	5	291	292	)
5	6	293	294	,
5	7	295	301	Sayari
5	8	302	303	S
5	9	304	305	(
5	10	306	307	1
5	11	308	309	)
5	12	310	311	,
5	13	312	322	Kiahashemi
5	14	323	324	N
5	15	325	326	(
5	16	327	328	1
5	17	329	330	)
5	18	331	332	,
5	19	333	340	Motamed
5	20	341	342	N
5	21	343	344	(
5	22	345	346	2
5	23	347	348	)
5	24	349	350	.
#Text=Author information:  (1)Zanjan Metabolic Disease Research Center (ZMDR), Vali-e-asr Hospital, Zanjan University of Medical Science (ZUMS), Zanjan, Iran.
6	1	351	357	Author
6	2	358	369	information
6	3	370	371	:
6	4	372	373	(
6	5	374	375	1
6	6	376	377	)
6	7	378	384	Zanjan
6	8	385	394	Metabolic
6	9	395	402	Disease
6	10	403	411	Research
6	11	412	418	Center
6	12	419	420	(
6	13	421	425	ZMDR
6	14	426	427	)
6	15	428	429	,
6	16	430	434	Vali
6	17	435	436	-
6	18	437	438	e
6	19	439	440	-
6	20	441	444	asr
6	21	445	453	Hospital
6	22	454	455	,
6	23	456	462	Zanjan
6	24	463	473	University
6	25	474	476	of
6	26	477	484	Medical
6	27	485	492	Science
6	28	493	494	(
6	29	495	499	ZUMS
6	30	500	501	)
6	31	502	503	,
6	32	504	510	Zanjan
6	33	511	512	,
6	34	513	517	Iran
6	35	518	519	.
#Text=(2)Department of Epidemiology, Zanjan University of Medical Science (ZUMS), Zanjan, Iran.
7	1	520	521	(
7	2	522	523	2
7	3	524	525	)
7	4	526	536	Department
7	5	537	539	of
7	6	540	552	Epidemiology
7	7	553	554	,
7	8	555	561	Zanjan
7	9	562	572	University
7	10	573	575	of
7	11	576	583	Medical
7	12	584	591	Science
7	13	592	593	(
7	14	594	598	ZUMS
7	15	599	600	)
7	16	601	602	,
7	17	603	609	Zanjan
7	18	610	611	,
7	19	612	616	Iran
7	20	617	618	.
#Text=BACKGROUND: Diabetes mellitus is a progressive disorder that often requires combination therapy.
8	1	619	629	BACKGROUND
8	2	630	631	:
8	3	632	640	Diabetes
8	4	641	649	mellitus
8	5	650	652	is
8	6	653	654	a
8	7	655	666	progressive
8	8	667	675	disorder
8	9	676	680	that
8	10	681	686	often
8	11	687	695	requires
8	12	696	707	combination
8	13	708	715	therapy
8	14	716	717	.
#Text=AIM: This study aimed to compare and study of add-on sitagliptin versus pioglitazone in patients with type 2 diabetes inadequately controlled with metformin.
9	1	718	721	AIM
9	2	722	723	:
9	3	724	728	This
9	4	729	734	study
9	5	735	740	aimed
9	6	741	743	to
9	7	744	751	compare
9	8	752	755	and
9	9	756	761	study
9	10	762	764	of
9	11	765	768	add
9	12	769	770	-
9	13	771	773	on
9	14	774	785	sitagliptin
9	15	786	792	versus
9	16	793	805	pioglitazone
9	17	806	808	in
9	18	809	817	patients
9	19	818	822	with
9	20	823	827	type
9	21	828	829	2
9	22	830	838	diabetes
9	23	839	851	inadequately
9	24	852	862	controlled
9	25	863	867	with
9	26	868	877	metformin
9	27	878	879	.
#Text=METHODS: This 12-week, randomised, open-label and single centre study compared sitagliptin (100 mg daily, n = 80) and pioglitazone (30 mg daily, n = 80) in type 2 diabetic patients whose disease was not adequately controlled with metformin.
10	1	880	887	METHODS
10	2	888	889	:
10	3	890	894	This
10	4	895	897	12
10	5	898	899	-
10	6	900	904	week
10	7	905	906	,
10	8	907	917	randomised
10	9	918	919	,
10	10	920	924	open
10	11	925	926	-
10	12	927	932	label
10	13	933	936	and
10	14	937	943	single
10	15	944	950	centre
10	16	951	956	study
10	17	957	965	compared
10	18	966	977	sitagliptin
10	19	978	979	(
10	20	980	983	100
10	21	984	986	mg
10	22	987	992	daily
10	23	993	994	,
10	24	995	996	n
10	25	997	998	=
10	26	999	1001	80
10	27	1002	1003	)
10	28	1004	1007	and
10	29	1008	1020	pioglitazone
10	30	1021	1022	(
10	31	1023	1025	30
10	32	1026	1028	mg
10	33	1029	1034	daily
10	34	1035	1036	,
10	35	1037	1038	n
10	36	1039	1040	=
10	37	1041	1043	80
10	38	1044	1045	)
10	39	1046	1048	in
10	40	1049	1053	type
10	41	1054	1055	2
10	42	1056	1064	diabetic
10	43	1065	1073	patients
10	44	1074	1079	whose
10	45	1080	1087	disease
10	46	1088	1091	was
10	47	1092	1095	not
10	48	1096	1106	adequately
10	49	1107	1117	controlled
10	50	1118	1122	with
10	51	1123	1132	metformin
10	52	1133	1134	.
#Text=RESULTS: The mean change in HbA1c from baseline was -1.001 ± 0.83 with sitagliptin and -0.75 ± 1.20 with pioglitazone, and there were no significant difference between groups (P = 0.132).
11	1	1135	1142	RESULTS
11	2	1143	1144	:
11	3	1145	1148	The
11	4	1149	1153	mean
11	5	1154	1160	change
11	6	1161	1163	in
11	7	1164	1169	HbA1c
11	8	1170	1174	from
11	9	1175	1183	baseline
11	10	1184	1187	was
11	11	1188	1189	-
11	12	1190	1191	1
11	13	1192	1193	.
11	14	1194	1197	001
11	15	1198	1199	±
11	16	1200	1201	0
11	17	1202	1203	.
11	18	1204	1206	83
11	19	1207	1211	with
11	20	1212	1223	sitagliptin
11	21	1224	1227	and
11	22	1228	1229	-
11	23	1230	1231	0
11	24	1232	1233	.
11	25	1234	1236	75
11	26	1237	1238	±
11	27	1239	1240	1
11	28	1241	1242	.
11	29	1243	1245	20
11	30	1246	1250	with
11	31	1251	1263	pioglitazone
11	32	1264	1265	,
11	33	1266	1269	and
11	34	1270	1275	there
11	35	1276	1280	were
11	36	1281	1283	no
11	37	1284	1295	significant
11	38	1296	1306	difference
11	39	1307	1314	between
11	40	1315	1321	groups
11	41	1322	1323	(
11	42	1324	1325	P
11	43	1326	1327	=
11	44	1328	1329	0
11	45	1330	1331	.
11	46	1332	1335	132
11	47	1336	1337	)
11	48	1338	1339	.
#Text=The mean change in fasting blood sugar (FBS) was -18.48 ± 33.32 mg/dl with sitagliptin and -20.53 ± 53.97 mg/dl with pioglitazone, and there were no significant difference between groups (P = 0.773).
12	1	1340	1343	The
12	2	1344	1348	mean
12	3	1349	1355	change
12	4	1356	1358	in
12	5	1359	1366	fasting
12	6	1367	1372	blood
12	7	1373	1378	sugar
12	8	1379	1380	(
12	9	1381	1384	FBS
12	10	1385	1386	)
12	11	1387	1390	was
12	12	1391	1392	-
12	13	1393	1395	18
12	14	1396	1397	.
12	15	1398	1400	48
12	16	1401	1402	±
12	17	1403	1405	33
12	18	1406	1407	.
12	19	1408	1410	32
12	20	1411	1413	mg
12	21	1414	1415	/
12	22	1416	1418	dl
12	23	1419	1423	with
12	24	1424	1435	sitagliptin
12	25	1436	1439	and
12	26	1440	1441	-
12	27	1442	1444	20
12	28	1445	1446	.
12	29	1447	1449	53
12	30	1450	1451	±
12	31	1452	1454	53
12	32	1455	1456	.
12	33	1457	1459	97
12	34	1460	1462	mg
12	35	1463	1464	/
12	36	1465	1467	dl
12	37	1468	1472	with
12	38	1473	1485	pioglitazone
12	39	1486	1487	,
12	40	1488	1491	and
12	41	1492	1497	there
12	42	1498	1502	were
12	43	1503	1505	no
12	44	1506	1517	significant
12	45	1518	1528	difference
12	46	1529	1536	between
12	47	1537	1543	groups
12	48	1544	1545	(
12	49	1546	1547	P
12	50	1548	1549	=
12	51	1550	1551	0
12	52	1552	1553	.
12	53	1554	1557	773
12	54	1558	1559	)
12	55	1560	1561	.
#Text=Sitagliptin caused 1.08 ± 2.39 kg decrease in weight, whereas pioglitazone caused 0.27 ± 2.42 kg increase in weight, with a between-group difference of 0.81 kg (P < 0.001).
13	1	1562	1573	Sitagliptin
13	2	1574	1580	caused
13	3	1581	1582	1
13	4	1583	1584	.
13	5	1585	1587	08
13	6	1588	1589	±
13	7	1590	1591	2
13	8	1592	1593	.
13	9	1594	1596	39
13	10	1597	1599	kg
13	11	1600	1608	decrease
13	12	1609	1611	in
13	13	1612	1618	weight
13	14	1619	1620	,
13	15	1621	1628	whereas
13	16	1629	1641	pioglitazone
13	17	1642	1648	caused
13	18	1649	1650	0
13	19	1651	1652	.
13	20	1653	1655	27
13	21	1656	1657	±
13	22	1658	1659	2
13	23	1660	1661	.
13	24	1662	1664	42
13	25	1665	1667	kg
13	26	1668	1676	increase
13	27	1677	1679	in
13	28	1680	1686	weight
13	29	1687	1688	,
13	30	1689	1693	with
13	31	1694	1695	a
13	32	1696	1703	between
13	33	1704	1705	-
13	34	1706	1711	group
13	35	1712	1722	difference
13	36	1723	1725	of
13	37	1726	1727	0
13	38	1728	1729	.
13	39	1730	1732	81
13	40	1733	1735	kg
13	41	1736	1737	(
13	42	1738	1739	P
13	43	1740	1741	<
13	44	1742	1743	0
13	45	1744	1745	.
13	46	1746	1749	001
13	47	1750	1751	)
13	48	1752	1753	.
#Text=On the other hand, in sitagliptin group, there was greater improvement in lipid profile than pioglitazone group.
14	1	1754	1756	On
14	2	1757	1760	the
14	3	1761	1766	other
14	4	1767	1771	hand
14	5	1772	1773	,
14	6	1774	1776	in
14	7	1777	1788	sitagliptin
14	8	1789	1794	group
14	9	1795	1796	,
14	10	1797	1802	there
14	11	1803	1806	was
14	12	1807	1814	greater
14	13	1815	1826	improvement
14	14	1827	1829	in
14	15	1830	1835	lipid
14	16	1836	1843	profile
14	17	1844	1848	than
14	18	1849	1861	pioglitazone
14	19	1862	1867	group
14	20	1868	1869	.
#Text=CONCLUSION: Sitagliptin and Pioglitazone demonstrated similar improvements in glycemic control in type 2 diabetes mellitus patients whose diabetes had been inadequately controlled with metformin.
15	1	1870	1880	CONCLUSION
15	2	1881	1882	:
15	3	1883	1894	Sitagliptin
15	4	1895	1898	and
15	5	1899	1911	Pioglitazone
15	6	1912	1924	demonstrated
15	7	1925	1932	similar
15	8	1933	1945	improvements
15	9	1946	1948	in
15	10	1949	1957	glycemic
15	11	1958	1965	control
15	12	1966	1968	in
15	13	1969	1973	type
15	14	1974	1975	2
15	15	1976	1984	diabetes
15	16	1985	1993	mellitus
15	17	1994	2002	patients
15	18	2003	2008	whose
15	19	2009	2017	diabetes
15	20	2018	2021	had
15	21	2022	2026	been
15	22	2027	2039	inadequately
15	23	2040	2050	controlled
15	24	2051	2055	with
15	25	2056	2065	metformin
15	26	2066	2067	.
#Text=Nevertheless, sitagliptin was more effective than pioglitazone regarding lipid and body weight change.
16	1	2068	2080	Nevertheless
16	2	2081	2082	,
16	3	2083	2094	sitagliptin
16	4	2095	2098	was
16	5	2099	2103	more
16	6	2104	2113	effective
16	7	2114	2118	than
16	8	2119	2131	pioglitazone
16	9	2132	2141	regarding
16	10	2142	2147	lipid
16	11	2148	2151	and
16	12	2152	2156	body
16	13	2157	2163	weight
16	14	2164	2170	change
16	15	2171	2172	.
#Text=DOI: 10.3889/oamjms.2017.193  PMCID: PMC5771302 PMID: 29362626
17	1	2173	2176	DOI
17	2	2177	2178	:
17	3	2179	2181	10
17	4	2182	2183	.
17	5	2184	2188	3889
17	6	2189	2190	/
17	7	2191	2197	oamjms
17	8	2198	2199	.
17	9	2200	2204	2017
17	10	2205	2206	.
17	11	2207	2210	193
17	12	2211	2216	PMCID
17	13	2217	2218	:
17	14	2219	2229	PMC5771302
17	15	2230	2234	PMID
17	16	2235	2236	:
17	17	2237	2245	29362626
