#Text=Diabetes Care.
1	1	0	8	Diabetes
1	2	9	13	Care
1	3	14	15	.
#Text=2013 Sep;36(9):2489-96. doi: 10.2337/dc12-2454.
2	1	16	20	2013
2	2	21	24	Sep
2	3	25	26	;
2	4	27	29	36
2	5	30	31	(
2	6	32	33	9
2	7	34	35	)
2	8	36	37	:
2	9	38	42	2489
2	10	43	44	-
2	11	45	47	96
2	12	48	49	.
2	13	50	53	doi
2	14	54	55	:
2	15	56	58	10
2	16	59	60	.
2	17	61	65	2337
2	18	66	67	/
2	19	68	72	dc12
2	20	73	74	-
2	21	75	79	2454
2	22	80	81	.
#Text=Epub 2013 Apr 29.
3	1	82	86	Epub
3	2	87	91	2013
3	3	92	95	Apr
3	4	96	98	29
3	5	99	100	.
#Text=Adding once-daily lixisenatide for type 2 diabetes inadequately controlled by established basal insulin: a 24-week, randomized, placebo-controlled comparison (GetGoal-L).
4	1	101	107	Adding
4	2	108	112	once
4	3	113	114	-
4	4	115	120	daily
4	5	121	133	lixisenatide
4	6	134	137	for
4	7	138	142	type
4	8	143	144	2
4	9	145	153	diabetes
4	10	154	166	inadequately
4	11	167	177	controlled
4	12	178	180	by
4	13	181	192	established
4	14	193	198	basal
4	15	199	206	insulin
4	16	207	208	:
4	17	209	210	a
4	18	211	213	24
4	19	214	215	-
4	20	216	220	week
4	21	221	222	,
4	22	223	233	randomized
4	23	234	235	,
4	24	236	243	placebo
4	25	244	245	-
4	26	246	256	controlled
4	27	257	267	comparison
4	28	268	269	(
4	29	270	277	GetGoal
4	30	278	279	-
4	31	280	281	L
4	32	282	283	)
4	33	284	285	.
#Text=Riddle MC(1), Aronson R, Home P, Marre M, Niemoeller E, Miossec P, Ping L, Ye J,  Rosenstock J.
5	1	286	292	Riddle
5	2	293	295	MC
5	3	296	297	(
5	4	298	299	1
5	5	300	301	)
5	6	302	303	,
5	7	304	311	Aronson
5	8	312	313	R
5	9	314	315	,
5	10	316	320	Home
5	11	321	322	P
5	12	323	324	,
5	13	325	330	Marre
5	14	331	332	M
5	15	333	334	,
5	16	335	345	Niemoeller
5	17	346	347	E
5	18	348	349	,
5	19	350	357	Miossec
5	20	358	359	P
5	21	360	361	,
5	22	362	366	Ping
5	23	367	368	L
5	24	369	370	,
5	25	371	373	Ye
5	26	374	375	J
5	27	376	377	,
5	28	378	388	Rosenstock
5	29	389	390	J
5	30	391	392	.
#Text=Author information:  (1)Oregon Health & Science University, Portland, Oregon, USA.
6	1	393	399	Author
6	2	400	411	information
6	3	412	413	:
6	4	414	415	(
6	5	416	417	1
6	6	418	419	)
6	7	420	426	Oregon
6	8	427	433	Health
6	9	434	435	&
6	10	436	443	Science
6	11	444	454	University
6	12	455	456	,
6	13	457	465	Portland
6	14	466	467	,
6	15	468	474	Oregon
6	16	475	476	,
6	17	477	480	USA
6	18	481	482	.
#Text=riddlem@ohsu.edu  OBJECTIVE: To examine the efficacy and safety of adding the once-daily glucagon-like peptide-1 receptor agonist (GLP-1RA) lixisenatide to established basal insulin therapy alone or together with metformin, in people with type 2 diabetes and elevated glycated hemoglobin (HbA1c).
7	1	483	490	riddlem
7	2	491	492	@
7	3	493	497	ohsu
7	4	498	499	.
7	5	500	503	edu
7	6	504	513	OBJECTIVE
7	7	514	515	:
7	8	516	518	To
7	9	519	526	examine
7	10	527	530	the
7	11	531	539	efficacy
7	12	540	543	and
7	13	544	550	safety
7	14	551	553	of
7	15	554	560	adding
7	16	561	564	the
7	17	565	569	once
7	18	570	571	-
7	19	572	577	daily
7	20	578	586	glucagon
7	21	587	588	-
7	22	589	593	like
7	23	594	601	peptide
7	24	602	603	-
7	25	604	605	1
7	26	606	614	receptor
7	27	615	622	agonist
7	28	623	624	(
7	29	625	628	GLP
7	30	629	630	-
7	31	631	634	1RA
7	32	635	636	)
7	33	637	649	lixisenatide
7	34	650	652	to
7	35	653	664	established
7	36	665	670	basal
7	37	671	678	insulin
7	38	679	686	therapy
7	39	687	692	alone
7	40	693	695	or
7	41	696	704	together
7	42	705	709	with
7	43	710	719	metformin
7	44	720	721	,
7	45	722	724	in
7	46	725	731	people
7	47	732	736	with
7	48	737	741	type
7	49	742	743	2
7	50	744	752	diabetes
7	51	753	756	and
7	52	757	765	elevated
7	53	766	774	glycated
7	54	775	785	hemoglobin
7	55	786	787	(
7	56	788	793	HbA1c
7	57	794	795	)
7	58	796	797	.
#Text=RESEARCH DESIGN AND METHODS: We conducted a double-blind, parallel-group, placebo-controlled trial.
8	1	798	806	RESEARCH
8	2	807	813	DESIGN
8	3	814	817	AND
8	4	818	825	METHODS
8	5	826	827	:
8	6	828	830	We
8	7	831	840	conducted
8	8	841	842	a
8	9	843	849	double
8	10	850	851	-
8	11	852	857	blind
8	12	858	859	,
8	13	860	868	parallel
8	14	869	870	-
8	15	871	876	group
8	16	877	878	,
8	17	879	886	placebo
8	18	887	888	-
8	19	889	899	controlled
8	20	900	905	trial
8	21	906	907	.
#Text=Patients (n = 495) with established basal insulin therapy but inadequate glycemic control were randomized to add lixisenatide 20 μg or placebo for 24 weeks.
9	1	908	916	Patients
9	2	917	918	(
9	3	919	920	n
9	4	921	922	=
9	5	923	926	495
9	6	927	928	)
9	7	929	933	with
9	8	934	945	established
9	9	946	951	basal
9	10	952	959	insulin
9	11	960	967	therapy
9	12	968	971	but
9	13	972	982	inadequate
9	14	983	991	glycemic
9	15	992	999	control
9	16	1000	1004	were
9	17	1005	1015	randomized
9	18	1016	1018	to
9	19	1019	1022	add
9	20	1023	1035	lixisenatide
9	21	1036	1038	20
9	22	1039	1040	μ
9	23	1041	1042	g
9	24	1043	1045	or
9	25	1046	1053	placebo
9	26	1054	1057	for
9	27	1058	1060	24
9	28	1061	1066	weeks
9	29	1067	1068	.
#Text=Basal insulin dosage was unchanged except to limit hypoglycemia.
10	1	1069	1074	Basal
10	2	1075	1082	insulin
10	3	1083	1089	dosage
10	4	1090	1093	was
10	5	1094	1103	unchanged
10	6	1104	1110	except
10	7	1111	1113	to
10	8	1114	1119	limit
10	9	1120	1132	hypoglycemia
10	10	1133	1134	.
#Text=HbA1c reduction from baseline was the primary end point.
11	1	1135	1140	HbA1c
11	2	1141	1150	reduction
11	3	1151	1155	from
11	4	1156	1164	baseline
11	5	1165	1168	was
11	6	1169	1172	the
11	7	1173	1180	primary
11	8	1181	1184	end
11	9	1185	1190	point
11	10	1191	1192	.
#Text=RESULTS: Mean duration of diabetes was 12.5 years, duration of insulin use was 3.1 years, insulin dosage was 55 units/day, and baseline HbA1c was 8.4%.
12	1	1193	1200	RESULTS
12	2	1201	1202	:
12	3	1203	1207	Mean
12	4	1208	1216	duration
12	5	1217	1219	of
12	6	1220	1228	diabetes
12	7	1229	1232	was
12	8	1233	1235	12
12	9	1236	1237	.
12	10	1238	1239	5
12	11	1240	1245	years
12	12	1246	1247	,
12	13	1248	1256	duration
12	14	1257	1259	of
12	15	1260	1267	insulin
12	16	1268	1271	use
12	17	1272	1275	was
12	18	1276	1277	3
12	19	1278	1279	.
12	20	1280	1281	1
12	21	1282	1287	years
12	22	1288	1289	,
12	23	1290	1297	insulin
12	24	1298	1304	dosage
12	25	1305	1308	was
12	26	1309	1311	55
12	27	1312	1317	units
12	28	1318	1319	/
12	29	1320	1323	day
12	30	1324	1325	,
12	31	1326	1329	and
12	32	1330	1338	baseline
12	33	1339	1344	HbA1c
12	34	1345	1348	was
12	35	1349	1350	8
12	36	1351	1352	.
12	37	1353	1354	4
12	38	1355	1356	%
12	39	1357	1358	.
#Text=With lixisenatide, the placebo-corrected change of HbA1c from baseline was -0.4% (95%  CI -0.6 to -0.2; P = 0.0002), and mean HbA1c at end point was 7.8%.
13	1	1359	1363	With
13	2	1364	1376	lixisenatide
13	3	1377	1378	,
13	4	1379	1382	the
13	5	1383	1390	placebo
13	6	1391	1392	-
13	7	1393	1402	corrected
13	8	1403	1409	change
13	9	1410	1412	of
13	10	1413	1418	HbA1c
13	11	1419	1423	from
13	12	1424	1432	baseline
13	13	1433	1436	was
13	14	1437	1438	-
13	15	1439	1440	0
13	16	1441	1442	.
13	17	1443	1444	4
13	18	1445	1446	%
13	19	1447	1448	(
13	20	1449	1451	95
13	21	1452	1453	%
13	22	1454	1456	CI
13	23	1457	1458	-
13	24	1459	1460	0
13	25	1461	1462	.
13	26	1463	1464	6
13	27	1465	1467	to
13	28	1468	1469	-
13	29	1470	1471	0
13	30	1472	1473	.
13	31	1474	1475	2
13	32	1476	1477	;
13	33	1478	1479	P
13	34	1480	1481	=
13	35	1482	1483	0
13	36	1484	1485	.
13	37	1486	1490	0002
13	38	1491	1492	)
13	39	1493	1494	,
13	40	1495	1498	and
13	41	1499	1503	mean
13	42	1504	1509	HbA1c
13	43	1510	1512	at
13	44	1513	1516	end
13	45	1517	1522	point
13	46	1523	1526	was
13	47	1527	1528	7
13	48	1529	1530	.
13	49	1531	1532	8
13	50	1533	1534	%
13	51	1535	1536	.
#Text=HbA1c <7.0% (53 mmol/mol) was attained by more lixisenatide (28%) than placebo (12%; P < 0.0001) participants.
14	1	1537	1542	HbA1c
14	2	1543	1544	<
14	3	1545	1546	7
14	4	1547	1548	.
14	5	1549	1550	0
14	6	1551	1552	%
14	7	1553	1554	(
14	8	1555	1557	53
14	9	1558	1562	mmol
14	10	1563	1564	/
14	11	1565	1568	mol
14	12	1569	1570	)
14	13	1571	1574	was
14	14	1575	1583	attained
14	15	1584	1586	by
14	16	1587	1591	more
14	17	1592	1604	lixisenatide
14	18	1605	1606	(
14	19	1607	1609	28
14	20	1610	1611	%
14	21	1612	1613	)
14	22	1614	1618	than
14	23	1619	1626	placebo
14	24	1627	1628	(
14	25	1629	1631	12
14	26	1632	1633	%
14	27	1634	1635	;
14	28	1636	1637	P
14	29	1638	1639	<
14	30	1640	1641	0
14	31	1642	1643	.
14	32	1644	1648	0001
14	33	1649	1650	)
14	34	1651	1663	participants
14	35	1664	1665	.
#Text=Lixisenatide reduced plasma glucose levels after a standardized breakfast (placebo-corrected reduction, -3.8 mmol/L; P < 0.0001); seven-point glucose profiles showed a reduction persisting through the day.
15	1	1666	1678	Lixisenatide
15	2	1679	1686	reduced
15	3	1687	1693	plasma
15	4	1694	1701	glucose
15	5	1702	1708	levels
15	6	1709	1714	after
15	7	1715	1716	a
15	8	1717	1729	standardized
15	9	1730	1739	breakfast
15	10	1740	1741	(
15	11	1742	1749	placebo
15	12	1750	1751	-
15	13	1752	1761	corrected
15	14	1762	1771	reduction
15	15	1772	1773	,
15	16	1774	1775	-
15	17	1776	1777	3
15	18	1778	1779	.
15	19	1780	1781	8
15	20	1782	1786	mmol
15	21	1787	1788	/
15	22	1789	1790	L
15	23	1791	1792	;
15	24	1793	1794	P
15	25	1795	1796	<
15	26	1797	1798	0
15	27	1799	1800	.
15	28	1801	1805	0001
15	29	1806	1807	)
15	30	1808	1809	;
15	31	1810	1815	seven
15	32	1816	1817	-
15	33	1818	1823	point
15	34	1824	1831	glucose
15	35	1832	1840	profiles
15	36	1841	1847	showed
15	37	1848	1849	a
15	38	1850	1859	reduction
15	39	1860	1870	persisting
15	40	1871	1878	through
15	41	1879	1882	the
15	42	1883	1886	day
15	43	1887	1888	.
#Text=Reductions in body weight (placebo corrected, -1.3 kg; P < 0.0001) and insulin dosage (-3.7 units/day; P = 0.012) were greater with lixisenatide.
16	1	1889	1899	Reductions
16	2	1900	1902	in
16	3	1903	1907	body
16	4	1908	1914	weight
16	5	1915	1916	(
16	6	1917	1924	placebo
16	7	1925	1934	corrected
16	8	1935	1936	,
16	9	1937	1938	-
16	10	1939	1940	1
16	11	1941	1942	.
16	12	1943	1944	3
16	13	1945	1947	kg
16	14	1948	1949	;
16	15	1950	1951	P
16	16	1952	1953	<
16	17	1954	1955	0
16	18	1956	1957	.
16	19	1958	1962	0001
16	20	1963	1964	)
16	21	1965	1968	and
16	22	1969	1976	insulin
16	23	1977	1983	dosage
16	24	1984	1985	(
16	25	1986	1987	-
16	26	1988	1989	3
16	27	1990	1991	.
16	28	1992	1993	7
16	29	1994	1999	units
16	30	2000	2001	/
16	31	2002	2005	day
16	32	2006	2007	;
16	33	2008	2009	P
16	34	2010	2011	=
16	35	2012	2013	0
16	36	2014	2015	.
16	37	2016	2019	012
16	38	2020	2021	)
16	39	2022	2026	were
16	40	2027	2034	greater
16	41	2035	2039	with
16	42	2040	2052	lixisenatide
16	43	2053	2054	.
#Text=Main adverse events (AEs) with lixisenatide were gastrointestinal.
17	1	2055	2059	Main
17	2	2060	2067	adverse
17	3	2068	2074	events
17	4	2075	2076	(
17	5	2077	2080	AEs
17	6	2081	2082	)
17	7	2083	2087	with
17	8	2088	2100	lixisenatide
17	9	2101	2105	were
17	10	2106	2122	gastrointestinal
17	11	2123	2124	.
#Text=Symptomatic hypoglycemia was 28% for lixisenatide and 22% for placebo; 4 of 328 subjects (1.2%) had severe hypoglycemia with lixisenatide vs. 0 of 167 with placebo.
18	1	2125	2136	Symptomatic
18	2	2137	2149	hypoglycemia
18	3	2150	2153	was
18	4	2154	2156	28
18	5	2157	2158	%
18	6	2159	2162	for
18	7	2163	2175	lixisenatide
18	8	2176	2179	and
18	9	2180	2182	22
18	10	2183	2184	%
18	11	2185	2188	for
18	12	2189	2196	placebo
18	13	2197	2198	;
18	14	2199	2200	4
18	15	2201	2203	of
18	16	2204	2207	328
18	17	2208	2216	subjects
18	18	2217	2218	(
18	19	2219	2220	1
18	20	2221	2222	.
18	21	2223	2224	2
18	22	2225	2226	%
18	23	2227	2228	)
18	24	2229	2232	had
18	25	2233	2239	severe
18	26	2240	2252	hypoglycemia
18	27	2253	2257	with
18	28	2258	2270	lixisenatide
18	29	2271	2273	vs
18	30	2274	2275	.
18	31	2276	2277	0
18	32	2278	2280	of
18	33	2281	2284	167
18	34	2285	2289	with
18	35	2290	2297	placebo
18	36	2298	2299	.
#Text=CONCLUSIONS: By improving HbA1c and postprandial hyperglycemia without weight gain in type 2 diabetes with inadequate glycemic control despite stable basal insulin, lixisenatide may provide an alternative to rapid-acting insulin or other treatment options.
19	1	2300	2311	CONCLUSIONS
19	2	2312	2313	:
19	3	2314	2316	By
19	4	2317	2326	improving
19	5	2327	2332	HbA1c
19	6	2333	2336	and
19	7	2337	2349	postprandial
19	8	2350	2363	hyperglycemia
19	9	2364	2371	without
19	10	2372	2378	weight
19	11	2379	2383	gain
19	12	2384	2386	in
19	13	2387	2391	type
19	14	2392	2393	2
19	15	2394	2402	diabetes
19	16	2403	2407	with
19	17	2408	2418	inadequate
19	18	2419	2427	glycemic
19	19	2428	2435	control
19	20	2436	2443	despite
19	21	2444	2450	stable
19	22	2451	2456	basal
19	23	2457	2464	insulin
19	24	2465	2466	,
19	25	2467	2479	lixisenatide
19	26	2480	2483	may
19	27	2484	2491	provide
19	28	2492	2494	an
19	29	2495	2506	alternative
19	30	2507	2509	to
19	31	2510	2515	rapid
19	32	2516	2517	-
19	33	2518	2524	acting
19	34	2525	2532	insulin
19	35	2533	2535	or
19	36	2536	2541	other
19	37	2542	2551	treatment
19	38	2552	2559	options
19	39	2560	2561	.
#Text=DOI: 10.2337/dc12-2454  PMCID: PMC3747925 PMID: 23628617  [Indexed for MEDLINE]
20	1	2562	2565	DOI
20	2	2566	2567	:
20	3	2568	2570	10
20	4	2571	2572	.
20	5	2573	2577	2337
20	6	2578	2579	/
20	7	2580	2584	dc12
20	8	2585	2586	-
20	9	2587	2591	2454
20	10	2592	2597	PMCID
20	11	2598	2599	:
20	12	2600	2610	PMC3747925
20	13	2611	2615	PMID
20	14	2616	2617	:
20	15	2618	2626	23628617
20	16	2627	2628	[
20	17	2629	2636	Indexed
20	18	2637	2640	for
20	19	2641	2648	MEDLINE
20	20	2649	2650	]
