#Text=Med J Malaysia.
1	1	0	3	Med
1	2	4	5	J
1	3	6	14	Malaysia
1	4	15	16	.
#Text=2012 Aug;67(4):390-2.
2	1	17	21	2012
2	2	22	25	Aug
2	3	26	27	;
2	4	28	30	67
2	5	31	32	(
2	6	33	34	4
2	7	35	36	)
2	8	37	38	:
2	9	39	42	390
2	10	43	44	-
2	11	45	46	2
2	12	47	48	.
#Text=Cabergoline effect on blood sugar in type 2 diabetic patients with oral agent failure.
3	1	49	60	Cabergoline
3	2	61	67	effect
3	3	68	70	on
3	4	71	76	blood
3	5	77	82	sugar
3	6	83	85	in
3	7	86	90	type
3	8	91	92	2
3	9	93	101	diabetic
3	10	102	110	patients
3	11	111	115	with
3	12	116	120	oral
3	13	121	126	agent
3	14	127	134	failure
3	15	135	136	.
#Text=Taghavi SM(1), Fatemi SS, Rokni H.  Author information:  (1)Mashhad Medical University, Endocrinology, Ahmad Abad, Mashhad, Khorasan 9187883655 Iran, Islamic Republic Of.
4	1	137	144	Taghavi
4	2	145	147	SM
4	3	148	149	(
4	4	150	151	1
4	5	152	153	)
4	6	154	155	,
4	7	156	162	Fatemi
4	8	163	165	SS
4	9	166	167	,
4	10	168	173	Rokni
4	11	174	175	H
4	12	176	177	.
4	13	178	184	Author
4	14	185	196	information
4	15	197	198	:
4	16	199	200	(
4	17	201	202	1
4	18	203	204	)
4	19	205	212	Mashhad
4	20	213	220	Medical
4	21	221	231	University
4	22	232	233	,
4	23	234	247	Endocrinology
4	24	248	249	,
4	25	250	255	Ahmad
4	26	256	260	Abad
4	27	261	262	,
4	28	263	270	Mashhad
4	29	271	272	,
4	30	273	281	Khorasan
4	31	282	292	9187883655
4	32	293	297	Iran
4	33	298	299	,
4	34	300	307	Islamic
4	35	308	316	Republic
4	36	317	319	Of
4	37	320	321	.
#Text=taghavimr@mums.ac.ir  Ergot-derived dopamine D2 receptor agonists are the usual treatment of hyperprolactinemia and Parkinson's disease and recently bromocriptine has been approved for the treatment of type 2 diabetes.
5	1	322	331	taghavimr
5	2	332	333	@
5	3	334	338	mums
5	4	339	340	.
5	5	341	343	ac
5	6	344	345	.
5	7	346	348	ir
5	8	349	354	Ergot
5	9	355	356	-
5	10	357	364	derived
5	11	365	373	dopamine
5	12	374	376	D2
5	13	377	385	receptor
5	14	386	394	agonists
5	15	395	398	are
5	16	399	402	the
5	17	403	408	usual
5	18	409	418	treatment
5	19	419	421	of
5	20	422	440	hyperprolactinemia
5	21	441	444	and
5	22	445	454	Parkinson
5	23	455	456	'
5	24	457	458	s
5	25	459	466	disease
5	26	467	470	and
5	27	471	479	recently
5	28	480	493	bromocriptine
5	29	494	497	has
5	30	498	502	been
5	31	503	511	approved
5	32	512	515	for
5	33	516	519	the
5	34	520	529	treatment
5	35	530	532	of
5	36	533	537	type
5	37	538	539	2
5	38	540	548	diabetes
5	39	549	550	.
#Text=The aim of this study was the evaluation of short-term effect of cabergoline in poorly controlled diabetic patients with oral agent failure who refused insulin therapy.METHODS: This study  was performed in 17 overweight women and men with type 2 diabetes with persistent hyperglycemia in spite of treatment with maximum dose of sulfonylurea, metformin  and pioglitazone.
6	1	551	554	The
6	2	555	558	aim
6	3	559	561	of
6	4	562	566	this
6	5	567	572	study
6	6	573	576	was
6	7	577	580	the
6	8	581	591	evaluation
6	9	592	594	of
6	10	595	600	short
6	11	601	602	-
6	12	603	607	term
6	13	608	614	effect
6	14	615	617	of
6	15	618	629	cabergoline
6	16	630	632	in
6	17	633	639	poorly
6	18	640	650	controlled
6	19	651	659	diabetic
6	20	660	668	patients
6	21	669	673	with
6	22	674	678	oral
6	23	679	684	agent
6	24	685	692	failure
6	25	693	696	who
6	26	697	704	refused
6	27	705	712	insulin
6	28	713	720	therapy
6	29	721	722	.
6	30	723	730	METHODS
6	31	731	732	:
6	32	733	737	This
6	33	738	743	study
6	34	744	747	was
6	35	748	757	performed
6	36	758	760	in
6	37	761	763	17
6	38	764	774	overweight
6	39	775	780	women
6	40	781	784	and
6	41	785	788	men
6	42	789	793	with
6	43	794	798	type
6	44	799	800	2
6	45	801	809	diabetes
6	46	810	814	with
6	47	815	825	persistent
6	48	826	839	hyperglycemia
6	49	840	842	in
6	50	843	848	spite
6	51	849	851	of
6	52	852	861	treatment
6	53	862	866	with
6	54	867	874	maximum
6	55	875	879	dose
6	56	880	882	of
6	57	883	895	sulfonylurea
6	58	896	897	,
6	59	898	907	metformin
6	60	908	911	and
6	61	912	924	pioglitazone
6	62	925	926	.
#Text=10 patients (group I) randomized to be treated with cabergoline 0.5 mg weekly for 3 months and 7 patients (group II) with placebo.
7	1	927	929	10
7	2	930	938	patients
7	3	939	940	(
7	4	941	946	group
7	5	947	948	I
7	6	949	950	)
7	7	951	961	randomized
7	8	962	964	to
7	9	965	967	be
7	10	968	975	treated
7	11	976	980	with
7	12	981	992	cabergoline
7	13	993	994	0
7	14	995	996	.
7	15	997	998	5
7	16	999	1001	mg
7	17	1002	1008	weekly
7	18	1009	1012	for
7	19	1013	1014	3
7	20	1015	1021	months
7	21	1022	1025	and
7	22	1026	1027	7
7	23	1028	1036	patients
7	24	1037	1038	(
7	25	1039	1044	group
7	26	1045	1047	II
7	27	1048	1049	)
7	28	1050	1054	with
7	29	1055	1062	placebo
7	30	1063	1064	.
#Text=Fasting and postprandial plasma glucose concentration and HbAlc measured in beginning and end of the study.
8	1	1065	1072	Fasting
8	2	1073	1076	and
8	3	1077	1089	postprandial
8	4	1090	1096	plasma
8	5	1097	1104	glucose
8	6	1105	1118	concentration
8	7	1119	1122	and
8	8	1123	1128	HbAlc
8	9	1129	1137	measured
8	10	1138	1140	in
8	11	1141	1150	beginning
8	12	1151	1154	and
8	13	1155	1158	end
8	14	1159	1161	of
8	15	1162	1165	the
8	16	1166	1171	study
8	17	1172	1173	.
#Text=RESULTS: FBS decreased from 210.70 +/- 21.29 to 144.90 +/- 26.56 mg/dl in cabergoline group whereas it decreased in placebo group insignificantly.
9	1	1174	1181	RESULTS
9	2	1182	1183	:
9	3	1184	1187	FBS
9	4	1188	1197	decreased
9	5	1198	1202	from
9	6	1203	1206	210
9	7	1207	1208	.
9	8	1209	1211	70
9	9	1212	1213	+
9	10	1214	1215	/
9	11	1216	1217	-
9	12	1218	1220	21
9	13	1221	1222	.
9	14	1223	1225	29
9	15	1226	1228	to
9	16	1229	1232	144
9	17	1233	1234	.
9	18	1235	1237	90
9	19	1238	1239	+
9	20	1240	1241	/
9	21	1242	1243	-
9	22	1244	1246	26
9	23	1247	1248	.
9	24	1249	1251	56
9	25	1252	1254	mg
9	26	1255	1256	/
9	27	1257	1259	dl
9	28	1260	1262	in
9	29	1263	1274	cabergoline
9	30	1275	1280	group
9	31	1281	1288	whereas
9	32	1289	1291	it
9	33	1292	1301	decreased
9	34	1302	1304	in
9	35	1305	1312	placebo
9	36	1313	1318	group
9	37	1319	1334	insignificantly
9	38	1335	1336	.
#Text=Postprandial blood glucose decreased from 264.2 +/- 28 mg/dl to 203.6 +/- 34.34 mg/dl in cabergoline group whereas it increased in placebo group insignificantly.
10	1	1337	1349	Postprandial
10	2	1350	1355	blood
10	3	1356	1363	glucose
10	4	1364	1373	decreased
10	5	1374	1378	from
10	6	1379	1382	264
10	7	1383	1384	.
10	8	1385	1386	2
10	9	1387	1388	+
10	10	1389	1390	/
10	11	1391	1392	-
10	12	1393	1395	28
10	13	1396	1398	mg
10	14	1399	1400	/
10	15	1401	1403	dl
10	16	1404	1406	to
10	17	1407	1410	203
10	18	1411	1412	.
10	19	1413	1414	6
10	20	1415	1416	+
10	21	1417	1418	/
10	22	1419	1420	-
10	23	1421	1423	34
10	24	1424	1425	.
10	25	1426	1428	34
10	26	1429	1431	mg
10	27	1432	1433	/
10	28	1434	1436	dl
10	29	1437	1439	in
10	30	1440	1451	cabergoline
10	31	1452	1457	group
10	32	1458	1465	whereas
10	33	1466	1468	it
10	34	1469	1478	increased
10	35	1479	1481	in
10	36	1482	1489	placebo
10	37	1490	1495	group
10	38	1496	1511	insignificantly
10	39	1512	1513	.
#Text=HbA1c decreased in cabergoline group from 8.48 +/- 0.44 to 7.7 +/- 0.11 whereas in control group it increased insignificantly from 8.7 +/- 0.33 to 8.8 +/- 0.16.
11	1	1514	1519	HbA1c
11	2	1520	1529	decreased
11	3	1530	1532	in
11	4	1533	1544	cabergoline
11	5	1545	1550	group
11	6	1551	1555	from
11	7	1556	1557	8
11	8	1558	1559	.
11	9	1560	1562	48
11	10	1563	1564	+
11	11	1565	1566	/
11	12	1567	1568	-
11	13	1569	1570	0
11	14	1571	1572	.
11	15	1573	1575	44
11	16	1576	1578	to
11	17	1579	1580	7
11	18	1581	1582	.
11	19	1583	1584	7
11	20	1585	1586	+
11	21	1587	1588	/
11	22	1589	1590	-
11	23	1591	1592	0
11	24	1593	1594	.
11	25	1595	1597	11
11	26	1598	1605	whereas
11	27	1606	1608	in
11	28	1609	1616	control
11	29	1617	1622	group
11	30	1623	1625	it
11	31	1626	1635	increased
11	32	1636	1651	insignificantly
11	33	1652	1656	from
11	34	1657	1658	8
11	35	1659	1660	.
11	36	1661	1662	7
11	37	1663	1664	+
11	38	1665	1666	/
11	39	1667	1668	-
11	40	1669	1670	0
11	41	1671	1672	.
11	42	1673	1675	33
11	43	1676	1678	to
11	44	1679	1680	8
11	45	1681	1682	.
11	46	1683	1684	8
11	47	1685	1686	+
11	48	1687	1688	/
11	49	1689	1690	-
11	50	1691	1692	0
11	51	1693	1694	.
11	52	1695	1697	16
11	53	1698	1699	.
#Text=CONCLUSION: Cabergoline improves glycemic control in type 2 diabetic patients with oral agent failure.
12	1	1700	1710	CONCLUSION
12	2	1711	1712	:
12	3	1713	1724	Cabergoline
12	4	1725	1733	improves
12	5	1734	1742	glycemic
12	6	1743	1750	control
12	7	1751	1753	in
12	8	1754	1758	type
12	9	1759	1760	2
12	10	1761	1769	diabetic
12	11	1770	1778	patients
12	12	1779	1783	with
12	13	1784	1788	oral
12	14	1789	1794	agent
12	15	1795	1802	failure
12	16	1803	1804	.
#Text=It reduces both fasting and postprandial plasma glucose  levels and causes 0.45-1.11 reduction in HbA1c.
13	1	1805	1807	It
13	2	1808	1815	reduces
13	3	1816	1820	both
13	4	1821	1828	fasting
13	5	1829	1832	and
13	6	1833	1845	postprandial
13	7	1846	1852	plasma
13	8	1853	1860	glucose
13	9	1861	1867	levels
13	10	1868	1871	and
13	11	1872	1878	causes
13	12	1879	1880	0
13	13	1881	1882	.
13	14	1883	1885	45
13	15	1886	1887	-
13	16	1888	1889	1
13	17	1890	1891	.
13	18	1892	1894	11
13	19	1895	1904	reduction
13	20	1905	1907	in
13	21	1908	1913	HbA1c
13	22	1914	1915	.
#Text=PMID: 23082447  [Indexed for MEDLINE]
14	1	1916	1920	PMID
14	2	1921	1922	:
14	3	1923	1931	23082447
14	4	1932	1933	[
14	5	1934	1941	Indexed
14	6	1942	1945	for
14	7	1946	1953	MEDLINE
14	8	1954	1955	]
