#Text=Endocr J.
1	1	0	6	Endocr
1	2	7	8	J
1	3	9	10	.
#Text=2016 Aug 31;63(8):747-53. doi: 10.1507/endocrj.EJ16-0266.
2	1	11	15	2016
2	2	16	19	Aug
2	3	20	22	31
2	4	23	24	;
2	5	25	27	63
2	6	28	29	(
2	7	30	31	8
2	8	32	33	)
2	9	34	35	:
2	10	36	39	747
2	11	40	41	-
2	12	42	44	53
2	13	45	46	.
2	14	47	50	doi
2	15	51	52	:
2	16	53	55	10
2	17	56	57	.
2	18	58	62	1507
2	19	63	64	/
2	20	65	72	endocrj
2	21	73	74	.
2	22	75	79	EJ16
2	23	80	81	-
2	24	82	86	0266
2	25	87	88	.
#Text=Epub 2016 Jun 16.
3	1	89	93	Epub
3	2	94	98	2016
3	3	99	102	Jun
3	4	103	105	16
3	5	106	107	.
#Text=Comparative effects of vildagliptin and sitagliptin determined by continuous glucose monitoring in patients with type 2 diabetes mellitus.
4	1	108	119	Comparative
4	2	120	127	effects
4	3	128	130	of
4	4	131	143	vildagliptin
4	5	144	147	and
4	6	148	159	sitagliptin
4	7	160	170	determined
4	8	171	173	by
4	9	174	184	continuous
4	10	185	192	glucose
4	11	193	203	monitoring
4	12	204	206	in
4	13	207	215	patients
4	14	216	220	with
4	15	221	225	type
4	16	226	227	2
4	17	228	236	diabetes
4	18	237	245	mellitus
4	19	246	247	.
#Text=Koyanagawa N(1), Miyoshi H, Ono K, Nakamura A, Cho KY, Yamamoto K, Takano Y, Dan-Noura M, Atsumi T.  Author information:  (1)Division of Rheumatology, Endocrinology and Nephrology, Hokkaido University Graduate School of Medicine, Sapporo, Japan.
5	1	248	258	Koyanagawa
5	2	259	260	N
5	3	261	262	(
5	4	263	264	1
5	5	265	266	)
5	6	267	268	,
5	7	269	276	Miyoshi
5	8	277	278	H
5	9	279	280	,
5	10	281	284	Ono
5	11	285	286	K
5	12	287	288	,
5	13	289	297	Nakamura
5	14	298	299	A
5	15	300	301	,
5	16	302	305	Cho
5	17	306	308	KY
5	18	309	310	,
5	19	311	319	Yamamoto
5	20	320	321	K
5	21	322	323	,
5	22	324	330	Takano
5	23	331	332	Y
5	24	333	334	,
5	25	335	338	Dan
5	26	339	340	-
5	27	341	346	Noura
5	28	347	348	M
5	29	349	350	,
5	30	351	357	Atsumi
5	31	358	359	T
5	32	360	361	.
5	33	362	368	Author
5	34	369	380	information
5	35	381	382	:
5	36	383	384	(
5	37	385	386	1
5	38	387	388	)
5	39	389	397	Division
5	40	398	400	of
5	41	401	413	Rheumatology
5	42	414	415	,
5	43	416	429	Endocrinology
5	44	430	433	and
5	45	434	444	Nephrology
5	46	445	446	,
5	47	447	455	Hokkaido
5	48	456	466	University
5	49	467	475	Graduate
5	50	476	482	School
5	51	483	485	of
5	52	486	494	Medicine
5	53	495	496	,
5	54	497	504	Sapporo
5	55	505	506	,
5	56	507	512	Japan
5	57	513	514	.
#Text=The dipeptidyl peptidase-4 inhibitors vildagliptin and sitagliptin are effective  in treating patients with type 2 diabetes mellitus.
6	1	515	518	The
6	2	519	529	dipeptidyl
6	3	530	539	peptidase
6	4	540	541	-
6	5	542	543	4
6	6	544	554	inhibitors
6	7	555	567	vildagliptin
6	8	568	571	and
6	9	572	583	sitagliptin
6	10	584	587	are
6	11	588	597	effective
6	12	598	600	in
6	13	601	609	treating
6	14	610	618	patients
6	15	619	623	with
6	16	624	628	type
6	17	629	630	2
6	18	631	639	diabetes
6	19	640	648	mellitus
6	20	649	650	.
#Text=Patients receiving standard doses of sitagliptin plus insulin may require increased doses of sitagliptin or switching to vildagliptin to improve blood glucose control.
7	1	651	659	Patients
7	2	660	669	receiving
7	3	670	678	standard
7	4	679	684	doses
7	5	685	687	of
7	6	688	699	sitagliptin
7	7	700	704	plus
7	8	705	712	insulin
7	9	713	716	may
7	10	717	724	require
7	11	725	734	increased
7	12	735	740	doses
7	13	741	743	of
7	14	744	755	sitagliptin
7	15	756	758	or
7	16	759	768	switching
7	17	769	771	to
7	18	772	784	vildagliptin
7	19	785	787	to
7	20	788	795	improve
7	21	796	801	blood
7	22	802	809	glucose
7	23	810	817	control
7	24	818	819	.
#Text=This study compared the effects of increasing sitagliptin and switching to vildagliptin in type 2 diabetes patients receiving standard doses of sitagliptin plus insulin.
8	1	820	824	This
8	2	825	830	study
8	3	831	839	compared
8	4	840	843	the
8	5	844	851	effects
8	6	852	854	of
8	7	855	865	increasing
8	8	866	877	sitagliptin
8	9	878	881	and
8	10	882	891	switching
8	11	892	894	to
8	12	895	907	vildagliptin
8	13	908	910	in
8	14	911	915	type
8	15	916	917	2
8	16	918	926	diabetes
8	17	927	935	patients
8	18	936	945	receiving
8	19	946	954	standard
8	20	955	960	doses
8	21	961	963	of
8	22	964	975	sitagliptin
8	23	976	980	plus
8	24	981	988	insulin
8	25	989	990	.
#Text=This prospective, randomized, parallel-group comparison trial enrolled 33 type 2 diabetes patients receiving 50 mg sitagliptin once daily plus insulin.
9	1	991	995	This
9	2	996	1007	prospective
9	3	1008	1009	,
9	4	1010	1020	randomized
9	5	1021	1022	,
9	6	1023	1031	parallel
9	7	1032	1033	-
9	8	1034	1039	group
9	9	1040	1050	comparison
9	10	1051	1056	trial
9	11	1057	1065	enrolled
9	12	1066	1068	33
9	13	1069	1073	type
9	14	1074	1075	2
9	15	1076	1084	diabetes
9	16	1085	1093	patients
9	17	1094	1103	receiving
9	18	1104	1106	50
9	19	1107	1109	mg
9	20	1110	1121	sitagliptin
9	21	1122	1126	once
9	22	1127	1132	daily
9	23	1133	1137	plus
9	24	1138	1145	insulin
9	25	1146	1147	.
#Text=Seventeen  patients were randomized to 50 mg vildagliptin twice daily, and 16 to 100 mg sitagliptin once daily, and evaluated by continuous glucose monitoring at baseline and after 8 weeks.
10	1	1148	1157	Seventeen
10	2	1158	1166	patients
10	3	1167	1171	were
10	4	1172	1182	randomized
10	5	1183	1185	to
10	6	1186	1188	50
10	7	1189	1191	mg
10	8	1192	1204	vildagliptin
10	9	1205	1210	twice
10	10	1211	1216	daily
10	11	1217	1218	,
10	12	1219	1222	and
10	13	1223	1225	16
10	14	1226	1228	to
10	15	1229	1232	100
10	16	1233	1235	mg
10	17	1236	1247	sitagliptin
10	18	1248	1252	once
10	19	1253	1258	daily
10	20	1259	1260	,
10	21	1261	1264	and
10	22	1265	1274	evaluated
10	23	1275	1277	by
10	24	1278	1288	continuous
10	25	1289	1296	glucose
10	26	1297	1307	monitoring
10	27	1308	1310	at
10	28	1311	1319	baseline
10	29	1320	1323	and
10	30	1324	1329	after
10	31	1330	1331	8
10	32	1332	1337	weeks
10	33	1338	1339	.
#Text=The primary end-point was the change in mean amplitude of glycemic excursions (MAGE).
11	1	1340	1343	The
11	2	1344	1351	primary
11	3	1352	1355	end
11	4	1356	1357	-
11	5	1358	1363	point
11	6	1364	1367	was
11	7	1368	1371	the
11	8	1372	1378	change
11	9	1379	1381	in
11	10	1382	1386	mean
11	11	1387	1396	amplitude
11	12	1397	1399	of
11	13	1400	1408	glycemic
11	14	1409	1419	excursions
11	15	1420	1421	(
11	16	1422	1426	MAGE
11	17	1427	1428	)
11	18	1429	1430	.
#Text=MAGE decreased from baseline in both the vildagliptin (-13.4 ± 35.7 mg/dL) and sitagliptin (-8.4 ± 24.3 mg/dL) groups, but neither within- nor between-group changes were statistically significant.
12	1	1431	1435	MAGE
12	2	1436	1445	decreased
12	3	1446	1450	from
12	4	1451	1459	baseline
12	5	1460	1462	in
12	6	1463	1467	both
12	7	1468	1471	the
12	8	1472	1484	vildagliptin
12	9	1485	1486	(
12	10	1487	1488	-
12	11	1489	1491	13
12	12	1492	1493	.
12	13	1494	1495	4
12	14	1496	1497	±
12	15	1498	1500	35
12	16	1501	1502	.
12	17	1503	1504	7
12	18	1505	1507	mg
12	19	1508	1509	/
12	20	1510	1512	dL
12	21	1513	1514	)
12	22	1515	1518	and
12	23	1519	1530	sitagliptin
12	24	1531	1532	(
12	25	1533	1534	-
12	26	1535	1536	8
12	27	1537	1538	.
12	28	1539	1540	4
12	29	1541	1542	±
12	30	1543	1545	24
12	31	1546	1547	.
12	32	1548	1549	3
12	33	1550	1552	mg
12	34	1553	1554	/
12	35	1555	1557	dL
12	36	1558	1559	)
12	37	1560	1566	groups
12	38	1567	1568	,
12	39	1569	1572	but
12	40	1573	1580	neither
12	41	1581	1587	within
12	42	1588	1589	-
12	43	1590	1593	nor
12	44	1594	1601	between
12	45	1602	1603	-
12	46	1604	1609	group
12	47	1610	1617	changes
12	48	1618	1622	were
12	49	1623	1636	statistically
12	50	1637	1648	significant
12	51	1649	1650	.
#Text=Similarly, the areas under the curve for blood glucose levels ≥180 mg/dL and <70  mg/dL tended to improve in both groups, but these differences were not statistically significant.
13	1	1651	1660	Similarly
13	2	1661	1662	,
13	3	1663	1666	the
13	4	1667	1672	areas
13	5	1673	1678	under
13	6	1679	1682	the
13	7	1683	1688	curve
13	8	1689	1692	for
13	9	1693	1698	blood
13	10	1699	1706	glucose
13	11	1707	1713	levels
13	12	1714	1715	≥
13	13	1716	1719	180
13	14	1720	1722	mg
13	15	1723	1724	/
13	16	1725	1727	dL
13	17	1728	1731	and
13	18	1732	1733	<
13	19	1734	1736	70
13	20	1737	1739	mg
13	21	1740	1741	/
13	22	1742	1744	dL
13	23	1745	1751	tended
13	24	1752	1754	to
13	25	1755	1762	improve
13	26	1763	1765	in
13	27	1766	1770	both
13	28	1771	1777	groups
13	29	1778	1779	,
13	30	1780	1783	but
13	31	1784	1789	these
13	32	1790	1801	differences
13	33	1802	1806	were
13	34	1807	1810	not
13	35	1811	1824	statistically
13	36	1825	1836	significant
13	37	1837	1838	.
#Text=In contrast, HbA1c was significantly reduced only in the vildagliptin group, from 7.1 ± 0.6% at baseline to 6.8 ± 0.6% at 8 weeks (p=0.006).
14	1	1839	1841	In
14	2	1842	1850	contrast
14	3	1851	1852	,
14	4	1853	1858	HbA1c
14	5	1859	1862	was
14	6	1863	1876	significantly
14	7	1877	1884	reduced
14	8	1885	1889	only
14	9	1890	1892	in
14	10	1893	1896	the
14	11	1897	1909	vildagliptin
14	12	1910	1915	group
14	13	1916	1917	,
14	14	1918	1922	from
14	15	1923	1924	7
14	16	1925	1926	.
14	17	1927	1928	1
14	18	1929	1930	±
14	19	1931	1932	0
14	20	1933	1934	.
14	21	1935	1936	6
14	22	1937	1938	%
14	23	1939	1941	at
14	24	1942	1950	baseline
14	25	1951	1953	to
14	26	1954	1955	6
14	27	1956	1957	.
14	28	1958	1959	8
14	29	1960	1961	±
14	30	1962	1963	0
14	31	1964	1965	.
14	32	1966	1967	6
14	33	1968	1969	%
14	34	1970	1972	at
14	35	1973	1974	8
14	36	1975	1980	weeks
14	37	1981	1982	(
14	38	1983	1984	p
14	39	1985	1986	=
14	40	1987	1988	0
14	41	1989	1990	.
14	42	1991	1994	006
14	43	1995	1996	)
14	44	1997	1998	.
#Text=Increasing sitagliptin dose and switching to vildagliptin had limited  effects in improving MAGE in type 2 diabetic patients treated with standard doses of sitagliptin.
15	1	1999	2009	Increasing
15	2	2010	2021	sitagliptin
15	3	2022	2026	dose
15	4	2027	2030	and
15	5	2031	2040	switching
15	6	2041	2043	to
15	7	2044	2056	vildagliptin
15	8	2057	2060	had
15	9	2061	2068	limited
15	10	2069	2076	effects
15	11	2077	2079	in
15	12	2080	2089	improving
15	13	2090	2094	MAGE
15	14	2095	2097	in
15	15	2098	2102	type
15	16	2103	2104	2
15	17	2105	2113	diabetic
15	18	2114	2122	patients
15	19	2123	2130	treated
15	20	2131	2135	with
15	21	2136	2144	standard
15	22	2145	2150	doses
15	23	2151	2153	of
15	24	2154	2165	sitagliptin
15	25	2166	2167	.
#Text=DOI: 10.1507/endocrj.EJ16-0266  PMID: 27321385  [Indexed for MEDLINE]
16	1	2168	2171	DOI
16	2	2172	2173	:
16	3	2174	2176	10
16	4	2177	2178	.
16	5	2179	2183	1507
16	6	2184	2185	/
16	7	2186	2193	endocrj
16	8	2194	2195	.
16	9	2196	2200	EJ16
16	10	2201	2202	-
16	11	2203	2207	0266
16	12	2208	2212	PMID
16	13	2213	2214	:
16	14	2215	2223	27321385
16	15	2224	2225	[
16	16	2226	2233	Indexed
16	17	2234	2237	for
16	18	2238	2245	MEDLINE
16	19	2246	2247	]
