#Text=Diabetes Care.
1	1	0	8	Diabetes
1	2	9	13	Care
1	3	14	15	.
#Text=2001 Apr;24(4):631-6.
2	1	16	20	2001
2	2	21	24	Apr
2	3	25	26	;
2	4	27	29	24
2	5	30	31	(
2	6	32	33	4
2	7	34	35	)
2	8	36	37	:
2	9	38	41	631
2	10	42	43	-
2	11	44	45	6
2	12	46	47	.
#Text=Basal insulin therapy in type 2 diabetes: 28-week comparison of insulin glargine  (HOE 901) and NPH insulin.
3	1	48	53	Basal
3	2	54	61	insulin
3	3	62	69	therapy
3	4	70	72	in
3	5	73	77	type
3	6	78	79	2
3	7	80	88	diabetes
3	8	89	90	:
3	9	91	93	28
3	10	94	95	-
3	11	96	100	week
3	12	101	111	comparison
3	13	112	114	of
3	14	115	122	insulin
3	15	123	131	glargine
3	16	132	133	(
3	17	134	137	HOE
3	18	138	141	901
3	19	142	143	)
3	20	144	147	and
3	21	148	151	NPH
3	22	152	159	insulin
3	23	160	161	.
#Text=Rosenstock J(1), Schwartz SL, Clark CM Jr, Park GD, Donley DW, Edwards MB.
4	1	162	172	Rosenstock
4	2	173	174	J
4	3	175	176	(
4	4	177	178	1
4	5	179	180	)
4	6	181	182	,
4	7	183	191	Schwartz
4	8	192	194	SL
4	9	195	196	,
4	10	197	202	Clark
4	11	203	205	CM
4	12	206	208	Jr
4	13	209	210	,
4	14	211	215	Park
4	15	216	218	GD
4	16	219	220	,
4	17	221	227	Donley
4	18	228	230	DW
4	19	231	232	,
4	20	233	240	Edwards
4	21	241	243	MB
4	22	244	245	.
#Text=Author information:  (1)Dallas Diabetes and Endocrine Center, Texas 75230, USA.
5	1	246	252	Author
5	2	253	264	information
5	3	265	266	:
5	4	267	268	(
5	5	269	270	1
5	6	271	272	)
5	7	273	279	Dallas
5	8	280	288	Diabetes
5	9	289	292	and
5	10	293	302	Endocrine
5	11	303	309	Center
5	12	310	311	,
5	13	312	317	Texas
5	14	318	323	75230
5	15	324	325	,
5	16	326	329	USA
5	17	330	331	.
#Text=juliorosenstock@dallasdiabetes.com  OBJECTIVE: To determine the safety and efficacy of the long-acting analog insulin glargine compared with NPH insulin in patients with type 2 diabetes who were previously treated with insulin alone.
6	1	332	347	juliorosenstock
6	2	348	349	@
6	3	350	364	dallasdiabetes
6	4	365	366	.
6	5	367	370	com
6	6	371	380	OBJECTIVE
6	7	381	382	:
6	8	383	385	To
6	9	386	395	determine
6	10	396	399	the
6	11	400	406	safety
6	12	407	410	and
6	13	411	419	efficacy
6	14	420	422	of
6	15	423	426	the
6	16	427	431	long
6	17	432	433	-
6	18	434	440	acting
6	19	441	447	analog
6	20	448	455	insulin
6	21	456	464	glargine
6	22	465	473	compared
6	23	474	478	with
6	24	479	482	NPH
6	25	483	490	insulin
6	26	491	493	in
6	27	494	502	patients
6	28	503	507	with
6	29	508	512	type
6	30	513	514	2
6	31	515	523	diabetes
6	32	524	527	who
6	33	528	532	were
6	34	533	543	previously
6	35	544	551	treated
6	36	552	556	with
6	37	557	564	insulin
6	38	565	570	alone
6	39	571	572	.
#Text=RESEARCH DESIGN AND METHODS: A total of 518 subjects with type 2 diabetes who were receiving NPH insulin with or without regular insulin for postprandial control were randomized to receive insulin glargine (HOE 901) once daily (n = 259) or NPH insulin once or twice daily in = 259) for 28 weeks in an open-label,  multicenter trial.
7	1	573	581	RESEARCH
7	2	582	588	DESIGN
7	3	589	592	AND
7	4	593	600	METHODS
7	5	601	602	:
7	6	603	604	A
7	7	605	610	total
7	8	611	613	of
7	9	614	617	518
7	10	618	626	subjects
7	11	627	631	with
7	12	632	636	type
7	13	637	638	2
7	14	639	647	diabetes
7	15	648	651	who
7	16	652	656	were
7	17	657	666	receiving
7	18	667	670	NPH
7	19	671	678	insulin
7	20	679	683	with
7	21	684	686	or
7	22	687	694	without
7	23	695	702	regular
7	24	703	710	insulin
7	25	711	714	for
7	26	715	727	postprandial
7	27	728	735	control
7	28	736	740	were
7	29	741	751	randomized
7	30	752	754	to
7	31	755	762	receive
7	32	763	770	insulin
7	33	771	779	glargine
7	34	780	781	(
7	35	782	785	HOE
7	36	786	789	901
7	37	790	791	)
7	38	792	796	once
7	39	797	802	daily
7	40	803	804	(
7	41	805	806	n
7	42	807	808	=
7	43	809	812	259
7	44	813	814	)
7	45	815	817	or
7	46	818	821	NPH
7	47	822	829	insulin
7	48	830	834	once
7	49	835	837	or
7	50	838	843	twice
7	51	844	849	daily
7	52	850	852	in
7	53	853	854	=
7	54	855	858	259
7	55	859	860	)
7	56	861	864	for
7	57	865	867	28
7	58	868	873	weeks
7	59	874	876	in
7	60	877	879	an
7	61	880	884	open
7	62	885	886	-
7	63	887	892	label
7	64	893	894	,
7	65	895	906	multicenter
7	66	907	912	trial
7	67	913	914	.
#Text=Doses were adjusted to obtain target fasting glucose <6.7 mmol/l.
8	1	915	920	Doses
8	2	921	925	were
8	3	926	934	adjusted
8	4	935	937	to
8	5	938	944	obtain
8	6	945	951	target
8	7	952	959	fasting
8	8	960	967	glucose
8	9	968	969	<
8	10	970	971	6
8	11	972	973	.
8	12	974	975	7
8	13	976	980	mmol
8	14	981	982	/
8	15	983	984	l
8	16	985	986	.
#Text=At study end point, the median total daily insulin dose in both treatment groups was 0.75 IU/kg.
9	1	987	989	At
9	2	990	995	study
9	3	996	999	end
9	4	1000	1005	point
9	5	1006	1007	,
9	6	1008	1011	the
9	7	1012	1018	median
9	8	1019	1024	total
9	9	1025	1030	daily
9	10	1031	1038	insulin
9	11	1039	1043	dose
9	12	1044	1046	in
9	13	1047	1051	both
9	14	1052	1061	treatment
9	15	1062	1068	groups
9	16	1069	1072	was
9	17	1073	1074	0
9	18	1075	1076	.
9	19	1077	1079	75
9	20	1080	1082	IU
9	21	1083	1084	/
9	22	1085	1087	kg
9	23	1088	1089	.
#Text=RESULTS: The treatment groups showed similar improvements in HbA1c from baseline  to end point on intent-to-treat analysis.
10	1	1090	1097	RESULTS
10	2	1098	1099	:
10	3	1100	1103	The
10	4	1104	1113	treatment
10	5	1114	1120	groups
10	6	1121	1127	showed
10	7	1128	1135	similar
10	8	1136	1148	improvements
10	9	1149	1151	in
10	10	1152	1157	HbA1c
10	11	1158	1162	from
10	12	1163	1171	baseline
10	13	1172	1174	to
10	14	1175	1178	end
10	15	1179	1184	point
10	16	1185	1187	on
10	17	1188	1194	intent
10	18	1195	1196	-
10	19	1197	1199	to
10	20	1200	1201	-
10	21	1202	1207	treat
10	22	1208	1216	analysis
10	23	1217	1218	.
#Text=The mean change (means +/- SD) in HbA1c from baseline to end point was similar in the insulin glargine group (-0.41 +/- 0.1%) and the NPH group (-0.59 +/- 0.1%) after patients began with an average baseline HbA1c of approximately 8.5%.
11	1	1219	1222	The
11	2	1223	1227	mean
11	3	1228	1234	change
11	4	1235	1236	(
11	5	1237	1242	means
11	6	1243	1244	+
11	7	1245	1246	/
11	8	1247	1248	-
11	9	1249	1251	SD
11	10	1252	1253	)
11	11	1254	1256	in
11	12	1257	1262	HbA1c
11	13	1263	1267	from
11	14	1268	1276	baseline
11	15	1277	1279	to
11	16	1280	1283	end
11	17	1284	1289	point
11	18	1290	1293	was
11	19	1294	1301	similar
11	20	1302	1304	in
11	21	1305	1308	the
11	22	1309	1316	insulin
11	23	1317	1325	glargine
11	24	1326	1331	group
11	25	1332	1333	(
11	26	1334	1335	-
11	27	1336	1337	0
11	28	1338	1339	.
11	29	1340	1342	41
11	30	1343	1344	+
11	31	1345	1346	/
11	32	1347	1348	-
11	33	1349	1350	0
11	34	1351	1352	.
11	35	1353	1354	1
11	36	1355	1356	%
11	37	1357	1358	)
11	38	1359	1362	and
11	39	1363	1366	the
11	40	1367	1370	NPH
11	41	1371	1376	group
11	42	1377	1378	(
11	43	1379	1380	-
11	44	1381	1382	0
11	45	1383	1384	.
11	46	1385	1387	59
11	47	1388	1389	+
11	48	1390	1391	/
11	49	1392	1393	-
11	50	1394	1395	0
11	51	1396	1397	.
11	52	1398	1399	1
11	53	1400	1401	%
11	54	1402	1403	)
11	55	1404	1409	after
11	56	1410	1418	patients
11	57	1419	1424	began
11	58	1425	1429	with
11	59	1430	1432	an
11	60	1433	1440	average
11	61	1441	1449	baseline
11	62	1450	1455	HbA1c
11	63	1456	1458	of
11	64	1459	1472	approximately
11	65	1473	1474	8
11	66	1475	1476	.
11	67	1477	1478	5
11	68	1479	1480	%
11	69	1481	1482	.
#Text=The treatments were associated with similar reductions in fasting glucose levels.
12	1	1483	1486	The
12	2	1487	1497	treatments
12	3	1498	1502	were
12	4	1503	1513	associated
12	5	1514	1518	with
12	6	1519	1526	similar
12	7	1527	1537	reductions
12	8	1538	1540	in
12	9	1541	1548	fasting
12	10	1549	1556	glucose
12	11	1557	1563	levels
12	12	1564	1565	.
#Text=Overall, mild symptomatic hypoglycemia was  similar in insulin glargine subjects (61.4%) and NPH insulin subjects (66.%) However, nocturnal hypoglycemia in the insulin glargine group was reduced by 25%  during the treatment period after the dose-titration phase(26.5 vs. 35.5%, P = 0.0136).
13	1	1566	1573	Overall
13	2	1574	1575	,
13	3	1576	1580	mild
13	4	1581	1592	symptomatic
13	5	1593	1605	hypoglycemia
13	6	1606	1609	was
13	7	1610	1617	similar
13	8	1618	1620	in
13	9	1621	1628	insulin
13	10	1629	1637	glargine
13	11	1638	1646	subjects
13	12	1647	1648	(
13	13	1649	1651	61
13	14	1652	1653	.
13	15	1654	1655	4
13	16	1656	1657	%
13	17	1658	1659	)
13	18	1660	1663	and
13	19	1664	1667	NPH
13	20	1668	1675	insulin
13	21	1676	1684	subjects
13	22	1685	1686	(
13	23	1687	1689	66
13	24	1690	1691	.
13	25	1692	1693	%
13	26	1694	1695	)
13	27	1696	1703	However
13	28	1704	1705	,
13	29	1706	1715	nocturnal
13	30	1716	1728	hypoglycemia
13	31	1729	1731	in
13	32	1732	1735	the
13	33	1736	1743	insulin
13	34	1744	1752	glargine
13	35	1753	1758	group
13	36	1759	1762	was
13	37	1763	1770	reduced
13	38	1771	1773	by
13	39	1774	1776	25
13	40	1777	1778	%
13	41	1779	1785	during
13	42	1786	1789	the
13	43	1790	1799	treatment
13	44	1800	1806	period
13	45	1807	1812	after
13	46	1813	1816	the
13	47	1817	1821	dose
13	48	1822	1823	-
13	49	1824	1833	titration
13	50	1834	1839	phase
13	51	1840	1841	(
13	52	1842	1844	26
13	53	1845	1846	.
13	54	1847	1848	5
13	55	1849	1851	vs
13	56	1852	1853	.
13	57	1854	1856	35
13	58	1857	1858	.
13	59	1859	1860	5
13	60	1861	1862	%
13	61	1863	1864	,
13	62	1865	1866	P
13	63	1867	1868	=
13	64	1869	1870	0
13	65	1871	1872	.
13	66	1873	1877	0136
13	67	1878	1879	)
13	68	1880	1881	.
#Text=Subjects in the insulin glargine group experienced less weight gain than those in the NPH group (0.4 vs. 1.4 kg, P < 0.0007).
14	1	1882	1890	Subjects
14	2	1891	1893	in
14	3	1894	1897	the
14	4	1898	1905	insulin
14	5	1906	1914	glargine
14	6	1915	1920	group
14	7	1921	1932	experienced
14	8	1933	1937	less
14	9	1938	1944	weight
14	10	1945	1949	gain
14	11	1950	1954	than
14	12	1955	1960	those
14	13	1961	1963	in
14	14	1964	1967	the
14	15	1968	1971	NPH
14	16	1972	1977	group
14	17	1978	1979	(
14	18	1980	1981	0
14	19	1982	1983	.
14	20	1984	1985	4
14	21	1986	1988	vs
14	22	1989	1990	.
14	23	1991	1992	1
14	24	1993	1994	.
14	25	1995	1996	4
14	26	1997	1999	kg
14	27	2000	2001	,
14	28	2002	2003	P
14	29	2004	2005	<
14	30	2006	2007	0
14	31	2008	2009	.
14	32	2010	2014	0007
14	33	2015	2016	)
14	34	2017	2018	.
#Text=CONCLUSIONS: In patients with type 2 diabetes, once-daily bedtime insulin glargine is as effective as once- or twice-daily NPH in improving and maintaining glycemic control.
15	1	2019	2030	CONCLUSIONS
15	2	2031	2032	:
15	3	2033	2035	In
15	4	2036	2044	patients
15	5	2045	2049	with
15	6	2050	2054	type
15	7	2055	2056	2
15	8	2057	2065	diabetes
15	9	2066	2067	,
15	10	2068	2072	once
15	11	2073	2074	-
15	12	2075	2080	daily
15	13	2081	2088	bedtime
15	14	2089	2096	insulin
15	15	2097	2105	glargine
15	16	2106	2108	is
15	17	2109	2111	as
15	18	2112	2121	effective
15	19	2122	2124	as
15	20	2125	2129	once
15	21	2130	2131	-
15	22	2132	2134	or
15	23	2135	2140	twice
15	24	2141	2142	-
15	25	2143	2148	daily
15	26	2149	2152	NPH
15	27	2153	2155	in
15	28	2156	2165	improving
15	29	2166	2169	and
15	30	2170	2181	maintaining
15	31	2182	2190	glycemic
15	32	2191	2198	control
15	33	2199	2200	.
#Text=In addition, insulin glargine deonstrates a lower risk of nocturnal hypoglycemia and less weight gain compared with NPH insulin.
16	1	2201	2203	In
16	2	2204	2212	addition
16	3	2213	2214	,
16	4	2215	2222	insulin
16	5	2223	2231	glargine
16	6	2232	2243	deonstrates
16	7	2244	2245	a
16	8	2246	2251	lower
16	9	2252	2256	risk
16	10	2257	2259	of
16	11	2260	2269	nocturnal
16	12	2270	2282	hypoglycemia
16	13	2283	2286	and
16	14	2287	2291	less
16	15	2292	2298	weight
16	16	2299	2303	gain
16	17	2304	2312	compared
16	18	2313	2317	with
16	19	2318	2321	NPH
16	20	2322	2329	insulin
16	21	2330	2331	.
#Text=DOI: 10.2337/diacare.24.4.631  PMID: 11315821  [Indexed for MEDLINE]
17	1	2332	2335	DOI
17	2	2336	2337	:
17	3	2338	2340	10
17	4	2341	2342	.
17	5	2343	2347	2337
17	6	2348	2349	/
17	7	2350	2357	diacare
17	8	2358	2359	.
17	9	2360	2362	24
17	10	2363	2364	.
17	11	2365	2366	4
17	12	2367	2368	.
17	13	2369	2372	631
17	14	2373	2377	PMID
17	15	2378	2379	:
17	16	2380	2388	11315821
17	17	2389	2390	[
17	18	2391	2398	Indexed
17	19	2399	2402	for
17	20	2403	2410	MEDLINE
17	21	2411	2412	]
