#Text=Diabetes Technol Ther.
1	1	0	8	Diabetes
1	2	9	16	Technol
1	3	17	21	Ther
1	4	22	23	.
#Text=2014 Mar;16(3):137-44. doi: 10.1089/dia.2013.0167.
2	1	24	28	2014
2	2	29	32	Mar
2	3	33	34	;
2	4	35	37	16
2	5	38	39	(
2	6	40	41	3
2	7	42	43	)
2	8	44	45	:
2	9	46	49	137
2	10	50	51	-
2	11	52	54	44
2	12	55	56	.
2	13	57	60	doi
2	14	61	62	:
2	15	63	65	10
2	16	66	67	.
2	17	68	72	1089
2	18	73	74	/
2	19	75	78	dia
2	20	79	80	.
2	21	81	85	2013
2	22	86	87	.
2	23	88	92	0167
2	24	93	94	.
#Text=Epub 2013 Nov 15.
3	1	95	99	Epub
3	2	100	104	2013
3	3	105	108	Nov
3	4	109	111	15
3	5	112	113	.
#Text=Changes in insulin sensitivity and insulin secretion with the sodium glucose cotransporter 2 inhibitor dapagliflozin.
4	1	114	121	Changes
4	2	122	124	in
4	3	125	132	insulin
4	4	133	144	sensitivity
4	5	145	148	and
4	6	149	156	insulin
4	7	157	166	secretion
4	8	167	171	with
4	9	172	175	the
4	10	176	182	sodium
4	11	183	190	glucose
4	12	191	204	cotransporter
4	13	205	206	2
4	14	207	216	inhibitor
4	15	217	230	dapagliflozin
4	16	231	232	.
#Text=Mudaliar S(1), Henry RR, Boden G, Smith S, Chalamandaris AG, Duchesne D, Iqbal N, List J.
5	1	233	241	Mudaliar
5	2	242	243	S
5	3	244	245	(
5	4	246	247	1
5	5	248	249	)
5	6	250	251	,
5	7	252	257	Henry
5	8	258	260	RR
5	9	261	262	,
5	10	263	268	Boden
5	11	269	270	G
5	12	271	272	,
5	13	273	278	Smith
5	14	279	280	S
5	15	281	282	,
5	16	283	296	Chalamandaris
5	17	297	299	AG
5	18	300	301	,
5	19	302	310	Duchesne
5	20	311	312	D
5	21	313	314	,
5	22	315	320	Iqbal
5	23	321	322	N
5	24	323	324	,
5	25	325	329	List
5	26	330	331	J
5	27	332	333	.
#Text=Author information:  (1)1 Center for Metabolic Research, VA San Diego Healthcare System, and University of California , San Diego, San Diego, California.
6	1	334	340	Author
6	2	341	352	information
6	3	353	354	:
6	4	355	356	(
6	5	357	358	1
6	6	359	360	)
6	7	361	362	1
6	8	363	369	Center
6	9	370	373	for
6	10	374	383	Metabolic
6	11	384	392	Research
6	12	393	394	,
6	13	395	397	VA
6	14	398	401	San
6	15	402	407	Diego
6	16	408	418	Healthcare
6	17	419	425	System
6	18	426	427	,
6	19	428	431	and
6	20	432	442	University
6	21	443	445	of
6	22	446	456	California
6	23	457	458	,
6	24	459	462	San
6	25	463	468	Diego
6	26	469	470	,
6	27	471	474	San
6	28	475	480	Diego
6	29	481	482	,
6	30	483	493	California
6	31	494	495	.
#Text=AIM: This randomized, double-blind, placebo-controlled parallel-group study assessed the effects of sodium glucose cotransporter 2 inhibition by dapagliflozin on insulin sensitivity and secretion in subjects with type 2 diabetes mellitus (T2DM), who had inadequate glycemic control with metformin (with or without an insulin secretagogue).
7	1	496	499	AIM
7	2	500	501	:
7	3	502	506	This
7	4	507	517	randomized
7	5	518	519	,
7	6	520	526	double
7	7	527	528	-
7	8	529	534	blind
7	9	535	536	,
7	10	537	544	placebo
7	11	545	546	-
7	12	547	557	controlled
7	13	558	566	parallel
7	14	567	568	-
7	15	569	574	group
7	16	575	580	study
7	17	581	589	assessed
7	18	590	593	the
7	19	594	601	effects
7	20	602	604	of
7	21	605	611	sodium
7	22	612	619	glucose
7	23	620	633	cotransporter
7	24	634	635	2
7	25	636	646	inhibition
7	26	647	649	by
7	27	650	663	dapagliflozin
7	28	664	666	on
7	29	667	674	insulin
7	30	675	686	sensitivity
7	31	687	690	and
7	32	691	700	secretion
7	33	701	703	in
7	34	704	712	subjects
7	35	713	717	with
7	36	718	722	type
7	37	723	724	2
7	38	725	733	diabetes
7	39	734	742	mellitus
7	40	743	744	(
7	41	745	749	T2DM
7	42	750	751	)
7	43	752	753	,
7	44	754	757	who
7	45	758	761	had
7	46	762	772	inadequate
7	47	773	781	glycemic
7	48	782	789	control
7	49	790	794	with
7	50	795	804	metformin
7	51	805	806	(
7	52	807	811	with
7	53	812	814	or
7	54	815	822	without
7	55	823	825	an
7	56	826	833	insulin
7	57	834	846	secretagogue
7	58	847	848	)
7	59	849	850	.
#Text=SUBJECTS AND METHODS: Forty-four subjects were randomized to receive dapagliflozin 5 mg or matching placebo once daily for 12 weeks.
8	1	851	859	SUBJECTS
8	2	860	863	AND
8	3	864	871	METHODS
8	4	872	873	:
8	5	874	879	Forty
8	6	880	881	-
8	7	882	886	four
8	8	887	895	subjects
8	9	896	900	were
8	10	901	911	randomized
8	11	912	914	to
8	12	915	922	receive
8	13	923	936	dapagliflozin
8	14	937	938	5
8	15	939	941	mg
8	16	942	944	or
8	17	945	953	matching
8	18	954	961	placebo
8	19	962	966	once
8	20	967	972	daily
8	21	973	976	for
8	22	977	979	12
8	23	980	985	weeks
8	24	986	987	.
#Text=Subjects continued stable doses of background antidiabetes medication throughout the study.
9	1	988	996	Subjects
9	2	997	1006	continued
9	3	1007	1013	stable
9	4	1014	1019	doses
9	5	1020	1022	of
9	6	1023	1033	background
9	7	1034	1046	antidiabetes
9	8	1047	1057	medication
9	9	1058	1068	throughout
9	10	1069	1072	the
9	11	1073	1078	study
9	12	1079	1080	.
#Text=Insulin sensitivity was assessed by measuring the glucose disappearance rate (GDR) during the last 40 min of a 5-h hyperinsulinemic, euglycemic clamp.
10	1	1081	1088	Insulin
10	2	1089	1100	sensitivity
10	3	1101	1104	was
10	4	1105	1113	assessed
10	5	1114	1116	by
10	6	1117	1126	measuring
10	7	1127	1130	the
10	8	1131	1138	glucose
10	9	1139	1152	disappearance
10	10	1153	1157	rate
10	11	1158	1159	(
10	12	1160	1163	GDR
10	13	1164	1165	)
10	14	1166	1172	during
10	15	1173	1176	the
10	16	1177	1181	last
10	17	1182	1184	40
10	18	1185	1188	min
10	19	1189	1191	of
10	20	1192	1193	a
10	21	1194	1195	5
10	22	1196	1197	-
10	23	1198	1199	h
10	24	1200	1216	hyperinsulinemic
10	25	1217	1218	,
10	26	1219	1229	euglycemic
10	27	1230	1235	clamp
10	28	1236	1237	.
#Text=Insulin secretion was determined as the acute insulin response to glucose (AIRg)  during the first 10 min of a frequently sampled intravenous glucose tolerance test.
11	1	1238	1245	Insulin
11	2	1246	1255	secretion
11	3	1256	1259	was
11	4	1260	1270	determined
11	5	1271	1273	as
11	6	1274	1277	the
11	7	1278	1283	acute
11	8	1284	1291	insulin
11	9	1292	1300	response
11	10	1301	1303	to
11	11	1304	1311	glucose
11	12	1312	1313	(
11	13	1314	1318	AIRg
11	14	1319	1320	)
11	15	1321	1327	during
11	16	1328	1331	the
11	17	1332	1337	first
11	18	1338	1340	10
11	19	1341	1344	min
11	20	1345	1347	of
11	21	1348	1349	a
11	22	1350	1360	frequently
11	23	1361	1368	sampled
11	24	1369	1380	intravenous
11	25	1381	1388	glucose
11	26	1389	1398	tolerance
11	27	1399	1403	test
11	28	1404	1405	.
#Text=Where noted, data were adjusted for baseline values and background antidiabetes medication.
12	1	1406	1411	Where
12	2	1412	1417	noted
12	3	1418	1419	,
12	4	1420	1424	data
12	5	1425	1429	were
12	6	1430	1438	adjusted
12	7	1439	1442	for
12	8	1443	1451	baseline
12	9	1452	1458	values
12	10	1459	1462	and
12	11	1463	1473	background
12	12	1474	1486	antidiabetes
12	13	1487	1497	medication
12	14	1498	1499	.
#Text=RESULTS: An adjusted mean increase from baseline in GDR (last observation carried forward), at Week 12, was observed with dapagliflozin (7.98%) versus a decrease with placebo (-9.99%).
13	1	1500	1507	RESULTS
13	2	1508	1509	:
13	3	1510	1512	An
13	4	1513	1521	adjusted
13	5	1522	1526	mean
13	6	1527	1535	increase
13	7	1536	1540	from
13	8	1541	1549	baseline
13	9	1550	1552	in
13	10	1553	1556	GDR
13	11	1557	1558	(
13	12	1559	1563	last
13	13	1564	1575	observation
13	14	1576	1583	carried
13	15	1584	1591	forward
13	16	1592	1593	)
13	17	1594	1595	,
13	18	1596	1598	at
13	19	1599	1603	Week
13	20	1604	1606	12
13	21	1607	1608	,
13	22	1609	1612	was
13	23	1613	1621	observed
13	24	1622	1626	with
13	25	1627	1640	dapagliflozin
13	26	1641	1642	(
13	27	1643	1644	7
13	28	1645	1646	.
13	29	1647	1649	98
13	30	1650	1651	%
13	31	1652	1653	)
13	32	1654	1660	versus
13	33	1661	1662	a
13	34	1663	1671	decrease
13	35	1672	1676	with
13	36	1677	1684	placebo
13	37	1685	1686	(
13	38	1687	1688	-
13	39	1689	1690	9
13	40	1691	1692	.
13	41	1693	1695	99
13	42	1696	1697	%
13	43	1698	1699	)
13	44	1700	1701	.
#Text=The 19.97% (95% confidence interval 5.75-36.10) difference in GDR versus placebo was statistically significant (P=0.0059).
14	1	1702	1705	The
14	2	1706	1708	19
14	3	1709	1710	.
14	4	1711	1713	97
14	5	1714	1715	%
14	6	1716	1717	(
14	7	1718	1720	95
14	8	1721	1722	%
14	9	1723	1733	confidence
14	10	1734	1742	interval
14	11	1743	1744	5
14	12	1745	1746	.
14	13	1747	1749	75
14	14	1750	1751	-
14	15	1752	1754	36
14	16	1755	1756	.
14	17	1757	1759	10
14	18	1760	1761	)
14	19	1762	1772	difference
14	20	1773	1775	in
14	21	1776	1779	GDR
14	22	1780	1786	versus
14	23	1787	1794	placebo
14	24	1795	1798	was
14	25	1799	1812	statistically
14	26	1813	1824	significant
14	27	1825	1826	(
14	28	1827	1828	P
14	29	1829	1830	=
14	30	1831	1832	0
14	31	1833	1834	.
14	32	1835	1839	0059
14	33	1840	1841	)
14	34	1842	1843	.
#Text=A change from baseline in adjusted mean AIRg of 15.39 mU/L min was observed with dapagliflozin  at Week 12, versus -12.73 mU/L min with placebo (P=0.0598).
15	1	1844	1845	A
15	2	1846	1852	change
15	3	1853	1857	from
15	4	1858	1866	baseline
15	5	1867	1869	in
15	6	1870	1878	adjusted
15	7	1879	1883	mean
15	8	1884	1888	AIRg
15	9	1889	1891	of
15	10	1892	1894	15
15	11	1895	1896	.
15	12	1897	1899	39
15	13	1900	1902	mU
15	14	1903	1904	/
15	15	1905	1906	L
15	16	1907	1910	min
15	17	1911	1914	was
15	18	1915	1923	observed
15	19	1924	1928	with
15	20	1929	1942	dapagliflozin
15	21	1943	1945	at
15	22	1946	1950	Week
15	23	1951	1953	12
15	24	1954	1955	,
15	25	1956	1962	versus
15	26	1963	1964	-
15	27	1965	1967	12
15	28	1968	1969	.
15	29	1970	1972	73
15	30	1973	1975	mU
15	31	1976	1977	/
15	32	1978	1979	L
15	33	1980	1983	min
15	34	1984	1988	with
15	35	1989	1996	placebo
15	36	1997	1998	(
15	37	1999	2000	P
15	38	2001	2002	=
15	39	2003	2004	0
15	40	2005	2006	.
15	41	2007	2011	0598
15	42	2012	2013	)
15	43	2014	2015	.
#Text=Over 12 weeks, numerical reductions from baseline in glycosylated hemoglobin (HbA1c), fasting plasma glucose, and body weight were observed with dapagliflozin (-0.38%, -0.39 mmol/L, and -1.58%, respectively) versus slight numerical increases with placebo  (0.03%, 0.26 mmol/L, and 0.62%, respectively).
16	1	2016	2020	Over
16	2	2021	2023	12
16	3	2024	2029	weeks
16	4	2030	2031	,
16	5	2032	2041	numerical
16	6	2042	2052	reductions
16	7	2053	2057	from
16	8	2058	2066	baseline
16	9	2067	2069	in
16	10	2070	2082	glycosylated
16	11	2083	2093	hemoglobin
16	12	2094	2095	(
16	13	2096	2101	HbA1c
16	14	2102	2103	)
16	15	2104	2105	,
16	16	2106	2113	fasting
16	17	2114	2120	plasma
16	18	2121	2128	glucose
16	19	2129	2130	,
16	20	2131	2134	and
16	21	2135	2139	body
16	22	2140	2146	weight
16	23	2147	2151	were
16	24	2152	2160	observed
16	25	2161	2165	with
16	26	2166	2179	dapagliflozin
16	27	2180	2181	(
16	28	2182	2183	-
16	29	2184	2185	0
16	30	2186	2187	.
16	31	2188	2190	38
16	32	2191	2192	%
16	33	2193	2194	,
16	34	2195	2196	-
16	35	2197	2198	0
16	36	2199	2200	.
16	37	2201	2203	39
16	38	2204	2208	mmol
16	39	2209	2210	/
16	40	2211	2212	L
16	41	2213	2214	,
16	42	2215	2218	and
16	43	2219	2220	-
16	44	2221	2222	1
16	45	2223	2224	.
16	46	2225	2227	58
16	47	2228	2229	%
16	48	2230	2231	,
16	49	2232	2244	respectively
16	50	2245	2246	)
16	51	2247	2253	versus
16	52	2254	2260	slight
16	53	2261	2270	numerical
16	54	2271	2280	increases
16	55	2281	2285	with
16	56	2286	2293	placebo
16	57	2294	2295	(
16	58	2296	2297	0
16	59	2298	2299	.
16	60	2300	2302	03
16	61	2303	2304	%
16	62	2305	2306	,
16	63	2307	2308	0
16	64	2309	2310	.
16	65	2311	2313	26
16	66	2314	2318	mmol
16	67	2319	2320	/
16	68	2321	2322	L
16	69	2323	2324	,
16	70	2325	2328	and
16	71	2329	2330	0
16	72	2331	2332	.
16	73	2333	2335	62
16	74	2336	2337	%
16	75	2338	2339	,
16	76	2340	2352	respectively
16	77	2353	2354	)
16	78	2355	2356	.
#Text=CONCLUSIONS: In patients with T2DM and inadequate glycemic control, dapagliflozin treatment improved insulin sensitivity in the setting of reductions in HbA1c and  weight.
17	1	2357	2368	CONCLUSIONS
17	2	2369	2370	:
17	3	2371	2373	In
17	4	2374	2382	patients
17	5	2383	2387	with
17	6	2388	2392	T2DM
17	7	2393	2396	and
17	8	2397	2407	inadequate
17	9	2408	2416	glycemic
17	10	2417	2424	control
17	11	2425	2426	,
17	12	2427	2440	dapagliflozin
17	13	2441	2450	treatment
17	14	2451	2459	improved
17	15	2460	2467	insulin
17	16	2468	2479	sensitivity
17	17	2480	2482	in
17	18	2483	2486	the
17	19	2487	2494	setting
17	20	2495	2497	of
17	21	2498	2508	reductions
17	22	2509	2511	in
17	23	2512	2517	HbA1c
17	24	2518	2521	and
17	25	2522	2528	weight
17	26	2529	2530	.
#Text=DOI: 10.1089/dia.2013.0167  PMID: 24237386  [Indexed for MEDLINE]
18	1	2531	2534	DOI
18	2	2535	2536	:
18	3	2537	2539	10
18	4	2540	2541	.
18	5	2542	2546	1089
18	6	2547	2548	/
18	7	2549	2552	dia
18	8	2553	2554	.
18	9	2555	2559	2013
18	10	2560	2561	.
18	11	2562	2566	0167
18	12	2567	2571	PMID
18	13	2572	2573	:
18	14	2574	2582	24237386
18	15	2583	2584	[
18	16	2585	2592	Indexed
18	17	2593	2596	for
18	18	2597	2604	MEDLINE
18	19	2605	2606	]
