#Text=Pharmacotherapy.
1	1	0	15	Pharmacotherapy
1	2	16	17	.
#Text=2015 Nov;35(11):983-90. doi: 10.1002/phar.1648.
2	1	18	22	2015
2	2	23	26	Nov
2	3	27	28	;
2	4	29	31	35
2	5	32	33	(
2	6	34	36	11
2	7	37	38	)
2	8	39	40	:
2	9	41	44	983
2	10	45	46	-
2	11	47	49	90
2	12	50	51	.
2	13	52	55	doi
2	14	56	57	:
2	15	58	60	10
2	16	61	62	.
2	17	63	67	1002
2	18	68	69	/
2	19	70	74	phar
2	20	75	76	.
2	21	77	81	1648
2	22	82	83	.
#Text=Epub 2015 Nov 2.
3	1	84	88	Epub
3	2	89	93	2015
3	3	94	97	Nov
3	4	98	99	2
3	5	100	101	.
#Text=Effect of Acarbose on Glycemic Variability in Patients with Poorly Controlled Type 2 Diabetes Mellitus Receiving Stable Background Therapy: A Placebo-Controlled Trial.
4	1	102	108	Effect
4	2	109	111	of
4	3	112	120	Acarbose
4	4	121	123	on
4	5	124	132	Glycemic
4	6	133	144	Variability
4	7	145	147	in
4	8	148	156	Patients
4	9	157	161	with
4	10	162	168	Poorly
4	11	169	179	Controlled
4	12	180	184	Type
4	13	185	186	2
4	14	187	195	Diabetes
4	15	196	204	Mellitus
4	16	205	214	Receiving
4	17	215	221	Stable
4	18	222	232	Background
4	19	233	240	Therapy
4	20	241	242	:
4	21	243	244	A
4	22	245	252	Placebo
4	23	253	254	-
4	24	255	265	Controlled
4	25	266	271	Trial
4	26	272	273	.
#Text=Derosa G(1)(2)(3), Franzetti I(4), Querci F(5), D'Angelo A(1)(3), Maffioli P(1)(6).
5	1	274	280	Derosa
5	2	281	282	G
5	3	283	284	(
5	4	285	286	1
5	5	287	288	)
5	6	289	290	(
5	7	291	292	2
5	8	293	294	)
5	9	295	296	(
5	10	297	298	3
5	11	299	300	)
5	12	301	302	,
5	13	303	312	Franzetti
5	14	313	314	I
5	15	315	316	(
5	16	317	318	4
5	17	319	320	)
5	18	321	322	,
5	19	323	329	Querci
5	20	330	331	F
5	21	332	333	(
5	22	334	335	5
5	23	336	337	)
5	24	338	339	,
5	25	340	341	D
5	26	342	343	'
5	27	344	350	Angelo
5	28	351	352	A
5	29	353	354	(
5	30	355	356	1
5	31	357	358	)
5	32	359	360	(
5	33	361	362	3
5	34	363	364	)
5	35	365	366	,
5	36	367	375	Maffioli
5	37	376	377	P
5	38	378	379	(
5	39	380	381	1
5	40	382	383	)
5	41	384	385	(
5	42	386	387	6
5	43	388	389	)
5	44	390	391	.
#Text=Author information:  (1)Department of Internal Medicine and Therapeutics, University of Pavia, and Fondazione IRCCS Policlinico S. Matteo, Pavia, Italy.
6	1	392	398	Author
6	2	399	410	information
6	3	411	412	:
6	4	413	414	(
6	5	415	416	1
6	6	417	418	)
6	7	419	429	Department
6	8	430	432	of
6	9	433	441	Internal
6	10	442	450	Medicine
6	11	451	454	and
6	12	455	467	Therapeutics
6	13	468	469	,
6	14	470	480	University
6	15	481	483	of
6	16	484	489	Pavia
6	17	490	491	,
6	18	492	495	and
6	19	496	506	Fondazione
6	20	507	512	IRCCS
6	21	513	524	Policlinico
6	22	525	526	S
6	23	527	528	.
6	24	529	535	Matteo
6	25	536	537	,
6	26	538	543	Pavia
6	27	544	545	,
6	28	546	551	Italy
6	29	552	553	.
#Text=(2)Center for the Study of Endocrine-Metabolic Pathophysiology and Clinical Research, University of Pavia, Pavia, Italy.
7	1	554	555	(
7	2	556	557	2
7	3	558	559	)
7	4	560	566	Center
7	5	567	570	for
7	6	571	574	the
7	7	575	580	Study
7	8	581	583	of
7	9	584	593	Endocrine
7	10	594	595	-
7	11	596	605	Metabolic
7	12	606	621	Pathophysiology
7	13	622	625	and
7	14	626	634	Clinical
7	15	635	643	Research
7	16	644	645	,
7	17	646	656	University
7	18	657	659	of
7	19	660	665	Pavia
7	20	666	667	,
7	21	668	673	Pavia
7	22	674	675	,
7	23	676	681	Italy
7	24	682	683	.
#Text=(3)Laboratory of Molecular Medicine, University of Pavia, Pavia, Italy.
8	1	684	685	(
8	2	686	687	3
8	3	688	689	)
8	4	690	700	Laboratory
8	5	701	703	of
8	6	704	713	Molecular
8	7	714	722	Medicine
8	8	723	724	,
8	9	725	735	University
8	10	736	738	of
8	11	739	744	Pavia
8	12	745	746	,
8	13	747	752	Pavia
8	14	753	754	,
8	15	755	760	Italy
8	16	761	762	.
#Text=(4)Metabolic Unit, S. Antonio Abate Hospital, Gallarate, Varese, Italy.
9	1	763	764	(
9	2	765	766	4
9	3	767	768	)
9	4	769	778	Metabolic
9	5	779	783	Unit
9	6	784	785	,
9	7	786	787	S
9	8	788	789	.
9	9	790	797	Antonio
9	10	798	803	Abate
9	11	804	812	Hospital
9	12	813	814	,
9	13	815	824	Gallarate
9	14	825	826	,
9	15	827	833	Varese
9	16	834	835	,
9	17	836	841	Italy
9	18	842	843	.
#Text=(5)Ospedale Pesenti Fenaroli, Alzano Lombardo, Bergamo, Italy.
10	1	844	845	(
10	2	846	847	5
10	3	848	849	)
10	4	850	858	Ospedale
10	5	859	866	Pesenti
10	6	867	875	Fenaroli
10	7	876	877	,
10	8	878	884	Alzano
10	9	885	893	Lombardo
10	10	894	895	,
10	11	896	903	Bergamo
10	12	904	905	,
10	13	906	911	Italy
10	14	912	913	.
#Text=(6)PhD School in Experimental Medicine, University of Pavia, Pavia, Italy.
11	1	914	915	(
11	2	916	917	6
11	3	918	919	)
11	4	920	923	PhD
11	5	924	930	School
11	6	931	933	in
11	7	934	946	Experimental
11	8	947	955	Medicine
11	9	956	957	,
11	10	958	968	University
11	11	969	971	of
11	12	972	977	Pavia
11	13	978	979	,
11	14	980	985	Pavia
11	15	986	987	,
11	16	988	993	Italy
11	17	994	995	.
#Text=STUDY OBJECTIVE: To evaluate the effect of acarbose on glycemic control and glycemic variability, using a continuous glucose-monitoring system, in patients with type 2 diabetes mellitus who were not well controlled on metformin and vildagliptin therapy.
12	1	996	1001	STUDY
12	2	1002	1011	OBJECTIVE
12	3	1012	1013	:
12	4	1014	1016	To
12	5	1017	1025	evaluate
12	6	1026	1029	the
12	7	1030	1036	effect
12	8	1037	1039	of
12	9	1040	1048	acarbose
12	10	1049	1051	on
12	11	1052	1060	glycemic
12	12	1061	1068	control
12	13	1069	1072	and
12	14	1073	1081	glycemic
12	15	1082	1093	variability
12	16	1094	1095	,
12	17	1096	1101	using
12	18	1102	1103	a
12	19	1104	1114	continuous
12	20	1115	1122	glucose
12	21	1123	1124	-
12	22	1125	1135	monitoring
12	23	1136	1142	system
12	24	1143	1144	,
12	25	1145	1147	in
12	26	1148	1156	patients
12	27	1157	1161	with
12	28	1162	1166	type
12	29	1167	1168	2
12	30	1169	1177	diabetes
12	31	1178	1186	mellitus
12	32	1187	1190	who
12	33	1191	1195	were
12	34	1196	1199	not
12	35	1200	1204	well
12	36	1205	1215	controlled
12	37	1216	1218	on
12	38	1219	1228	metformin
12	39	1229	1232	and
12	40	1233	1245	vildagliptin
12	41	1246	1253	therapy
12	42	1254	1255	.
#Text=DESIGN: Multicenter, randomized, double-blind, placebo-controlled study.
13	1	1256	1262	DESIGN
13	2	1263	1264	:
13	3	1265	1276	Multicenter
13	4	1277	1278	,
13	5	1279	1289	randomized
13	6	1290	1291	,
13	7	1292	1298	double
13	8	1299	1300	-
13	9	1301	1306	blind
13	10	1307	1308	,
13	11	1309	1316	placebo
13	12	1317	1318	-
13	13	1319	1329	controlled
13	14	1330	1335	study
13	15	1336	1337	.
#Text=SETTING: Clinical research units at three hospitals in Italy.
14	1	1338	1345	SETTING
14	2	1346	1347	:
14	3	1348	1356	Clinical
14	4	1357	1365	research
14	5	1366	1371	units
14	6	1372	1374	at
14	7	1375	1380	three
14	8	1381	1390	hospitals
14	9	1391	1393	in
14	10	1394	1399	Italy
14	11	1400	1401	.
#Text=PATIENTS: Fifty-three patients with type 2 diabetes who were taking stable dosages of metformin 850 mg 3 times/day and vildagliptin 50 mg twice/day for at least 3 months and who were not adequately controlled with these therapies.
15	1	1402	1410	PATIENTS
15	2	1411	1412	:
15	3	1413	1418	Fifty
15	4	1419	1420	-
15	5	1421	1426	three
15	6	1427	1435	patients
15	7	1436	1440	with
15	8	1441	1445	type
15	9	1446	1447	2
15	10	1448	1456	diabetes
15	11	1457	1460	who
15	12	1461	1465	were
15	13	1466	1472	taking
15	14	1473	1479	stable
15	15	1480	1487	dosages
15	16	1488	1490	of
15	17	1491	1500	metformin
15	18	1501	1504	850
15	19	1505	1507	mg
15	20	1508	1509	3
15	21	1510	1515	times
15	22	1516	1517	/
15	23	1518	1521	day
15	24	1522	1525	and
15	25	1526	1538	vildagliptin
15	26	1539	1541	50
15	27	1542	1544	mg
15	28	1545	1550	twice
15	29	1551	1552	/
15	30	1553	1556	day
15	31	1557	1560	for
15	32	1561	1563	at
15	33	1564	1569	least
15	34	1570	1571	3
15	35	1572	1578	months
15	36	1579	1582	and
15	37	1583	1586	who
15	38	1587	1591	were
15	39	1592	1595	not
15	40	1596	1606	adequately
15	41	1607	1617	controlled
15	42	1618	1622	with
15	43	1623	1628	these
15	44	1629	1638	therapies
15	45	1639	1640	.
#Text=INTERVENTION: Patients were randomized to either placebo or acarbose 100 mg 3 times/day to be added to their metformin-vildagliptin regimen.
16	1	1641	1653	INTERVENTION
16	2	1654	1655	:
16	3	1656	1664	Patients
16	4	1665	1669	were
16	5	1670	1680	randomized
16	6	1681	1683	to
16	7	1684	1690	either
16	8	1691	1698	placebo
16	9	1699	1701	or
16	10	1702	1710	acarbose
16	11	1711	1714	100
16	12	1715	1717	mg
16	13	1718	1719	3
16	14	1720	1725	times
16	15	1726	1727	/
16	16	1728	1731	day
16	17	1732	1734	to
16	18	1735	1737	be
16	19	1738	1743	added
16	20	1744	1746	to
16	21	1747	1752	their
16	22	1753	1762	metformin
16	23	1763	1764	-
16	24	1765	1777	vildagliptin
16	25	1778	1785	regimen
16	26	1786	1787	.
#Text=MEASUREMENTS AND MAIN RESULTS: Glycemic excursions were assessed by using a continuous glucose-monitoring system for 1 week.
17	1	1788	1800	MEASUREMENTS
17	2	1801	1804	AND
17	3	1805	1809	MAIN
17	4	1810	1817	RESULTS
17	5	1818	1819	:
17	6	1820	1828	Glycemic
17	7	1829	1839	excursions
17	8	1840	1844	were
17	9	1845	1853	assessed
17	10	1854	1856	by
17	11	1857	1862	using
17	12	1863	1864	a
17	13	1865	1875	continuous
17	14	1876	1883	glucose
17	15	1884	1885	-
17	16	1886	1896	monitoring
17	17	1897	1903	system
17	18	1904	1907	for
17	19	1908	1909	1
17	20	1910	1914	week
17	21	1915	1916	.
#Text=Glycemic control was estimated as the mean blood glucose (MBG) level, the area under the glucose concentration-time curve for a glucose level above 70 mg/dl (AUC above 70) or 180 mg/dl (AUC above 180), and the percentage of time that the glucose level was above 70 mg/dl (T above 70) or 180 mg/dl (T above 180).
18	1	1917	1925	Glycemic
18	2	1926	1933	control
18	3	1934	1937	was
18	4	1938	1947	estimated
18	5	1948	1950	as
18	6	1951	1954	the
18	7	1955	1959	mean
18	8	1960	1965	blood
18	9	1966	1973	glucose
18	10	1974	1975	(
18	11	1976	1979	MBG
18	12	1980	1981	)
18	13	1982	1987	level
18	14	1988	1989	,
18	15	1990	1993	the
18	16	1994	1998	area
18	17	1999	2004	under
18	18	2005	2008	the
18	19	2009	2016	glucose
18	20	2017	2030	concentration
18	21	2031	2032	-
18	22	2033	2037	time
18	23	2038	2043	curve
18	24	2044	2047	for
18	25	2048	2049	a
18	26	2050	2057	glucose
18	27	2058	2063	level
18	28	2064	2069	above
18	29	2070	2072	70
18	30	2073	2075	mg
18	31	2076	2077	/
18	32	2078	2080	dl
18	33	2081	2082	(
18	34	2083	2086	AUC
18	35	2087	2092	above
18	36	2093	2095	70
18	37	2096	2097	)
18	38	2098	2100	or
18	39	2101	2104	180
18	40	2105	2107	mg
18	41	2108	2109	/
18	42	2110	2112	dl
18	43	2113	2114	(
18	44	2115	2118	AUC
18	45	2119	2124	above
18	46	2125	2128	180
18	47	2129	2130	)
18	48	2131	2132	,
18	49	2133	2136	and
18	50	2137	2140	the
18	51	2141	2151	percentage
18	52	2152	2154	of
18	53	2155	2159	time
18	54	2160	2164	that
18	55	2165	2168	the
18	56	2169	2176	glucose
18	57	2177	2182	level
18	58	2183	2186	was
18	59	2187	2192	above
18	60	2193	2195	70
18	61	2196	2198	mg
18	62	2199	2200	/
18	63	2201	2203	dl
18	64	2204	2205	(
18	65	2206	2207	T
18	66	2208	2213	above
18	67	2214	2216	70
18	68	2217	2218	)
18	69	2219	2221	or
18	70	2222	2225	180
18	71	2226	2228	mg
18	72	2229	2230	/
18	73	2231	2233	dl
18	74	2234	2235	(
18	75	2236	2237	T
18	76	2238	2243	above
18	77	2244	2247	180
18	78	2248	2249	)
18	79	2250	2251	.
#Text=Intraday glycemic variability was assessed by the standard deviation of the blood glucose level, the mean amplitude of glycemic excursions (MAGE), the M value, and continuous overlapping net glycemic action.
19	1	2252	2260	Intraday
19	2	2261	2269	glycemic
19	3	2270	2281	variability
19	4	2282	2285	was
19	5	2286	2294	assessed
19	6	2295	2297	by
19	7	2298	2301	the
19	8	2302	2310	standard
19	9	2311	2320	deviation
19	10	2321	2323	of
19	11	2324	2327	the
19	12	2328	2333	blood
19	13	2334	2341	glucose
19	14	2342	2347	level
19	15	2348	2349	,
19	16	2350	2353	the
19	17	2354	2358	mean
19	18	2359	2368	amplitude
19	19	2369	2371	of
19	20	2372	2380	glycemic
19	21	2381	2391	excursions
19	22	2392	2393	(
19	23	2394	2398	MAGE
19	24	2399	2400	)
19	25	2401	2402	,
19	26	2403	2406	the
19	27	2407	2408	M
19	28	2409	2414	value
19	29	2415	2416	,
19	30	2417	2420	and
19	31	2421	2431	continuous
19	32	2432	2443	overlapping
19	33	2444	2447	net
19	34	2448	2456	glycemic
19	35	2457	2463	action
19	36	2464	2465	.
#Text=Day-to-day glycemic variability was assessed as  the mean of daily difference (MODD).
20	1	2466	2469	Day
20	2	2470	2471	-
20	3	2472	2474	to
20	4	2475	2476	-
20	5	2477	2480	day
20	6	2481	2489	glycemic
20	7	2490	2501	variability
20	8	2502	2505	was
20	9	2506	2514	assessed
20	10	2515	2517	as
20	11	2518	2521	the
20	12	2522	2526	mean
20	13	2527	2529	of
20	14	2530	2535	daily
20	15	2536	2546	difference
20	16	2547	2548	(
20	17	2549	2553	MODD
20	18	2554	2555	)
20	19	2556	2557	.
#Text=The MBG level was ~20 mg/dl lower in the acarbose group than in the placebo group (p<0.05), particularly during the postprandial period.
21	1	2558	2561	The
21	2	2562	2565	MBG
21	3	2566	2571	level
21	4	2572	2575	was
21	5	2576	2577	~
21	6	2578	2580	20
21	7	2581	2583	mg
21	8	2584	2585	/
21	9	2586	2588	dl
21	10	2589	2594	lower
21	11	2595	2597	in
21	12	2598	2601	the
21	13	2602	2610	acarbose
21	14	2611	2616	group
21	15	2617	2621	than
21	16	2622	2624	in
21	17	2625	2628	the
21	18	2629	2636	placebo
21	19	2637	2642	group
21	20	2643	2644	(
21	21	2645	2646	p
21	22	2647	2648	<
21	23	2649	2650	0
21	24	2651	2652	.
21	25	2653	2655	05
21	26	2656	2657	)
21	27	2658	2659	,
21	28	2660	2672	particularly
21	29	2673	2679	during
21	30	2680	2683	the
21	31	2684	2696	postprandial
21	32	2697	2703	period
21	33	2704	2705	.
#Text=The AUC above 70 did not significantly differ between the two groups, whereas the AUC above 180 was ~40% lower in the acarbose group than in the placebo group during the daytime (p<0.01).
22	1	2706	2709	The
22	2	2710	2713	AUC
22	3	2714	2719	above
22	4	2720	2722	70
22	5	2723	2726	did
22	6	2727	2730	not
22	7	2731	2744	significantly
22	8	2745	2751	differ
22	9	2752	2759	between
22	10	2760	2763	the
22	11	2764	2767	two
22	12	2768	2774	groups
22	13	2775	2776	,
22	14	2777	2784	whereas
22	15	2785	2788	the
22	16	2789	2792	AUC
22	17	2793	2798	above
22	18	2799	2802	180
22	19	2803	2806	was
22	20	2807	2808	~
22	21	2809	2811	40
22	22	2812	2813	%
22	23	2814	2819	lower
22	24	2820	2822	in
22	25	2823	2826	the
22	26	2827	2835	acarbose
22	27	2836	2841	group
22	28	2842	2846	than
22	29	2847	2849	in
22	30	2850	2853	the
22	31	2854	2861	placebo
22	32	2862	2867	group
22	33	2868	2874	during
22	34	2875	2878	the
22	35	2879	2886	daytime
22	36	2887	2888	(
22	37	2889	2890	p
22	38	2891	2892	<
22	39	2893	2894	0
22	40	2895	2896	.
22	41	2897	2899	01
22	42	2900	2901	)
22	43	2902	2903	.
#Text=The T above 180 was significantly higher in the placebo group than in the acarbose group (31% vs 8%,  p<0.01.
23	1	2904	2907	The
23	2	2908	2909	T
23	3	2910	2915	above
23	4	2916	2919	180
23	5	2920	2923	was
23	6	2924	2937	significantly
23	7	2938	2944	higher
23	8	2945	2947	in
23	9	2948	2951	the
23	10	2952	2959	placebo
23	11	2960	2965	group
23	12	2966	2970	than
23	13	2971	2973	in
23	14	2974	2977	the
23	15	2978	2986	acarbose
23	16	2987	2992	group
23	17	2993	2994	(
23	18	2995	2997	31
23	19	2998	2999	%
23	20	3000	3002	vs
23	21	3003	3004	8
23	22	3005	3006	%
23	23	3007	3008	,
23	24	3009	3010	p
23	25	3011	3012	<
23	26	3013	3014	0
23	27	3015	3016	.
23	28	3017	3019	01
23	29	3020	3021	.
#Text=Moreover, the standard deviation and MAGE values were significantly lower in the acarbose group.
24	1	3022	3030	Moreover
24	2	3031	3032	,
24	3	3033	3036	the
24	4	3037	3045	standard
24	5	3046	3055	deviation
24	6	3056	3059	and
24	7	3060	3064	MAGE
24	8	3065	3071	values
24	9	3072	3076	were
24	10	3077	3090	significantly
24	11	3091	3096	lower
24	12	3097	3099	in
24	13	3100	3103	the
24	14	3104	3112	acarbose
24	15	3113	3118	group
24	16	3119	3120	.
#Text=The MODD value was not significantly changed in either group, and no significant differences were recorded between groups.
25	1	3121	3124	The
25	2	3125	3129	MODD
25	3	3130	3135	value
25	4	3136	3139	was
25	5	3140	3143	not
25	6	3144	3157	significantly
25	7	3158	3165	changed
25	8	3166	3168	in
25	9	3169	3175	either
25	10	3176	3181	group
25	11	3182	3183	,
25	12	3184	3187	and
25	13	3188	3190	no
25	14	3191	3202	significant
25	15	3203	3214	differences
25	16	3215	3219	were
25	17	3220	3228	recorded
25	18	3229	3236	between
25	19	3237	3243	groups
25	20	3244	3245	.
#Text=All adverse events were mild in both groups, with only a significantly greater frequency of flatulence noted in the acarbose group (5% with acarbose vs 0.5% with placebo, p<0.05).
26	1	3246	3249	All
26	2	3250	3257	adverse
26	3	3258	3264	events
26	4	3265	3269	were
26	5	3270	3274	mild
26	6	3275	3277	in
26	7	3278	3282	both
26	8	3283	3289	groups
26	9	3290	3291	,
26	10	3292	3296	with
26	11	3297	3301	only
26	12	3302	3303	a
26	13	3304	3317	significantly
26	14	3318	3325	greater
26	15	3326	3335	frequency
26	16	3336	3338	of
26	17	3339	3349	flatulence
26	18	3350	3355	noted
26	19	3356	3358	in
26	20	3359	3362	the
26	21	3363	3371	acarbose
26	22	3372	3377	group
26	23	3378	3379	(
26	24	3380	3381	5
26	25	3382	3383	%
26	26	3384	3388	with
26	27	3389	3397	acarbose
26	28	3398	3400	vs
26	29	3401	3402	0
26	30	3403	3404	.
26	31	3405	3406	5
26	32	3407	3408	%
26	33	3409	3413	with
26	34	3414	3421	placebo
26	35	3422	3423	,
26	36	3424	3425	p
26	37	3426	3427	<
26	38	3428	3429	0
26	39	3430	3431	.
26	40	3432	3434	05
26	41	3435	3436	)
26	42	3437	3438	.
#Text=CONCLUSION: The addition of acarbose to metformin and vildagliptin background therapy in patients with inadequately controlled type 2 diabetes decreased intraday glycemic variability, especially postprandial variability, but it was not associated with a significant change in interday glycemic variability.
27	1	3439	3449	CONCLUSION
27	2	3450	3451	:
27	3	3452	3455	The
27	4	3456	3464	addition
27	5	3465	3467	of
27	6	3468	3476	acarbose
27	7	3477	3479	to
27	8	3480	3489	metformin
27	9	3490	3493	and
27	10	3494	3506	vildagliptin
27	11	3507	3517	background
27	12	3518	3525	therapy
27	13	3526	3528	in
27	14	3529	3537	patients
27	15	3538	3542	with
27	16	3543	3555	inadequately
27	17	3556	3566	controlled
27	18	3567	3571	type
27	19	3572	3573	2
27	20	3574	3582	diabetes
27	21	3583	3592	decreased
27	22	3593	3601	intraday
27	23	3602	3610	glycemic
27	24	3611	3622	variability
27	25	3623	3624	,
27	26	3625	3635	especially
27	27	3636	3648	postprandial
27	28	3649	3660	variability
27	29	3661	3662	,
27	30	3663	3666	but
27	31	3667	3669	it
27	32	3670	3673	was
27	33	3674	3677	not
27	34	3678	3688	associated
27	35	3689	3693	with
27	36	3694	3695	a
27	37	3696	3707	significant
27	38	3708	3714	change
27	39	3715	3717	in
27	40	3718	3726	interday
27	41	3727	3735	glycemic
27	42	3736	3747	variability
27	43	3748	3749	.
#Text=© 2015 Pharmacotherapy Publications, Inc.  DOI: 10.1002/phar.1648  PMID: 26598090  [Indexed for MEDLINE]
28	1	3750	3751	©
28	2	3752	3756	2015
28	3	3757	3772	Pharmacotherapy
28	4	3773	3785	Publications
28	5	3786	3787	,
28	6	3788	3791	Inc
28	7	3792	3793	.
28	8	3794	3797	DOI
28	9	3798	3799	:
28	10	3800	3802	10
28	11	3803	3804	.
28	12	3805	3809	1002
28	13	3810	3811	/
28	14	3812	3816	phar
28	15	3817	3818	.
28	16	3819	3823	1648
28	17	3824	3828	PMID
28	18	3829	3830	:
28	19	3831	3839	26598090
28	20	3840	3841	[
28	21	3842	3849	Indexed
28	22	3850	3853	for
28	23	3854	3861	MEDLINE
28	24	3862	3863	]
