#Text=Curr Med Res Opin.
1	1	0	4	Curr
1	2	5	8	Med
1	3	9	12	Res
1	4	13	17	Opin
1	5	18	19	.
#Text=2009 Dec;25(12):2887-94. doi: 10.1185/03007990903354674.
2	1	20	24	2009
2	2	25	28	Dec
2	3	29	30	;
2	4	31	33	25
2	5	34	35	(
2	6	36	38	12
2	7	39	40	)
2	8	41	42	:
2	9	43	47	2887
2	10	48	49	-
2	11	50	52	94
2	12	53	54	.
2	13	55	58	doi
2	14	59	60	:
2	15	61	63	10
2	16	64	65	.
2	17	66	70	1185
2	18	71	72	/
2	19	73	90	03007990903354674
2	20	91	92	.
#Text=Once-daily initiation with biphasic insulin aspart 30 versus insulin glargine in  patients with type 2 diabetes inadequately controlled with oral drugs: an open-label, multinational RCT.
3	1	93	97	Once
3	2	98	99	-
3	3	100	105	daily
3	4	106	116	initiation
3	5	117	121	with
3	6	122	130	biphasic
3	7	131	138	insulin
3	8	139	145	aspart
3	9	146	148	30
3	10	149	155	versus
3	11	156	163	insulin
3	12	164	172	glargine
3	13	173	175	in
3	14	176	184	patients
3	15	185	189	with
3	16	190	194	type
3	17	195	196	2
3	18	197	205	diabetes
3	19	206	218	inadequately
3	20	219	229	controlled
3	21	230	234	with
3	22	235	239	oral
3	23	240	245	drugs
3	24	246	247	:
3	25	248	250	an
3	26	251	255	open
3	27	256	257	-
3	28	258	263	label
3	29	264	265	,
3	30	266	279	multinational
3	31	280	283	RCT
3	32	284	285	.
#Text=Strojek K(1), Bebakar WM, Khutsoane DT, Pesic M, Smahelová A, Thomsen HF, Kalra S.  Author information:  (1)Department of Internal Diseases Diabetology and Nephrology, Silesian Medical University, Zabrze, Poland.
4	1	286	293	Strojek
4	2	294	295	K
4	3	296	297	(
4	4	298	299	1
4	5	300	301	)
4	6	302	303	,
4	7	304	311	Bebakar
4	8	312	314	WM
4	9	315	316	,
4	10	317	326	Khutsoane
4	11	327	329	DT
4	12	330	331	,
4	13	332	337	Pesic
4	14	338	339	M
4	15	340	341	,
4	16	342	350	Smahelov
4	17	351	352	á
4	18	353	354	A
4	19	355	356	,
4	20	357	364	Thomsen
4	21	365	367	HF
4	22	368	369	,
4	23	370	375	Kalra
4	24	376	377	S
4	25	378	379	.
4	26	380	386	Author
4	27	387	398	information
4	28	399	400	:
4	29	401	402	(
4	30	403	404	1
4	31	405	406	)
4	32	407	417	Department
4	33	418	420	of
4	34	421	429	Internal
4	35	430	438	Diseases
4	36	439	450	Diabetology
4	37	451	454	and
4	38	455	465	Nephrology
4	39	466	467	,
4	40	468	476	Silesian
4	41	477	484	Medical
4	42	485	495	University
4	43	496	497	,
4	44	498	504	Zabrze
4	45	505	506	,
4	46	507	513	Poland
4	47	514	515	.
#Text=KSTROJEK@sum.edu.pl  OBJECTIVES: To assess the efficacy and safety of biphasic insulin aspart 70/30 (BIAsp 30) and insulin glargine, administered once daily in subjects with type 2  diabetes inadequately controlled with oral anti-diabetic drugs.
5	1	516	524	KSTROJEK
5	2	525	526	@
5	3	527	530	sum
5	4	531	532	.
5	5	533	536	edu
5	6	537	538	.
5	7	539	541	pl
5	8	542	552	OBJECTIVES
5	9	553	554	:
5	10	555	557	To
5	11	558	564	assess
5	12	565	568	the
5	13	569	577	efficacy
5	14	578	581	and
5	15	582	588	safety
5	16	589	591	of
5	17	592	600	biphasic
5	18	601	608	insulin
5	19	609	615	aspart
5	20	616	618	70
5	21	619	620	/
5	22	621	623	30
5	23	624	625	(
5	24	626	631	BIAsp
5	25	632	634	30
5	26	635	636	)
5	27	637	640	and
5	28	641	648	insulin
5	29	649	657	glargine
5	30	658	659	,
5	31	660	672	administered
5	32	673	677	once
5	33	678	683	daily
5	34	684	686	in
5	35	687	695	subjects
5	36	696	700	with
5	37	701	705	type
5	38	706	707	2
5	39	708	716	diabetes
5	40	717	729	inadequately
5	41	730	740	controlled
5	42	741	745	with
5	43	746	750	oral
5	44	751	755	anti
5	45	756	757	-
5	46	758	766	diabetic
5	47	767	772	drugs
5	48	773	774	.
#Text=RESEARCH DESIGN AND METHODS: In this 26-week, open-labeled, randomized, parallel-group, multinational, treat-to-target trial, 480 insulin-naïve subjects  were randomized to receive either BIAsp 30 before dinner or insulin glargine at bedtime, both in combination with metformin and glimepiride.
6	1	775	783	RESEARCH
6	2	784	790	DESIGN
6	3	791	794	AND
6	4	795	802	METHODS
6	5	803	804	:
6	6	805	807	In
6	7	808	812	this
6	8	813	815	26
6	9	816	817	-
6	10	818	822	week
6	11	823	824	,
6	12	825	829	open
6	13	830	831	-
6	14	832	839	labeled
6	15	840	841	,
6	16	842	852	randomized
6	17	853	854	,
6	18	855	863	parallel
6	19	864	865	-
6	20	866	871	group
6	21	872	873	,
6	22	874	887	multinational
6	23	888	889	,
6	24	890	895	treat
6	25	896	897	-
6	26	898	900	to
6	27	901	902	-
6	28	903	909	target
6	29	910	915	trial
6	30	916	917	,
6	31	918	921	480
6	32	922	929	insulin
6	33	930	931	-
6	34	932	934	na
6	35	935	936	ï
6	36	937	939	ve
6	37	940	948	subjects
6	38	949	953	were
6	39	954	964	randomized
6	40	965	967	to
6	41	968	975	receive
6	42	976	982	either
6	43	983	988	BIAsp
6	44	989	991	30
6	45	992	998	before
6	46	999	1005	dinner
6	47	1006	1008	or
6	48	1009	1016	insulin
6	49	1017	1025	glargine
6	50	1026	1028	at
6	51	1029	1036	bedtime
6	52	1037	1038	,
6	53	1039	1043	both
6	54	1044	1046	in
6	55	1047	1058	combination
6	56	1059	1063	with
6	57	1064	1073	metformin
6	58	1074	1077	and
6	59	1078	1089	glimepiride
6	60	1090	1091	.
#Text=TRIAL REGISTRATION: NCT00469092, ClinicalTrials.gov.
7	1	1092	1097	TRIAL
7	2	1098	1110	REGISTRATION
7	3	1111	1112	:
7	4	1113	1124	NCT00469092
7	5	1125	1126	,
7	6	1127	1141	ClinicalTrials
7	7	1142	1143	.
7	8	1144	1147	gov
7	9	1148	1149	.
#Text=RESULTS: A total of 433 subjects completed the trial.
8	1	1150	1157	RESULTS
8	2	1158	1159	:
8	3	1160	1161	A
8	4	1162	1167	total
8	5	1168	1170	of
8	6	1171	1174	433
8	7	1175	1183	subjects
8	8	1184	1193	completed
8	9	1194	1197	the
8	10	1198	1203	trial
8	11	1204	1205	.
#Text=Estimated mean reduction in HbA(1c) from baseline to end of treatment was -1.41% with BIAsp 30 and -1.25% with insulin glargine (BIAsp 30 - insulin glargine = -0.16%, 95% CI [-0.30; -0.02], p = 0.029).
9	1	1206	1215	Estimated
9	2	1216	1220	mean
9	3	1221	1230	reduction
9	4	1231	1233	in
9	5	1234	1237	HbA
9	6	1238	1239	(
9	7	1240	1242	1c
9	8	1243	1244	)
9	9	1245	1249	from
9	10	1250	1258	baseline
9	11	1259	1261	to
9	12	1262	1265	end
9	13	1266	1268	of
9	14	1269	1278	treatment
9	15	1279	1282	was
9	16	1283	1284	-
9	17	1285	1286	1
9	18	1287	1288	.
9	19	1289	1291	41
9	20	1292	1293	%
9	21	1294	1298	with
9	22	1299	1304	BIAsp
9	23	1305	1307	30
9	24	1308	1311	and
9	25	1312	1313	-
9	26	1314	1315	1
9	27	1316	1317	.
9	28	1318	1320	25
9	29	1321	1322	%
9	30	1323	1327	with
9	31	1328	1335	insulin
9	32	1336	1344	glargine
9	33	1345	1346	(
9	34	1347	1352	BIAsp
9	35	1353	1355	30
9	36	1356	1357	-
9	37	1358	1365	insulin
9	38	1366	1374	glargine
9	39	1375	1376	=
9	40	1377	1378	-
9	41	1379	1380	0
9	42	1381	1382	.
9	43	1383	1385	16
9	44	1386	1387	%
9	45	1388	1389	,
9	46	1390	1392	95
9	47	1393	1394	%
9	48	1395	1397	CI
9	49	1398	1399	[
9	50	1400	1401	-
9	51	1402	1403	0
9	52	1404	1405	.
9	53	1406	1408	30
9	54	1409	1410	;
9	55	1411	1412	-
9	56	1413	1414	0
9	57	1415	1416	.
9	58	1417	1419	02
9	59	1420	1421	]
9	60	1422	1423	,
9	61	1424	1425	p
9	62	1426	1427	=
9	63	1428	1429	0
9	64	1430	1431	.
9	65	1432	1435	029
9	66	1436	1437	)
9	67	1438	1439	.
#Text=At the end of treatment, mean HbA(1c) was 7.1% and 7.3% for BIAsp 30 and insulin glargine, respectively.
10	1	1440	1442	At
10	2	1443	1446	the
10	3	1447	1450	end
10	4	1451	1453	of
10	5	1454	1463	treatment
10	6	1464	1465	,
10	7	1466	1470	mean
10	8	1471	1474	HbA
10	9	1475	1476	(
10	10	1477	1479	1c
10	11	1480	1481	)
10	12	1482	1485	was
10	13	1486	1487	7
10	14	1488	1489	.
10	15	1490	1491	1
10	16	1492	1493	%
10	17	1494	1497	and
10	18	1498	1499	7
10	19	1500	1501	.
10	20	1502	1503	3
10	21	1504	1505	%
10	22	1506	1509	for
10	23	1510	1515	BIAsp
10	24	1516	1518	30
10	25	1519	1522	and
10	26	1523	1530	insulin
10	27	1531	1539	glargine
10	28	1540	1541	,
10	29	1542	1554	respectively
10	30	1555	1556	.
#Text=Significantly lower plasma glucose levels were observed with BIAsp 30 post-dinner (BIAsp 30 - insulin glargine = -0.52 mmol/L, 95% CI [-1.02; -0.03], p = 0.04) and at bedtime (BIAsp 30 - insulin glargine = -0.78 mmol/L, 95% CI [-1.25; -0.31], p < 0.01).
11	1	1557	1570	Significantly
11	2	1571	1576	lower
11	3	1577	1583	plasma
11	4	1584	1591	glucose
11	5	1592	1598	levels
11	6	1599	1603	were
11	7	1604	1612	observed
11	8	1613	1617	with
11	9	1618	1623	BIAsp
11	10	1624	1626	30
11	11	1627	1631	post
11	12	1632	1633	-
11	13	1634	1640	dinner
11	14	1641	1642	(
11	15	1643	1648	BIAsp
11	16	1649	1651	30
11	17	1652	1653	-
11	18	1654	1661	insulin
11	19	1662	1670	glargine
11	20	1671	1672	=
11	21	1673	1674	-
11	22	1675	1676	0
11	23	1677	1678	.
11	24	1679	1681	52
11	25	1682	1686	mmol
11	26	1687	1688	/
11	27	1689	1690	L
11	28	1691	1692	,
11	29	1693	1695	95
11	30	1696	1697	%
11	31	1698	1700	CI
11	32	1701	1702	[
11	33	1703	1704	-
11	34	1705	1706	1
11	35	1707	1708	.
11	36	1709	1711	02
11	37	1712	1713	;
11	38	1714	1715	-
11	39	1716	1717	0
11	40	1718	1719	.
11	41	1720	1722	03
11	42	1723	1724	]
11	43	1725	1726	,
11	44	1727	1728	p
11	45	1729	1730	=
11	46	1731	1732	0
11	47	1733	1734	.
11	48	1735	1737	04
11	49	1738	1739	)
11	50	1740	1743	and
11	51	1744	1746	at
11	52	1747	1754	bedtime
11	53	1755	1756	(
11	54	1757	1762	BIAsp
11	55	1763	1765	30
11	56	1766	1767	-
11	57	1768	1775	insulin
11	58	1776	1784	glargine
11	59	1785	1786	=
11	60	1787	1788	-
11	61	1789	1790	0
11	62	1791	1792	.
11	63	1793	1795	78
11	64	1796	1800	mmol
11	65	1801	1802	/
11	66	1803	1804	L
11	67	1805	1806	,
11	68	1807	1809	95
11	69	1810	1811	%
11	70	1812	1814	CI
11	71	1815	1816	[
11	72	1817	1818	-
11	73	1819	1820	1
11	74	1821	1822	.
11	75	1823	1825	25
11	76	1826	1827	;
11	77	1828	1829	-
11	78	1830	1831	0
11	79	1832	1833	.
11	80	1834	1836	31
11	81	1837	1838	]
11	82	1839	1840	,
11	83	1841	1842	p
11	84	1843	1844	<
11	85	1845	1846	0
11	86	1847	1848	.
11	87	1849	1851	01
11	88	1852	1853	)
11	89	1854	1855	.
#Text=The relative risk (RR) of experiencing a nocturnal hypoglycemic episode (00:00-06.00 a.m.) was significantly higher with BIAsp 30 than with insulin glargine (1.1 versus 0.5 episodes/year, RR = 2.41, 95% CI [1.34; 4.34], p = 0.003), but overall hypoglycemia rates were low.
12	1	1856	1859	The
12	2	1860	1868	relative
12	3	1869	1873	risk
12	4	1874	1875	(
12	5	1876	1878	RR
12	6	1879	1880	)
12	7	1881	1883	of
12	8	1884	1896	experiencing
12	9	1897	1898	a
12	10	1899	1908	nocturnal
12	11	1909	1921	hypoglycemic
12	12	1922	1929	episode
12	13	1930	1931	(
12	14	1932	1934	00
12	15	1935	1936	:
12	16	1937	1939	00
12	17	1940	1941	-
12	18	1942	1944	06
12	19	1945	1946	.
12	20	1947	1949	00
12	21	1950	1951	a
12	22	1952	1953	.
12	23	1954	1955	m
12	24	1956	1957	.
12	25	1958	1959	)
12	26	1960	1963	was
12	27	1964	1977	significantly
12	28	1978	1984	higher
12	29	1985	1989	with
12	30	1990	1995	BIAsp
12	31	1996	1998	30
12	32	1999	2003	than
12	33	2004	2008	with
12	34	2009	2016	insulin
12	35	2017	2025	glargine
12	36	2026	2027	(
12	37	2028	2029	1
12	38	2030	2031	.
12	39	2032	2033	1
12	40	2034	2040	versus
12	41	2041	2042	0
12	42	2043	2044	.
12	43	2045	2046	5
12	44	2047	2055	episodes
12	45	2056	2057	/
12	46	2058	2062	year
12	47	2063	2064	,
12	48	2065	2067	RR
12	49	2068	2069	=
12	50	2070	2071	2
12	51	2072	2073	.
12	52	2074	2076	41
12	53	2077	2078	,
12	54	2079	2081	95
12	55	2082	2083	%
12	56	2084	2086	CI
12	57	2087	2088	[
12	58	2089	2090	1
12	59	2091	2092	.
12	60	2093	2095	34
12	61	2096	2097	;
12	62	2098	2099	4
12	63	2100	2101	.
12	64	2102	2104	34
12	65	2105	2106	]
12	66	2107	2108	,
12	67	2109	2110	p
12	68	2111	2112	=
12	69	2113	2114	0
12	70	2115	2116	.
12	71	2117	2120	003
12	72	2121	2122	)
12	73	2123	2124	,
12	74	2125	2128	but
12	75	2129	2136	overall
12	76	2137	2149	hypoglycemia
12	77	2150	2155	rates
12	78	2156	2160	were
12	79	2161	2164	low
12	80	2165	2166	.
#Text=There were three major hypoglycemic episodes in each group.
13	1	2167	2172	There
13	2	2173	2177	were
13	3	2178	2183	three
13	4	2184	2189	major
13	5	2190	2202	hypoglycemic
13	6	2203	2211	episodes
13	7	2212	2214	in
13	8	2215	2219	each
13	9	2220	2225	group
13	10	2226	2227	.
#Text=CONCLUSIONS: With respect to HbA(1c), BIAsp 30 fulfilled the statistical criteria for non-inferiority and superiority to insulin glargine and, according to pre-defined criteria, the improvements in HbA(1c) are considered clinically equivalent.
14	1	2228	2239	CONCLUSIONS
14	2	2240	2241	:
14	3	2242	2246	With
14	4	2247	2254	respect
14	5	2255	2257	to
14	6	2258	2261	HbA
14	7	2262	2263	(
14	8	2264	2266	1c
14	9	2267	2268	)
14	10	2269	2270	,
14	11	2271	2276	BIAsp
14	12	2277	2279	30
14	13	2280	2289	fulfilled
14	14	2290	2293	the
14	15	2294	2305	statistical
14	16	2306	2314	criteria
14	17	2315	2318	for
14	18	2319	2322	non
14	19	2323	2324	-
14	20	2325	2336	inferiority
14	21	2337	2340	and
14	22	2341	2352	superiority
14	23	2353	2355	to
14	24	2356	2363	insulin
14	25	2364	2372	glargine
14	26	2373	2376	and
14	27	2377	2378	,
14	28	2379	2388	according
14	29	2389	2391	to
14	30	2392	2395	pre
14	31	2396	2397	-
14	32	2398	2405	defined
14	33	2406	2414	criteria
14	34	2415	2416	,
14	35	2417	2420	the
14	36	2421	2433	improvements
14	37	2434	2436	in
14	38	2437	2440	HbA
14	39	2441	2442	(
14	40	2443	2445	1c
14	41	2446	2447	)
14	42	2448	2451	are
14	43	2452	2462	considered
14	44	2463	2473	clinically
14	45	2474	2484	equivalent
14	46	2485	2486	.
#Text=Subjects had an increased risk of minor nocturnal hypoglycemia with BIAsp 30.
15	1	2487	2495	Subjects
15	2	2496	2499	had
15	3	2500	2502	an
15	4	2503	2512	increased
15	5	2513	2517	risk
15	6	2518	2520	of
15	7	2521	2526	minor
15	8	2527	2536	nocturnal
15	9	2537	2549	hypoglycemia
15	10	2550	2554	with
15	11	2555	2560	BIAsp
15	12	2561	2563	30
15	13	2564	2565	.
#Text=There were no differences in treatment satisfaction between the two groups.
16	1	2566	2571	There
16	2	2572	2576	were
16	3	2577	2579	no
16	4	2580	2591	differences
16	5	2592	2594	in
16	6	2595	2604	treatment
16	7	2605	2617	satisfaction
16	8	2618	2625	between
16	9	2626	2629	the
16	10	2630	2633	two
16	11	2634	2640	groups
16	12	2641	2642	.
#Text=DOI: 10.1185/03007990903354674  PMID: 19821654  [Indexed for MEDLINE]
17	1	2643	2646	DOI
17	2	2647	2648	:
17	3	2649	2651	10
17	4	2652	2653	.
17	5	2654	2658	1185
17	6	2659	2660	/
17	7	2661	2678	03007990903354674
17	8	2679	2683	PMID
17	9	2684	2685	:
17	10	2686	2694	19821654
17	11	2695	2696	[
17	12	2697	2704	Indexed
17	13	2705	2708	for
17	14	2709	2716	MEDLINE
17	15	2717	2718	]
