#Text=Ann Intern Med.
1	1	0	3	Ann
1	2	4	10	Intern
1	3	11	14	Med
1	4	15	16	.
#Text=2008 Oct 21;149(8):531-9.
2	1	17	21	2008
2	2	22	25	Oct
2	3	26	28	21
2	4	29	30	;
2	5	31	34	149
2	6	35	36	(
2	7	37	38	8
2	8	39	40	)
2	9	41	42	:
2	10	43	46	531
2	11	47	48	-
2	12	49	50	9
2	13	51	52	.
#Text=Addition of neutral protamine lispro insulin or insulin glargine to oral type 2 diabetes regimens for patients with suboptimal glycemic control: a randomized trial.
3	1	53	61	Addition
3	2	62	64	of
3	3	65	72	neutral
3	4	73	82	protamine
3	5	83	89	lispro
3	6	90	97	insulin
3	7	98	100	or
3	8	101	108	insulin
3	9	109	117	glargine
3	10	118	120	to
3	11	121	125	oral
3	12	126	130	type
3	13	131	132	2
3	14	133	141	diabetes
3	15	142	150	regimens
3	16	151	154	for
3	17	155	163	patients
3	18	164	168	with
3	19	169	179	suboptimal
3	20	180	188	glycemic
3	21	189	196	control
3	22	197	198	:
3	23	199	200	a
3	24	201	211	randomized
3	25	212	217	trial
3	26	218	219	.
#Text=Esposito K(1), Ciotola M, Maiorino MI, Gualdiero R, Schisano B, Ceriello A, Beneduce F, Feola G, Giugliano D.  Author information:  (1)Second University of Naples and Azienda Sanitaria Locale Napoli 5, Naples, Italy.
4	1	220	228	Esposito
4	2	229	230	K
4	3	231	232	(
4	4	233	234	1
4	5	235	236	)
4	6	237	238	,
4	7	239	246	Ciotola
4	8	247	248	M
4	9	249	250	,
4	10	251	259	Maiorino
4	11	260	262	MI
4	12	263	264	,
4	13	265	274	Gualdiero
4	14	275	276	R
4	15	277	278	,
4	16	279	287	Schisano
4	17	288	289	B
4	18	290	291	,
4	19	292	300	Ceriello
4	20	301	302	A
4	21	303	304	,
4	22	305	313	Beneduce
4	23	314	315	F
4	24	316	317	,
4	25	318	323	Feola
4	26	324	325	G
4	27	326	327	,
4	28	328	337	Giugliano
4	29	338	339	D
4	30	340	341	.
4	31	342	348	Author
4	32	349	360	information
4	33	361	362	:
4	34	363	364	(
4	35	365	366	1
4	36	367	368	)
4	37	369	375	Second
4	38	376	386	University
4	39	387	389	of
4	40	390	396	Naples
4	41	397	400	and
4	42	401	408	Azienda
4	43	409	418	Sanitaria
4	44	419	425	Locale
4	45	426	432	Napoli
4	46	433	434	5
4	47	435	436	,
4	48	437	443	Naples
4	49	444	445	,
4	50	446	451	Italy
4	51	452	453	.
#Text=Comment in     Ann Intern Med.
5	1	454	461	Comment
5	2	462	464	in
5	3	465	468	Ann
5	4	469	475	Intern
5	5	476	479	Med
5	6	480	481	.
#Text=2008 Oct 21;149(8):586-8.
6	1	482	486	2008
6	2	487	490	Oct
6	3	491	493	21
6	4	494	495	;
6	5	496	499	149
6	6	500	501	(
6	7	502	503	8
6	8	504	505	)
6	9	506	507	:
6	10	508	511	586
6	11	512	513	-
6	12	514	515	8
6	13	516	517	.
#Text=Summary for patients in     Ann Intern Med.
7	1	518	525	Summary
7	2	526	529	for
7	3	530	538	patients
7	4	539	541	in
7	5	542	545	Ann
7	6	546	552	Intern
7	7	553	556	Med
7	8	557	558	.
#Text=2008 Oct 21;149(8):I-46.
8	1	559	563	2008
8	2	564	567	Oct
8	3	568	570	21
8	4	571	572	;
8	5	573	576	149
8	6	577	578	(
8	7	579	580	8
8	8	581	582	)
8	9	583	584	:
8	10	585	586	I
8	11	587	588	-
8	12	589	591	46
8	13	592	593	.
#Text=Ann Intern Med.
9	1	594	597	Ann
9	2	598	604	Intern
9	3	605	608	Med
9	4	609	610	.
#Text=2008 Oct 21;149(8):I-52.
10	1	611	615	2008
10	2	616	619	Oct
10	3	620	622	21
10	4	623	624	;
10	5	625	628	149
10	6	629	630	(
10	7	631	632	8
10	8	633	634	)
10	9	635	636	:
10	10	637	638	I
10	11	639	640	-
10	12	641	643	52
10	13	644	645	.
#Text=BACKGROUND: Injection of long-acting insulin at bedtime is a common therapeutic approach for patients with type 2 diabetes that is poorly controlled with oral regimens.
11	1	646	656	BACKGROUND
11	2	657	658	:
11	3	659	668	Injection
11	4	669	671	of
11	5	672	676	long
11	6	677	678	-
11	7	679	685	acting
11	8	686	693	insulin
11	9	694	696	at
11	10	697	704	bedtime
11	11	705	707	is
11	12	708	709	a
11	13	710	716	common
11	14	717	728	therapeutic
11	15	729	737	approach
11	16	738	741	for
11	17	742	750	patients
11	18	751	755	with
11	19	756	760	type
11	20	761	762	2
11	21	763	771	diabetes
11	22	772	776	that
11	23	777	779	is
11	24	780	786	poorly
11	25	787	797	controlled
11	26	798	802	with
11	27	803	807	oral
11	28	808	816	regimens
11	29	817	818	.
#Text=Neutral protamine lispro (NPL) insulin has demonstrated better glycemic control and similar incidence of hypoglycemic events than that of neutral protamine Hagedorn insulin.
12	1	819	826	Neutral
12	2	827	836	protamine
12	3	837	843	lispro
12	4	844	845	(
12	5	846	849	NPL
12	6	850	851	)
12	7	852	859	insulin
12	8	860	863	has
12	9	864	876	demonstrated
12	10	877	883	better
12	11	884	892	glycemic
12	12	893	900	control
12	13	901	904	and
12	14	905	912	similar
12	15	913	922	incidence
12	16	923	925	of
12	17	926	938	hypoglycemic
12	18	939	945	events
12	19	946	950	than
12	20	951	955	that
12	21	956	958	of
12	22	959	966	neutral
12	23	967	976	protamine
12	24	977	985	Hagedorn
12	25	986	993	insulin
12	26	994	995	.
#Text=OBJECTIVE: To compare the clinical efficacy and safety of bedtime NPL insulin or  insulin glargine in patients with type 2 diabetes who had suboptimal glycemic control while receiving stable doses of metformin and sulfonylurea.
13	1	996	1005	OBJECTIVE
13	2	1006	1007	:
13	3	1008	1010	To
13	4	1011	1018	compare
13	5	1019	1022	the
13	6	1023	1031	clinical
13	7	1032	1040	efficacy
13	8	1041	1044	and
13	9	1045	1051	safety
13	10	1052	1054	of
13	11	1055	1062	bedtime
13	12	1063	1066	NPL
13	13	1067	1074	insulin
13	14	1075	1077	or
13	15	1078	1085	insulin
13	16	1086	1094	glargine
13	17	1095	1097	in
13	18	1098	1106	patients
13	19	1107	1111	with
13	20	1112	1116	type
13	21	1117	1118	2
13	22	1119	1127	diabetes
13	23	1128	1131	who
13	24	1132	1135	had
13	25	1136	1146	suboptimal
13	26	1147	1155	glycemic
13	27	1156	1163	control
13	28	1164	1169	while
13	29	1170	1179	receiving
13	30	1180	1186	stable
13	31	1187	1192	doses
13	32	1193	1195	of
13	33	1196	1205	metformin
13	34	1206	1209	and
13	35	1210	1222	sulfonylurea
13	36	1223	1224	.
#Text=DESIGN: Open-label, randomized trial.
14	1	1225	1231	DESIGN
14	2	1232	1233	:
14	3	1234	1238	Open
14	4	1239	1240	-
14	5	1241	1246	label
14	6	1247	1248	,
14	7	1249	1259	randomized
14	8	1260	1265	trial
14	9	1266	1267	.
#Text=SETTING: Teaching hospital (Azienda Ospedaliera Universitaria, Second University  of Naples), Naples, Italy.
15	1	1268	1275	SETTING
15	2	1276	1277	:
15	3	1278	1286	Teaching
15	4	1287	1295	hospital
15	5	1296	1297	(
15	6	1298	1305	Azienda
15	7	1306	1317	Ospedaliera
15	8	1318	1331	Universitaria
15	9	1332	1333	,
15	10	1334	1340	Second
15	11	1341	1351	University
15	12	1352	1354	of
15	13	1355	1361	Naples
15	14	1362	1363	)
15	15	1364	1365	,
15	16	1366	1372	Naples
15	17	1373	1374	,
15	18	1375	1380	Italy
15	19	1381	1382	.
#Text=PATIENTS: 116 adults receiving stable doses of metformin plus sulfonylurea for longer than 90 days with hemoglobin A(1c) (HbA(1c)) levels of 7.5% to 10% and fasting plasma glucose levels of 6.7 mmol/L or greater (> or =120 mg/dL).
16	1	1383	1391	PATIENTS
16	2	1392	1393	:
16	3	1394	1397	116
16	4	1398	1404	adults
16	5	1405	1414	receiving
16	6	1415	1421	stable
16	7	1422	1427	doses
16	8	1428	1430	of
16	9	1431	1440	metformin
16	10	1441	1445	plus
16	11	1446	1458	sulfonylurea
16	12	1459	1462	for
16	13	1463	1469	longer
16	14	1470	1474	than
16	15	1475	1477	90
16	16	1478	1482	days
16	17	1483	1487	with
16	18	1488	1498	hemoglobin
16	19	1499	1500	A
16	20	1501	1502	(
16	21	1503	1505	1c
16	22	1506	1507	)
16	23	1508	1509	(
16	24	1510	1513	HbA
16	25	1514	1515	(
16	26	1516	1518	1c
16	27	1519	1520	)
16	28	1521	1522	)
16	29	1523	1529	levels
16	30	1530	1532	of
16	31	1533	1534	7
16	32	1535	1536	.
16	33	1537	1538	5
16	34	1539	1540	%
16	35	1541	1543	to
16	36	1544	1546	10
16	37	1547	1548	%
16	38	1549	1552	and
16	39	1553	1560	fasting
16	40	1561	1567	plasma
16	41	1568	1575	glucose
16	42	1576	1582	levels
16	43	1583	1585	of
16	44	1586	1587	6
16	45	1588	1589	.
16	46	1590	1591	7
16	47	1592	1596	mmol
16	48	1597	1598	/
16	49	1599	1600	L
16	50	1601	1603	or
16	51	1604	1611	greater
16	52	1612	1613	(
16	53	1614	1615	>
16	54	1616	1618	or
16	55	1619	1620	=
16	56	1621	1624	120
16	57	1625	1627	mg
16	58	1628	1629	/
16	59	1630	1632	dL
16	60	1633	1634	)
16	61	1635	1636	.
#Text=INTERVENTION: 10 IU of NPL insulin or insulin glargine injected subcutaneously at bedtime with weekly dose titrations to target fasting glucose levels less than 5.6 mmol/L (<100 mg/dL) in addition to stable oral regimens.
17	1	1637	1649	INTERVENTION
17	2	1650	1651	:
17	3	1652	1654	10
17	4	1655	1657	IU
17	5	1658	1660	of
17	6	1661	1664	NPL
17	7	1665	1672	insulin
17	8	1673	1675	or
17	9	1676	1683	insulin
17	10	1684	1692	glargine
17	11	1693	1701	injected
17	12	1702	1716	subcutaneously
17	13	1717	1719	at
17	14	1720	1727	bedtime
17	15	1728	1732	with
17	16	1733	1739	weekly
17	17	1740	1744	dose
17	18	1745	1755	titrations
17	19	1756	1758	to
17	20	1759	1765	target
17	21	1766	1773	fasting
17	22	1774	1781	glucose
17	23	1782	1788	levels
17	24	1789	1793	less
17	25	1794	1798	than
17	26	1799	1800	5
17	27	1801	1802	.
17	28	1803	1804	6
17	29	1805	1809	mmol
17	30	1810	1811	/
17	31	1812	1813	L
17	32	1814	1815	(
17	33	1816	1817	<
17	34	1818	1821	100
17	35	1822	1824	mg
17	36	1825	1826	/
17	37	1827	1829	dL
17	38	1830	1831	)
17	39	1832	1834	in
17	40	1835	1843	addition
17	41	1844	1846	to
17	42	1847	1853	stable
17	43	1854	1858	oral
17	44	1859	1867	regimens
17	45	1868	1869	.
#Text=Patients receiving nighttime sulfonylurea before the study were switched to metformin.
18	1	1870	1878	Patients
18	2	1879	1888	receiving
18	3	1889	1898	nighttime
18	4	1899	1911	sulfonylurea
18	5	1912	1918	before
18	6	1919	1922	the
18	7	1923	1928	study
18	8	1929	1933	were
18	9	1934	1942	switched
18	10	1943	1945	to
18	11	1946	1955	metformin
18	12	1956	1957	.
#Text=MEASUREMENTS: The primary outcome was change in HbA(1c) levels from baseline to week 36.
19	1	1958	1970	MEASUREMENTS
19	2	1971	1972	:
19	3	1973	1976	The
19	4	1977	1984	primary
19	5	1985	1992	outcome
19	6	1993	1996	was
19	7	1997	2003	change
19	8	2004	2006	in
19	9	2007	2010	HbA
19	10	2011	2012	(
19	11	2013	2015	1c
19	12	2016	2017	)
19	13	2018	2024	levels
19	14	2025	2029	from
19	15	2030	2038	baseline
19	16	2039	2041	to
19	17	2042	2046	week
19	18	2047	2049	36
19	19	2050	2051	.
#Text=Secondary outcomes were HbA(1c) levels less than 7%, self-reported hypoglycemic episodes, insulin dose, self-monitored glucose level, and body weight.
20	1	2052	2061	Secondary
20	2	2062	2070	outcomes
20	3	2071	2075	were
20	4	2076	2079	HbA
20	5	2080	2081	(
20	6	2082	2084	1c
20	7	2085	2086	)
20	8	2087	2093	levels
20	9	2094	2098	less
20	10	2099	2103	than
20	11	2104	2105	7
20	12	2106	2107	%
20	13	2108	2109	,
20	14	2110	2114	self
20	15	2115	2116	-
20	16	2117	2125	reported
20	17	2126	2138	hypoglycemic
20	18	2139	2147	episodes
20	19	2148	2149	,
20	20	2150	2157	insulin
20	21	2158	2162	dose
20	22	2163	2164	,
20	23	2165	2169	self
20	24	2170	2171	-
20	25	2172	2181	monitored
20	26	2182	2189	glucose
20	27	2190	2195	level
20	28	2196	2197	,
20	29	2198	2201	and
20	30	2202	2206	body
20	31	2207	2213	weight
20	32	2214	2215	.
#Text=Twenty patients in each group had continuous glucose monitoring for 3 consecutive days before adding insulin and at week 36.
21	1	2216	2222	Twenty
21	2	2223	2231	patients
21	3	2232	2234	in
21	4	2235	2239	each
21	5	2240	2245	group
21	6	2246	2249	had
21	7	2250	2260	continuous
21	8	2261	2268	glucose
21	9	2269	2279	monitoring
21	10	2280	2283	for
21	11	2284	2285	3
21	12	2286	2297	consecutive
21	13	2298	2302	days
21	14	2303	2309	before
21	15	2310	2316	adding
21	16	2317	2324	insulin
21	17	2325	2328	and
21	18	2329	2331	at
21	19	2332	2336	week
21	20	2337	2339	36
21	21	2340	2341	.
#Text=RESULTS: Improvement in HbA(1c) levels was similar in both groups (1.83% and 1.89% for NPL and glargine, respectively).
22	1	2342	2349	RESULTS
22	2	2350	2351	:
22	3	2352	2363	Improvement
22	4	2364	2366	in
22	5	2367	2370	HbA
22	6	2371	2372	(
22	7	2373	2375	1c
22	8	2376	2377	)
22	9	2378	2384	levels
22	10	2385	2388	was
22	11	2389	2396	similar
22	12	2397	2399	in
22	13	2400	2404	both
22	14	2405	2411	groups
22	15	2412	2413	(
22	16	2414	2415	1
22	17	2416	2417	.
22	18	2418	2420	83
22	19	2421	2422	%
22	20	2423	2426	and
22	21	2427	2428	1
22	22	2429	2430	.
22	23	2431	2433	89
22	24	2434	2435	%
22	25	2436	2439	for
22	26	2440	2443	NPL
22	27	2444	2447	and
22	28	2448	2456	glargine
22	29	2457	2458	,
22	30	2459	2471	respectively
22	31	2472	2473	)
22	32	2474	2475	.
#Text=The difference between the groups was  0.06 percentage point (95% CI, -0.1 to 0.15 percentage points).
23	1	2476	2479	The
23	2	2480	2490	difference
23	3	2491	2498	between
23	4	2499	2502	the
23	5	2503	2509	groups
23	6	2510	2513	was
23	7	2514	2515	0
23	8	2516	2517	.
23	9	2518	2520	06
23	10	2521	2531	percentage
23	11	2532	2537	point
23	12	2538	2539	(
23	13	2540	2542	95
23	14	2543	2544	%
23	15	2545	2547	CI
23	16	2548	2549	,
23	17	2550	2551	-
23	18	2552	2553	0
23	19	2554	2555	.
23	20	2556	2557	1
23	21	2558	2560	to
23	22	2561	2562	0
23	23	2563	2564	.
23	24	2565	2567	15
23	25	2568	2578	percentage
23	26	2579	2585	points
23	27	2586	2587	)
23	28	2588	2589	.
#Text=Secondary outcomes did not differ between groups.
24	1	2590	2599	Secondary
24	2	2600	2608	outcomes
24	3	2609	2612	did
24	4	2613	2616	not
24	5	2617	2623	differ
24	6	2624	2631	between
24	7	2632	2638	groups
24	8	2639	2640	.
#Text=Hemoglobin A(1c) levels less than 7% occurred in 62% of patients receiving NPL and 64% of patients receiving glargine  (difference, 2.0 percentage points [CI, -1.1 to 5.0 percentage points]).
25	1	2641	2651	Hemoglobin
25	2	2652	2653	A
25	3	2654	2655	(
25	4	2656	2658	1c
25	5	2659	2660	)
25	6	2661	2667	levels
25	7	2668	2672	less
25	8	2673	2677	than
25	9	2678	2679	7
25	10	2680	2681	%
25	11	2682	2690	occurred
25	12	2691	2693	in
25	13	2694	2696	62
25	14	2697	2698	%
25	15	2699	2701	of
25	16	2702	2710	patients
25	17	2711	2720	receiving
25	18	2721	2724	NPL
25	19	2725	2728	and
25	20	2729	2731	64
25	21	2732	2733	%
25	22	2734	2736	of
25	23	2737	2745	patients
25	24	2746	2755	receiving
25	25	2756	2764	glargine
25	26	2765	2766	(
25	27	2767	2777	difference
25	28	2778	2779	,
25	29	2780	2781	2
25	30	2782	2783	.
25	31	2784	2785	0
25	32	2786	2796	percentage
25	33	2797	2803	points
25	34	2804	2805	[
25	35	2806	2808	CI
25	36	2809	2810	,
25	37	2811	2812	-
25	38	2813	2814	1
25	39	2815	2816	.
25	40	2817	2818	1
25	41	2819	2821	to
25	42	2822	2823	5
25	43	2824	2825	.
25	44	2826	2827	0
25	45	2828	2838	percentage
25	46	2839	2845	points
25	47	2846	2847	]
25	48	2848	2849	)
25	49	2850	2851	.
#Text=Fasting  plasma glucose levels less than 5.6 mmol/L (<100 mg/dL) occurred in 40% of patients receiving NPL and 41% of patients receiving glargine (difference, 1.0 percentage point [CI, -0.9 to 3.0 percentage points]).
26	1	2852	2859	Fasting
26	2	2860	2866	plasma
26	3	2867	2874	glucose
26	4	2875	2881	levels
26	5	2882	2886	less
26	6	2887	2891	than
26	7	2892	2893	5
26	8	2894	2895	.
26	9	2896	2897	6
26	10	2898	2902	mmol
26	11	2903	2904	/
26	12	2905	2906	L
26	13	2907	2908	(
26	14	2909	2910	<
26	15	2911	2914	100
26	16	2915	2917	mg
26	17	2918	2919	/
26	18	2920	2922	dL
26	19	2923	2924	)
26	20	2925	2933	occurred
26	21	2934	2936	in
26	22	2937	2939	40
26	23	2940	2941	%
26	24	2942	2944	of
26	25	2945	2953	patients
26	26	2954	2963	receiving
26	27	2964	2967	NPL
26	28	2968	2971	and
26	29	2972	2974	41
26	30	2975	2976	%
26	31	2977	2979	of
26	32	2980	2988	patients
26	33	2989	2998	receiving
26	34	2999	3007	glargine
26	35	3008	3009	(
26	36	3010	3020	difference
26	37	3021	3022	,
26	38	3023	3024	1
26	39	3025	3026	.
26	40	3027	3028	0
26	41	3029	3039	percentage
26	42	3040	3045	point
26	43	3046	3047	[
26	44	3048	3050	CI
26	45	3051	3052	,
26	46	3053	3054	-
26	47	3055	3056	0
26	48	3057	3058	.
26	49	3059	3060	9
26	50	3061	3063	to
26	51	3064	3065	3
26	52	3066	3067	.
26	53	3068	3069	0
26	54	3070	3080	percentage
26	55	3081	3087	points
26	56	3088	3089	]
26	57	3090	3091	)
26	58	3092	3093	.
#Text=Any hypoglycemic event occurred in 74% of patients receiving NPL and 67% of patients receiving glargine  (difference, 7 percentage points [CI, -5 to 13 percentage points]).
27	1	3094	3097	Any
27	2	3098	3110	hypoglycemic
27	3	3111	3116	event
27	4	3117	3125	occurred
27	5	3126	3128	in
27	6	3129	3131	74
27	7	3132	3133	%
27	8	3134	3136	of
27	9	3137	3145	patients
27	10	3146	3155	receiving
27	11	3156	3159	NPL
27	12	3160	3163	and
27	13	3164	3166	67
27	14	3167	3168	%
27	15	3169	3171	of
27	16	3172	3180	patients
27	17	3181	3190	receiving
27	18	3191	3199	glargine
27	19	3200	3201	(
27	20	3202	3212	difference
27	21	3213	3214	,
27	22	3215	3216	7
27	23	3217	3227	percentage
27	24	3228	3234	points
27	25	3235	3236	[
27	26	3237	3239	CI
27	27	3240	3241	,
27	28	3242	3243	-
27	29	3244	3245	5
27	30	3246	3248	to
27	31	3249	3251	13
27	32	3252	3262	percentage
27	33	3263	3269	points
27	34	3270	3271	]
27	35	3272	3273	)
27	36	3274	3275	.
#Text=Continuous glucose level monitoring in the patients who had this measurement did not differ  statistically.
28	1	3276	3286	Continuous
28	2	3287	3294	glucose
28	3	3295	3300	level
28	4	3301	3311	monitoring
28	5	3312	3314	in
28	6	3315	3318	the
28	7	3319	3327	patients
28	8	3328	3331	who
28	9	3332	3335	had
28	10	3336	3340	this
28	11	3341	3352	measurement
28	12	3353	3356	did
28	13	3357	3360	not
28	14	3361	3367	differ
28	15	3368	3381	statistically
28	16	3382	3383	.
#Text=LIMITATION: The study was not blinded, had limited power to detect differences in hypoglycemic events, and did not obtain continuous glucose level monitoring for all patients.
29	1	3384	3394	LIMITATION
29	2	3395	3396	:
29	3	3397	3400	The
29	4	3401	3406	study
29	5	3407	3410	was
29	6	3411	3414	not
29	7	3415	3422	blinded
29	8	3423	3424	,
29	9	3425	3428	had
29	10	3429	3436	limited
29	11	3437	3442	power
29	12	3443	3445	to
29	13	3446	3452	detect
29	14	3453	3464	differences
29	15	3465	3467	in
29	16	3468	3480	hypoglycemic
29	17	3481	3487	events
29	18	3488	3489	,
29	19	3490	3493	and
29	20	3494	3497	did
29	21	3498	3501	not
29	22	3502	3508	obtain
29	23	3509	3519	continuous
29	24	3520	3527	glucose
29	25	3528	3533	level
29	26	3534	3544	monitoring
29	27	3545	3548	for
29	28	3549	3552	all
29	29	3553	3561	patients
29	30	3562	3563	.
#Text=CONCLUSION: Similar glycemic control occurred with the addition of NPL or glargine insulin to oral regimens in patients with poorly controlled type 2 diabetes.
30	1	3564	3574	CONCLUSION
30	2	3575	3576	:
30	3	3577	3584	Similar
30	4	3585	3593	glycemic
30	5	3594	3601	control
30	6	3602	3610	occurred
30	7	3611	3615	with
30	8	3616	3619	the
30	9	3620	3628	addition
30	10	3629	3631	of
30	11	3632	3635	NPL
30	12	3636	3638	or
30	13	3639	3647	glargine
30	14	3648	3655	insulin
30	15	3656	3658	to
30	16	3659	3663	oral
30	17	3664	3672	regimens
30	18	3673	3675	in
30	19	3676	3684	patients
30	20	3685	3689	with
30	21	3690	3696	poorly
30	22	3697	3707	controlled
30	23	3708	3712	type
30	24	3713	3714	2
30	25	3715	3723	diabetes
30	26	3724	3725	.
#Text=Hypoglycemia was similar in the 2 groups, but sample size limited the ability to make a definite safety assessment.
31	1	3726	3738	Hypoglycemia
31	2	3739	3742	was
31	3	3743	3750	similar
31	4	3751	3753	in
31	5	3754	3757	the
31	6	3758	3759	2
31	7	3760	3766	groups
31	8	3767	3768	,
31	9	3769	3772	but
31	10	3773	3779	sample
31	11	3780	3784	size
31	12	3785	3792	limited
31	13	3793	3796	the
31	14	3797	3804	ability
31	15	3805	3807	to
31	16	3808	3812	make
31	17	3813	3814	a
31	18	3815	3823	definite
31	19	3824	3830	safety
31	20	3831	3841	assessment
31	21	3842	3843	.
#Text=DOI: 10.7326/0003-4819-149-8-200810210-00005  PMID: 18936501  [Indexed for MEDLINE]
32	1	3844	3847	DOI
32	2	3848	3849	:
32	3	3850	3852	10
32	4	3853	3854	.
32	5	3855	3859	7326
32	6	3860	3861	/
32	7	3862	3866	0003
32	8	3867	3868	-
32	9	3869	3873	4819
32	10	3874	3875	-
32	11	3876	3879	149
32	12	3880	3881	-
32	13	3882	3883	8
32	14	3884	3885	-
32	15	3886	3895	200810210
32	16	3896	3897	-
32	17	3898	3903	00005
32	18	3904	3908	PMID
32	19	3909	3910	:
32	20	3911	3919	18936501
32	21	3920	3921	[
32	22	3922	3929	Indexed
32	23	3930	3933	for
32	24	3934	3941	MEDLINE
32	25	3942	3943	]
