#Text=Clin Drug Investig.
1	1	0	4	Clin
1	2	5	9	Drug
1	3	10	18	Investig
1	4	19	20	.
#Text=2013 Oct;33(10):707-17. doi: 10.1007/s40261-013-0107-8.
2	1	21	25	2013
2	2	26	29	Oct
2	3	30	31	;
2	4	32	34	33
2	5	35	36	(
2	6	37	39	10
2	7	40	41	)
2	8	42	43	:
2	9	44	47	707
2	10	48	49	-
2	11	50	52	17
2	12	53	54	.
2	13	55	58	doi
2	14	59	60	:
2	15	61	63	10
2	16	64	65	.
2	17	66	70	1007
2	18	71	72	/
2	19	73	79	s40261
2	20	80	81	-
2	21	82	85	013
2	22	86	87	-
2	23	88	92	0107
2	24	93	94	-
2	25	95	96	8
2	26	97	98	.
#Text=Saxagliptin add-on therapy to insulin with or without metformin for type 2 diabetes mellitus: 52-week safety and efficacy.
3	1	99	110	Saxagliptin
3	2	111	114	add
3	3	115	116	-
3	4	117	119	on
3	5	120	127	therapy
3	6	128	130	to
3	7	131	138	insulin
3	8	139	143	with
3	9	144	146	or
3	10	147	154	without
3	11	155	164	metformin
3	12	165	168	for
3	13	169	173	type
3	14	174	175	2
3	15	176	184	diabetes
3	16	185	193	mellitus
3	17	194	195	:
3	18	196	198	52
3	19	199	200	-
3	20	201	205	week
3	21	206	212	safety
3	22	213	216	and
3	23	217	225	efficacy
3	24	226	227	.
#Text=Barnett AH(1), Charbonnel B, Li J, Donovan M, Fleming D, Iqbal N.  Author information:  (1)Diabetes Centre, Heart of England National Health Service Foundation Trust and University of Birmingham, Birmingham, UK.
4	1	228	235	Barnett
4	2	236	238	AH
4	3	239	240	(
4	4	241	242	1
4	5	243	244	)
4	6	245	246	,
4	7	247	257	Charbonnel
4	8	258	259	B
4	9	260	261	,
4	10	262	264	Li
4	11	265	266	J
4	12	267	268	,
4	13	269	276	Donovan
4	14	277	278	M
4	15	279	280	,
4	16	281	288	Fleming
4	17	289	290	D
4	18	291	292	,
4	19	293	298	Iqbal
4	20	299	300	N
4	21	301	302	.
4	22	303	309	Author
4	23	310	321	information
4	24	322	323	:
4	25	324	325	(
4	26	326	327	1
4	27	328	329	)
4	28	330	338	Diabetes
4	29	339	345	Centre
4	30	346	347	,
4	31	348	353	Heart
4	32	354	356	of
4	33	357	364	England
4	34	365	373	National
4	35	374	380	Health
4	36	381	388	Service
4	37	389	399	Foundation
4	38	400	405	Trust
4	39	406	409	and
4	40	410	420	University
4	41	421	423	of
4	42	424	434	Birmingham
4	43	435	436	,
4	44	437	447	Birmingham
4	45	448	449	,
4	46	450	452	UK
4	47	453	454	.
#Text=BACKGROUND: Achievement of glycemic control is an important objective in the management of type 2 diabetes mellitus (T2DM).
5	1	455	465	BACKGROUND
5	2	466	467	:
5	3	468	479	Achievement
5	4	480	482	of
5	5	483	491	glycemic
5	6	492	499	control
5	7	500	502	is
5	8	503	505	an
5	9	506	515	important
5	10	516	525	objective
5	11	526	528	in
5	12	529	532	the
5	13	533	543	management
5	14	544	546	of
5	15	547	551	type
5	16	552	553	2
5	17	554	562	diabetes
5	18	563	571	mellitus
5	19	572	573	(
5	20	574	578	T2DM
5	21	579	580	)
5	22	581	582	.
#Text=OBJECTIVE: The objective of this study was to evaluate the safety and efficacy of the dipeptidyl peptidase-4 inhibitor saxagliptin versus placebo as add-on therapy in patients with T2DM inadequately controlled with insulin alone or insulin plus  metformin.
6	1	583	592	OBJECTIVE
6	2	593	594	:
6	3	595	598	The
6	4	599	608	objective
6	5	609	611	of
6	6	612	616	this
6	7	617	622	study
6	8	623	626	was
6	9	627	629	to
6	10	630	638	evaluate
6	11	639	642	the
6	12	643	649	safety
6	13	650	653	and
6	14	654	662	efficacy
6	15	663	665	of
6	16	666	669	the
6	17	670	680	dipeptidyl
6	18	681	690	peptidase
6	19	691	692	-
6	20	693	694	4
6	21	695	704	inhibitor
6	22	705	716	saxagliptin
6	23	717	723	versus
6	24	724	731	placebo
6	25	732	734	as
6	26	735	738	add
6	27	739	740	-
6	28	741	743	on
6	29	744	751	therapy
6	30	752	754	in
6	31	755	763	patients
6	32	764	768	with
6	33	769	773	T2DM
6	34	774	786	inadequately
6	35	787	797	controlled
6	36	798	802	with
6	37	803	810	insulin
6	38	811	816	alone
6	39	817	819	or
6	40	820	827	insulin
6	41	828	832	plus
6	42	833	842	metformin
6	43	843	844	.
#Text=METHODS: This was a long-term (28-week) extension of a short-term (24-week), randomized, double-blind, parallel-group trial of saxagliptin 5 mg once daily versus placebo as add-on therapy to open-label insulin or insulin plus metformin  therapy totaling 52 weeks of treatment.
7	1	845	852	METHODS
7	2	853	854	:
7	3	855	859	This
7	4	860	863	was
7	5	864	865	a
7	6	866	870	long
7	7	871	872	-
7	8	873	877	term
7	9	878	879	(
7	10	880	882	28
7	11	883	884	-
7	12	885	889	week
7	13	890	891	)
7	14	892	901	extension
7	15	902	904	of
7	16	905	906	a
7	17	907	912	short
7	18	913	914	-
7	19	915	919	term
7	20	920	921	(
7	21	922	924	24
7	22	925	926	-
7	23	927	931	week
7	24	932	933	)
7	25	934	935	,
7	26	936	946	randomized
7	27	947	948	,
7	28	949	955	double
7	29	956	957	-
7	30	958	963	blind
7	31	964	965	,
7	32	966	974	parallel
7	33	975	976	-
7	34	977	982	group
7	35	983	988	trial
7	36	989	991	of
7	37	992	1003	saxagliptin
7	38	1004	1005	5
7	39	1006	1008	mg
7	40	1009	1013	once
7	41	1014	1019	daily
7	42	1020	1026	versus
7	43	1027	1034	placebo
7	44	1035	1037	as
7	45	1038	1041	add
7	46	1042	1043	-
7	47	1044	1046	on
7	48	1047	1054	therapy
7	49	1055	1057	to
7	50	1058	1062	open
7	51	1063	1064	-
7	52	1065	1070	label
7	53	1071	1078	insulin
7	54	1079	1081	or
7	55	1082	1089	insulin
7	56	1090	1094	plus
7	57	1095	1104	metformin
7	58	1105	1112	therapy
7	59	1113	1121	totaling
7	60	1122	1124	52
7	61	1125	1130	weeks
7	62	1131	1133	of
7	63	1134	1143	treatment
7	64	1144	1145	.
#Text=In contrast with the goal of maintaining  a stable insulin dosage during the short-term phase, during the extension phase the insulin dosage was flexible and adjusted as deemed appropriate by the investigator.
8	1	1146	1148	In
8	2	1149	1157	contrast
8	3	1158	1162	with
8	4	1163	1166	the
8	5	1167	1171	goal
8	6	1172	1174	of
8	7	1175	1186	maintaining
8	8	1187	1188	a
8	9	1189	1195	stable
8	10	1196	1203	insulin
8	11	1204	1210	dosage
8	12	1211	1217	during
8	13	1218	1221	the
8	14	1222	1227	short
8	15	1228	1229	-
8	16	1230	1234	term
8	17	1235	1240	phase
8	18	1241	1242	,
8	19	1243	1249	during
8	20	1250	1253	the
8	21	1254	1263	extension
8	22	1264	1269	phase
8	23	1270	1273	the
8	24	1274	1281	insulin
8	25	1282	1288	dosage
8	26	1289	1292	was
8	27	1293	1301	flexible
8	28	1302	1305	and
8	29	1306	1314	adjusted
8	30	1315	1317	as
8	31	1318	1324	deemed
8	32	1325	1336	appropriate
8	33	1337	1339	by
8	34	1340	1343	the
8	35	1344	1356	investigator
8	36	1357	1358	.
#Text=The study was conducted in a clinical practice setting, including family practice and hospital sites.
9	1	1359	1362	The
9	2	1363	1368	study
9	3	1369	1372	was
9	4	1373	1382	conducted
9	5	1383	1385	in
9	6	1386	1387	a
9	7	1388	1396	clinical
9	8	1397	1405	practice
9	9	1406	1413	setting
9	10	1414	1415	,
9	11	1416	1425	including
9	12	1426	1432	family
9	13	1433	1441	practice
9	14	1442	1445	and
9	15	1446	1454	hospital
9	16	1455	1460	sites
9	17	1461	1462	.
#Text=Patients with T2DM aged 18-78 years with glycated hemoglobin (HbA1c) 7.5-11 % on a stable insulin regimen (30-150 U/day with or without metformin) for ≥8 weeks at screening were included in the study.
10	1	1463	1471	Patients
10	2	1472	1476	with
10	3	1477	1481	T2DM
10	4	1482	1486	aged
10	5	1487	1489	18
10	6	1490	1491	-
10	7	1492	1494	78
10	8	1495	1500	years
10	9	1501	1505	with
10	10	1506	1514	glycated
10	11	1515	1525	hemoglobin
10	12	1526	1527	(
10	13	1528	1533	HbA1c
10	14	1534	1535	)
10	15	1536	1537	7
10	16	1538	1539	.
10	17	1540	1541	5
10	18	1542	1543	-
10	19	1544	1546	11
10	20	1547	1548	%
10	21	1549	1551	on
10	22	1552	1553	a
10	23	1554	1560	stable
10	24	1561	1568	insulin
10	25	1569	1576	regimen
10	26	1577	1578	(
10	27	1579	1581	30
10	28	1582	1583	-
10	29	1584	1587	150
10	30	1588	1589	U
10	31	1590	1591	/
10	32	1592	1595	day
10	33	1596	1600	with
10	34	1601	1603	or
10	35	1604	1611	without
10	36	1612	1621	metformin
10	37	1622	1623	)
10	38	1624	1627	for
10	39	1628	1629	≥
10	40	1630	1631	8
10	41	1632	1637	weeks
10	42	1638	1640	at
10	43	1641	1650	screening
10	44	1651	1655	were
10	45	1656	1664	included
10	46	1665	1667	in
10	47	1668	1671	the
10	48	1672	1677	study
10	49	1678	1679	.
#Text=Patients were stratified by metformin use and randomly assigned 2:1 to oral saxagliptin 5 mg (n = 304) or placebo (n = 151) once daily.
11	1	1680	1688	Patients
11	2	1689	1693	were
11	3	1694	1704	stratified
11	4	1705	1707	by
11	5	1708	1717	metformin
11	6	1718	1721	use
11	7	1722	1725	and
11	8	1726	1734	randomly
11	9	1735	1743	assigned
11	10	1744	1745	2
11	11	1746	1747	:
11	12	1748	1749	1
11	13	1750	1752	to
11	14	1753	1757	oral
11	15	1758	1769	saxagliptin
11	16	1770	1771	5
11	17	1772	1774	mg
11	18	1775	1776	(
11	19	1777	1778	n
11	20	1779	1780	=
11	21	1781	1784	304
11	22	1785	1786	)
11	23	1787	1789	or
11	24	1790	1797	placebo
11	25	1798	1799	(
11	26	1800	1801	n
11	27	1802	1803	=
11	28	1804	1807	151
11	29	1808	1809	)
11	30	1810	1814	once
11	31	1815	1820	daily
11	32	1821	1822	.
#Text=All patients who completed the initial 24 weeks of treatment were eligible to participate in the 28-week extension, regardless of whether they had required rescue treatment.
12	1	1823	1826	All
12	2	1827	1835	patients
12	3	1836	1839	who
12	4	1840	1849	completed
12	5	1850	1853	the
12	6	1854	1861	initial
12	7	1862	1864	24
12	8	1865	1870	weeks
12	9	1871	1873	of
12	10	1874	1883	treatment
12	11	1884	1888	were
12	12	1889	1897	eligible
12	13	1898	1900	to
12	14	1901	1912	participate
12	15	1913	1915	in
12	16	1916	1919	the
12	17	1920	1922	28
12	18	1923	1924	-
12	19	1925	1929	week
12	20	1930	1939	extension
12	21	1940	1941	,
12	22	1942	1952	regardless
12	23	1953	1955	of
12	24	1956	1963	whether
12	25	1964	1968	they
12	26	1969	1972	had
12	27	1973	1981	required
12	28	1982	1988	rescue
12	29	1989	1998	treatment
12	30	1999	2000	.
#Text=The  main outcome measure was change in HbA1c from baseline to week 52.
13	1	2001	2004	The
13	2	2005	2009	main
13	3	2010	2017	outcome
13	4	2018	2025	measure
13	5	2026	2029	was
13	6	2030	2036	change
13	7	2037	2039	in
13	8	2040	2045	HbA1c
13	9	2046	2050	from
13	10	2051	2059	baseline
13	11	2060	2062	to
13	12	2063	2067	week
13	13	2068	2070	52
13	14	2071	2072	.
#Text=RESULTS: In general, the outcomes achieved at week 24 were sustained to week 52.
14	1	2073	2080	RESULTS
14	2	2081	2082	:
14	3	2083	2085	In
14	4	2086	2093	general
14	5	2094	2095	,
14	6	2096	2099	the
14	7	2100	2108	outcomes
14	8	2109	2117	achieved
14	9	2118	2120	at
14	10	2121	2125	week
14	11	2126	2128	24
14	12	2129	2133	were
14	13	2134	2143	sustained
14	14	2144	2146	to
14	15	2147	2151	week
14	16	2152	2154	52
14	17	2155	2156	.
#Text=Adjusted mean change from baseline HbA1c at week 52 was greater with saxagliptin  (-0.75 %) versus placebo (-0.38 %); the adjusted between-group difference was -0.37 % (95 % CI -0.55 to -0.19); between-group differences were similar in patients treated with metformin (-0.37 % [95 % CI -0.59 to -0.15]) and without metformin (-0.37 % [95 % CI -0.69 to -0.04]).
15	1	2157	2165	Adjusted
15	2	2166	2170	mean
15	3	2171	2177	change
15	4	2178	2182	from
15	5	2183	2191	baseline
15	6	2192	2197	HbA1c
15	7	2198	2200	at
15	8	2201	2205	week
15	9	2206	2208	52
15	10	2209	2212	was
15	11	2213	2220	greater
15	12	2221	2225	with
15	13	2226	2237	saxagliptin
15	14	2238	2239	(
15	15	2240	2241	-
15	16	2242	2243	0
15	17	2244	2245	.
15	18	2246	2248	75
15	19	2249	2250	%
15	20	2251	2252	)
15	21	2253	2259	versus
15	22	2260	2267	placebo
15	23	2268	2269	(
15	24	2270	2271	-
15	25	2272	2273	0
15	26	2274	2275	.
15	27	2276	2278	38
15	28	2279	2280	%
15	29	2281	2282	)
15	30	2283	2284	;
15	31	2285	2288	the
15	32	2289	2297	adjusted
15	33	2298	2305	between
15	34	2306	2307	-
15	35	2308	2313	group
15	36	2314	2324	difference
15	37	2325	2328	was
15	38	2329	2330	-
15	39	2331	2332	0
15	40	2333	2334	.
15	41	2335	2337	37
15	42	2338	2339	%
15	43	2340	2341	(
15	44	2342	2344	95
15	45	2345	2346	%
15	46	2347	2349	CI
15	47	2350	2351	-
15	48	2352	2353	0
15	49	2354	2355	.
15	50	2356	2358	55
15	51	2359	2361	to
15	52	2362	2363	-
15	53	2364	2365	0
15	54	2366	2367	.
15	55	2368	2370	19
15	56	2371	2372	)
15	57	2373	2374	;
15	58	2375	2382	between
15	59	2383	2384	-
15	60	2385	2390	group
15	61	2391	2402	differences
15	62	2403	2407	were
15	63	2408	2415	similar
15	64	2416	2418	in
15	65	2419	2427	patients
15	66	2428	2435	treated
15	67	2436	2440	with
15	68	2441	2450	metformin
15	69	2451	2452	(
15	70	2453	2454	-
15	71	2455	2456	0
15	72	2457	2458	.
15	73	2459	2461	37
15	74	2462	2463	%
15	75	2464	2465	[
15	76	2466	2468	95
15	77	2469	2470	%
15	78	2471	2473	CI
15	79	2474	2475	-
15	80	2476	2477	0
15	81	2478	2479	.
15	82	2480	2482	59
15	83	2483	2485	to
15	84	2486	2487	-
15	85	2488	2489	0
15	86	2490	2491	.
15	87	2492	2494	15
15	88	2495	2496	]
15	89	2497	2498	)
15	90	2499	2502	and
15	91	2503	2510	without
15	92	2511	2520	metformin
15	93	2521	2522	(
15	94	2523	2524	-
15	95	2525	2526	0
15	96	2527	2528	.
15	97	2529	2531	37
15	98	2532	2533	%
15	99	2534	2535	[
15	100	2536	2538	95
15	101	2539	2540	%
15	102	2541	2543	CI
15	103	2544	2545	-
15	104	2546	2547	0
15	105	2548	2549	.
15	106	2550	2552	69
15	107	2553	2555	to
15	108	2556	2557	-
15	109	2558	2559	0
15	110	2560	2561	.
15	111	2562	2564	04
15	112	2565	2566	]
15	113	2567	2568	)
15	114	2569	2570	.
#Text=At week 52, a greater proportion of patients receiving saxagliptin achieved HbA1c <7 % than those receiving placebo (21.3 vs. 8.7 %; between-group difference 12.6 % [95 % CI 6.1-19.1]).
16	1	2571	2573	At
16	2	2574	2578	week
16	3	2579	2581	52
16	4	2582	2583	,
16	5	2584	2585	a
16	6	2586	2593	greater
16	7	2594	2604	proportion
16	8	2605	2607	of
16	9	2608	2616	patients
16	10	2617	2626	receiving
16	11	2627	2638	saxagliptin
16	12	2639	2647	achieved
16	13	2648	2653	HbA1c
16	14	2654	2655	<
16	15	2656	2657	7
16	16	2658	2659	%
16	17	2660	2664	than
16	18	2665	2670	those
16	19	2671	2680	receiving
16	20	2681	2688	placebo
16	21	2689	2690	(
16	22	2691	2693	21
16	23	2694	2695	.
16	24	2696	2697	3
16	25	2698	2700	vs
16	26	2701	2702	.
16	27	2703	2704	8
16	28	2705	2706	.
16	29	2707	2708	7
16	30	2709	2710	%
16	31	2711	2712	;
16	32	2713	2720	between
16	33	2721	2722	-
16	34	2723	2728	group
16	35	2729	2739	difference
16	36	2740	2742	12
16	37	2743	2744	.
16	38	2745	2746	6
16	39	2747	2748	%
16	40	2749	2750	[
16	41	2751	2753	95
16	42	2754	2755	%
16	43	2756	2758	CI
16	44	2759	2760	6
16	45	2761	2762	.
16	46	2763	2764	1
16	47	2765	2766	-
16	48	2767	2769	19
16	49	2770	2771	.
16	50	2772	2773	1
16	51	2774	2775	]
16	52	2776	2777	)
16	53	2778	2779	.
#Text=The increase from baseline in mean total daily insulin dose at week 52 was numerically smaller with saxagliptin (5.67 vs 6.67 U with placebo; difference, -1.01 U [95 % CI -3.24 to 1.22]).
17	1	2780	2783	The
17	2	2784	2792	increase
17	3	2793	2797	from
17	4	2798	2806	baseline
17	5	2807	2809	in
17	6	2810	2814	mean
17	7	2815	2820	total
17	8	2821	2826	daily
17	9	2827	2834	insulin
17	10	2835	2839	dose
17	11	2840	2842	at
17	12	2843	2847	week
17	13	2848	2850	52
17	14	2851	2854	was
17	15	2855	2866	numerically
17	16	2867	2874	smaller
17	17	2875	2879	with
17	18	2880	2891	saxagliptin
17	19	2892	2893	(
17	20	2894	2895	5
17	21	2896	2897	.
17	22	2898	2900	67
17	23	2901	2903	vs
17	24	2904	2905	6
17	25	2906	2907	.
17	26	2908	2910	67
17	27	2911	2912	U
17	28	2913	2917	with
17	29	2918	2925	placebo
17	30	2926	2927	;
17	31	2928	2938	difference
17	32	2939	2940	,
17	33	2941	2942	-
17	34	2943	2944	1
17	35	2945	2946	.
17	36	2947	2949	01
17	37	2950	2951	U
17	38	2952	2953	[
17	39	2954	2956	95
17	40	2957	2958	%
17	41	2959	2961	CI
17	42	2962	2963	-
17	43	2964	2965	3
17	44	2966	2967	.
17	45	2968	2970	24
17	46	2971	2973	to
17	47	2974	2975	1
17	48	2976	2977	.
17	49	2978	2980	22
17	50	2981	2982	]
17	51	2983	2984	)
17	52	2985	2986	.
#Text=During the 52-week study period, the proportion of patients reporting ≥1 adverse event (AE) was 66.4 % with saxagliptin and 71.5  % with placebo, the majority being mild or moderate in intensity.
18	1	2987	2993	During
18	2	2994	2997	the
18	3	2998	3000	52
18	4	3001	3002	-
18	5	3003	3007	week
18	6	3008	3013	study
18	7	3014	3020	period
18	8	3021	3022	,
18	9	3023	3026	the
18	10	3027	3037	proportion
18	11	3038	3040	of
18	12	3041	3049	patients
18	13	3050	3059	reporting
18	14	3060	3061	≥
18	15	3062	3063	1
18	16	3064	3071	adverse
18	17	3072	3077	event
18	18	3078	3079	(
18	19	3080	3082	AE
18	20	3083	3084	)
18	21	3085	3088	was
18	22	3089	3091	66
18	23	3092	3093	.
18	24	3094	3095	4
18	25	3096	3097	%
18	26	3098	3102	with
18	27	3103	3114	saxagliptin
18	28	3115	3118	and
18	29	3119	3121	71
18	30	3122	3123	.
18	31	3124	3125	5
18	32	3126	3127	%
18	33	3128	3132	with
18	34	3133	3140	placebo
18	35	3141	3142	,
18	36	3143	3146	the
18	37	3147	3155	majority
18	38	3156	3161	being
18	39	3162	3166	mild
18	40	3167	3169	or
18	41	3170	3178	moderate
18	42	3179	3181	in
18	43	3182	3191	intensity
18	44	3192	3193	.
#Text=The most common AEs (≥5 % with saxagliptin or placebo) were urinary tract infection, nasopharyngitis, upper respiratory tract infection, headache, influenza, and pain in extremity; the incidence of each AE was similar between treatment groups.
19	1	3194	3197	The
19	2	3198	3202	most
19	3	3203	3209	common
19	4	3210	3213	AEs
19	5	3214	3215	(
19	6	3216	3217	≥
19	7	3218	3219	5
19	8	3220	3221	%
19	9	3222	3226	with
19	10	3227	3238	saxagliptin
19	11	3239	3241	or
19	12	3242	3249	placebo
19	13	3250	3251	)
19	14	3252	3256	were
19	15	3257	3264	urinary
19	16	3265	3270	tract
19	17	3271	3280	infection
19	18	3281	3282	,
19	19	3283	3298	nasopharyngitis
19	20	3299	3300	,
19	21	3301	3306	upper
19	22	3307	3318	respiratory
19	23	3319	3324	tract
19	24	3325	3334	infection
19	25	3335	3336	,
19	26	3337	3345	headache
19	27	3346	3347	,
19	28	3348	3357	influenza
19	29	3358	3359	,
19	30	3360	3363	and
19	31	3364	3368	pain
19	32	3369	3371	in
19	33	3372	3381	extremity
19	34	3382	3383	;
19	35	3384	3387	the
19	36	3388	3397	incidence
19	37	3398	3400	of
19	38	3401	3405	each
19	39	3406	3408	AE
19	40	3409	3412	was
19	41	3413	3420	similar
19	42	3421	3428	between
19	43	3429	3438	treatment
19	44	3439	3445	groups
19	45	3446	3447	.
#Text=In the saxagliptin and placebo groups, the incidence of reported hypoglycemia was 22.7 and 26.5 %, respectively; the incidence of confirmed hypoglycemia (fingerstick glucose ≤50 mg/dL [≤2.77 mmol/L] with characteristic symptoms) was 7.6 and 6.6 %, respectively.
20	1	3448	3450	In
20	2	3451	3454	the
20	3	3455	3466	saxagliptin
20	4	3467	3470	and
20	5	3471	3478	placebo
20	6	3479	3485	groups
20	7	3486	3487	,
20	8	3488	3491	the
20	9	3492	3501	incidence
20	10	3502	3504	of
20	11	3505	3513	reported
20	12	3514	3526	hypoglycemia
20	13	3527	3530	was
20	14	3531	3533	22
20	15	3534	3535	.
20	16	3536	3537	7
20	17	3538	3541	and
20	18	3542	3544	26
20	19	3545	3546	.
20	20	3547	3548	5
20	21	3549	3550	%
20	22	3551	3552	,
20	23	3553	3565	respectively
20	24	3566	3567	;
20	25	3568	3571	the
20	26	3572	3581	incidence
20	27	3582	3584	of
20	28	3585	3594	confirmed
20	29	3595	3607	hypoglycemia
20	30	3608	3609	(
20	31	3610	3621	fingerstick
20	32	3622	3629	glucose
20	33	3630	3631	≤
20	34	3632	3634	50
20	35	3635	3637	mg
20	36	3638	3639	/
20	37	3640	3642	dL
20	38	3643	3645	[≤
20	39	3646	3647	2
20	40	3648	3649	.
20	41	3650	3652	77
20	42	3653	3657	mmol
20	43	3658	3659	/
20	44	3660	3661	L
20	45	3662	3663	]
20	46	3664	3668	with
20	47	3669	3683	characteristic
20	48	3684	3692	symptoms
20	49	3693	3694	)
20	50	3695	3698	was
20	51	3699	3700	7
20	52	3701	3702	.
20	53	3703	3704	6
20	54	3705	3708	and
20	55	3709	3710	6
20	56	3711	3712	.
20	57	3713	3714	6
20	58	3715	3716	%
20	59	3717	3718	,
20	60	3719	3731	respectively
20	61	3732	3733	.
#Text=Adjusted mean change from baseline body weight was +0.8 kg with saxagliptin and +0.5 kg with placebo.
21	1	3734	3742	Adjusted
21	2	3743	3747	mean
21	3	3748	3754	change
21	4	3755	3759	from
21	5	3760	3768	baseline
21	6	3769	3773	body
21	7	3774	3780	weight
21	8	3781	3784	was
21	9	3785	3786	+
21	10	3787	3788	0
21	11	3789	3790	.
21	12	3791	3792	8
21	13	3793	3795	kg
21	14	3796	3800	with
21	15	3801	3812	saxagliptin
21	16	3813	3816	and
21	17	3817	3818	+
21	18	3819	3820	0
21	19	3821	3822	.
21	20	3823	3824	5
21	21	3825	3827	kg
21	22	3828	3832	with
21	23	3833	3840	placebo
21	24	3841	3842	.
#Text=CONCLUSION: Saxagliptin 5 mg once daily as add-on to insulin, with or without concomitant metformin, produced a durable improvement in glycemic control and was well tolerated over 52 weeks of treatment.
22	1	3843	3853	CONCLUSION
22	2	3854	3855	:
22	3	3856	3867	Saxagliptin
22	4	3868	3869	5
22	5	3870	3872	mg
22	6	3873	3877	once
22	7	3878	3883	daily
22	8	3884	3886	as
22	9	3887	3890	add
22	10	3891	3892	-
22	11	3893	3895	on
22	12	3896	3898	to
22	13	3899	3906	insulin
22	14	3907	3908	,
22	15	3909	3913	with
22	16	3914	3916	or
22	17	3917	3924	without
22	18	3925	3936	concomitant
22	19	3937	3946	metformin
22	20	3947	3948	,
22	21	3949	3957	produced
22	22	3958	3959	a
22	23	3960	3967	durable
22	24	3968	3979	improvement
22	25	3980	3982	in
22	26	3983	3991	glycemic
22	27	3992	3999	control
22	28	4000	4003	and
22	29	4004	4007	was
22	30	4008	4012	well
22	31	4013	4022	tolerated
22	32	4023	4027	over
22	33	4028	4030	52
22	34	4031	4036	weeks
22	35	4037	4039	of
22	36	4040	4049	treatment
22	37	4050	4051	.
#Text=DOI: 10.1007/s40261-013-0107-8  PMID: 23949898  [Indexed for MEDLINE]
23	1	4052	4055	DOI
23	2	4056	4057	:
23	3	4058	4060	10
23	4	4061	4062	.
23	5	4063	4067	1007
23	6	4068	4069	/
23	7	4070	4076	s40261
23	8	4077	4078	-
23	9	4079	4082	013
23	10	4083	4084	-
23	11	4085	4089	0107
23	12	4090	4091	-
23	13	4092	4093	8
23	14	4094	4098	PMID
23	15	4099	4100	:
23	16	4101	4109	23949898
23	17	4110	4111	[
23	18	4112	4119	Indexed
23	19	4120	4123	for
23	20	4124	4131	MEDLINE
23	21	4132	4133	]
